# WaveFront *.obj file (generated by Autodesk ATF)

mtllib wheel-1.mtl

g Body1

v 9.662734 -3.139613 4.127500
v 9.095457 -4.527500 8.255000
v 8.959106 -4.483196 8.255000
v 9.421166 -3.061122 4.127500
v 9.095457 -4.527500 0.000000
v 8.959106 -4.483196 0.000000
v 8.723529 -5.208229 8.136835
v 9.383539 -3.895483 4.127500
v 9.172360 -3.826867 4.127500
v 8.723529 -5.208229 0.118165
v 8.723529 -5.208229 8.255000
v 8.723529 -5.208229 0.000000
v 8.219613 -5.971898 4.127500
v 7.251220 -7.116559 8.255000
v 7.135232 -7.032289 8.255000
v 8.014122 -5.822601 4.127500
v 7.251220 -7.116559 0.000000
v 7.135232 -7.032289 0.000000
v 6.687138 -7.649039 8.136835
v 7.720506 -6.604498 4.127500
v 7.540866 -6.473982 4.127500
v 6.687138 -7.649039 0.118165
v 6.687138 -7.649039 8.255000
v 6.687138 -7.649039 0.000000
v 5.971898 -8.219613 4.127500
v 4.697182 -9.009000 8.255000
v 4.612912 -8.893012 8.255000
v 5.822601 -8.014122 4.127500
v 4.697182 -9.009000 0.000000
v 4.612912 -8.893012 0.000000
v 3.996163 -9.341107 8.136835
v 5.301735 -8.667018 4.127500
v 5.171220 -8.487378 4.127500
v 3.996163 -9.341107 0.118165
v 3.996163 -9.341107 8.255000
v 3.996163 -9.341107 0.000000
v 3.139613 -9.662734 4.127500
v 1.683352 -10.019577 8.255000
v 1.639048 -9.883226 8.255000
v 3.061122 -9.421166 4.127500
v 1.683352 -10.019577 0.000000
v 1.639048 -9.883226 0.000000
v 0.914016 -10.118803 8.136835
v 2.363994 -9.881150 4.127500
v 2.295378 -9.669971 4.127500
v 0.914016 -10.118803 0.118165
v 0.914016 -10.118803 8.255000
v 0.914016 -10.118803 0.000000
v -0.000000 -10.160000 4.127500
v -1.495257 -10.049368 8.255000
v -1.495257 -9.906000 8.255000
v -0.000000 -9.906000 4.127500
v -1.495257 -10.049368 0.000000
v -1.495257 -9.906000 0.000000
v -2.257601 -9.906000 8.136835
v -0.805151 -10.128047 4.127500
v -0.805151 -9.906000 4.127500
v -2.257601 -9.906000 0.118165
v -2.257601 -9.906000 8.255000
v -2.257601 -9.906000 0.000000
v -3.139613 -9.662734 4.127500
v -4.527500 -9.095457 8.255000
v -4.483196 -8.959106 8.255000
v -3.061122 -9.421166 4.127500
v -4.527500 -9.095457 0.000000
v -4.483196 -8.959106 0.000000
v -5.208229 -8.723529 8.136835
v -3.895483 -9.383539 4.127500
v -3.826867 -9.172360 4.127500
v -5.208229 -8.723529 0.118165
v -5.208229 -8.723529 8.255000
v -5.208229 -8.723529 0.000000
v -5.971898 -8.219613 4.127500
v -7.116559 -7.251220 8.255000
v -7.032289 -7.135232 8.255000
v -5.822601 -8.014122 4.127500
v -7.116559 -7.251220 0.000000
v -7.032289 -7.135232 0.000000
v -7.649039 -6.687138 8.136835
v -6.604498 -7.720506 4.127500
v -6.473982 -7.540866 4.127500
v -7.649039 -6.687138 0.118165
v -7.649039 -6.687138 8.255000
v -7.649039 -6.687138 0.000000
v -8.219613 -5.971898 4.127500
v -9.009000 -4.697182 8.255000
v -8.893012 -4.612912 8.255000
v -8.014122 -5.822601 4.127500
v -9.009000 -4.697182 0.000000
v -8.893012 -4.612912 0.000000
v -9.341107 -3.996163 8.136835
v -8.667018 -5.301735 4.127500
v -8.487378 -5.171220 4.127500
v -9.341107 -3.996163 0.118165
v -9.341107 -3.996163 8.255000
v -9.341107 -3.996163 0.000000
v -9.662734 -3.139613 4.127500
v -10.019577 -1.683352 8.255000
v -9.883226 -1.639048 8.255000
v -9.421166 -3.061122 4.127500
v -10.019577 -1.683352 0.000000
v -9.883226 -1.639048 0.000000
v -10.118803 -0.914016 8.136835
v -9.881150 -2.363994 4.127500
v -9.669971 -2.295378 4.127500
v -10.118803 -0.914016 0.118165
v -10.118803 -0.914016 8.255000
v -10.118803 -0.914016 0.000000
v -10.160000 0.000000 4.127500
v -10.049368 1.495257 8.255000
v -9.906000 1.495257 8.255000
v -9.906000 0.000000 4.127500
v -10.049368 1.495257 0.000000
v -9.906000 1.495257 0.000000
v -9.906000 2.257601 8.136835
v -10.128047 0.805151 4.127500
v -9.906000 0.805151 4.127500
v -9.906000 2.257601 0.118165
v -9.906000 2.257601 8.255000
v -9.906000 2.257601 0.000000
v -9.662734 3.139613 4.127500
v -9.095457 4.527500 8.255000
v -8.959106 4.483196 8.255000
v -9.421166 3.061122 4.127500
v -9.095457 4.527500 0.000000
v -8.959106 4.483196 0.000000
v -8.723529 5.208229 8.136835
v -9.383539 3.895483 4.127500
v -9.172360 3.826867 4.127500
v -8.723529 5.208229 0.118165
v -8.723529 5.208229 8.255000
v -8.723529 5.208229 0.000000
v -8.219613 5.971898 4.127500
v -7.251220 7.116559 8.255000
v -7.135232 7.032289 8.255000
v -8.014122 5.822601 4.127500
v -7.251220 7.116559 0.000000
v -7.135232 7.032289 0.000000
v -6.687138 7.649039 8.136835
v -7.720506 6.604498 4.127500
v -7.540866 6.473982 4.127500
v -6.687138 7.649039 0.118165
v -6.687138 7.649039 8.255000
v -6.687138 7.649039 0.000000
v -5.971898 8.219613 4.127500
v -4.697182 9.009000 8.255000
v -4.612912 8.893012 8.255000
v -5.822601 8.014122 4.127500
v -4.697182 9.009000 0.000000
v -4.612912 8.893012 0.000000
v -3.996163 9.341107 8.136835
v -5.301735 8.667018 4.127500
v -5.171220 8.487378 4.127500
v -3.996163 9.341107 0.118165
v -3.996163 9.341107 8.255000
v -3.996163 9.341107 0.000000
v -3.139613 9.662734 4.127500
v -1.683352 10.019577 8.255000
v -1.639048 9.883226 8.255000
v -3.061122 9.421166 4.127500
v -1.683352 10.019577 0.000000
v -1.639048 9.883226 0.000000
v -0.914016 10.118803 8.136835
v -2.363994 9.881150 4.127500
v -2.295378 9.669971 4.127500
v -0.914016 10.118803 0.118165
v -0.914016 10.118803 8.255000
v -0.914016 10.118803 0.000000
v 0.000000 10.160000 4.127500
v 1.495257 10.049368 8.255000
v 1.495257 9.906000 8.255000
v 0.000000 9.906000 4.127500
v 1.495257 10.049368 0.000000
v 1.495257 9.906000 0.000000
v 2.257601 9.906000 8.136835
v 0.805151 10.128047 4.127500
v 0.805151 9.906000 4.127500
v 2.257601 9.906000 0.118165
v 2.257601 9.906000 8.255000
v 2.257601 9.906000 0.000000
v 3.139613 9.662734 4.127500
v 4.527500 9.095457 8.255000
v 4.483196 8.959106 8.255000
v 3.061122 9.421166 4.127500
v 4.527500 9.095457 0.000000
v 4.483196 8.959106 0.000000
v 5.208229 8.723529 8.136835
v 3.895483 9.383539 4.127500
v 3.826867 9.172360 4.127500
v 5.208229 8.723529 0.118165
v 5.208229 8.723529 8.255000
v 5.208229 8.723529 0.000000
v 5.971898 8.219613 4.127500
v 7.116559 7.251220 8.255000
v 7.032289 7.135232 8.255000
v 5.822601 8.014122 4.127500
v 7.116559 7.251220 0.000000
v 7.032289 7.135232 0.000000
v 7.649039 6.687138 8.136835
v 6.604498 7.720506 4.127500
v 6.473982 7.540866 4.127500
v 7.649039 6.687138 0.118165
v 7.649039 6.687138 8.255000
v 7.649039 6.687138 0.000000
v 8.219613 5.971898 4.127500
v 9.009000 4.697182 8.255000
v 8.893012 4.612912 8.255000
v 8.014122 5.822601 4.127500
v 9.009000 4.697182 0.000000
v 8.893012 4.612912 0.000000
v 9.341107 3.996163 8.136835
v 8.667018 5.301735 4.127500
v 8.487378 5.171220 4.127500
v 9.341107 3.996163 0.118165
v 9.341107 3.996163 8.255000
v 9.341107 3.996163 0.000000
v 9.662734 3.139613 4.127500
v 10.019577 1.683352 8.255000
v 9.883226 1.639048 8.255000
v 9.421166 3.061122 4.127500
v 10.019577 1.683352 0.000000
v 9.883226 1.639048 0.000000
v 10.118803 0.914016 8.136835
v 9.881150 2.363994 4.127500
v 9.669971 2.295378 4.127500
v 10.118803 0.914016 0.118165
v 10.118803 0.914016 8.255000
v 10.118803 0.914016 0.000000
v 9.425391 -3.793098 8.255000
v 9.696139 -3.034879 8.255000
v 9.906000 -2.257601 8.255000
v 9.906000 -1.495257 8.255000
v 10.049368 -1.495257 8.255000
v 10.136212 -0.694845 8.255000
v 10.159405 0.109931 8.255000
v 9.854829 2.471425 8.255000
v 9.628198 3.243979 8.255000
v 8.608787 5.395775 8.255000
v 8.154516 6.060484 8.255000
v 6.520057 7.791948 8.255000
v 5.882613 8.283747 8.255000
v 3.793098 9.425391 8.255000
v 3.034879 9.696139 8.255000
v 0.694845 10.136212 8.255000
v -0.109931 10.159405 8.255000
v -2.471425 9.854829 8.255000
v -3.243979 9.628198 8.255000
v -5.395775 8.608787 8.255000
v -6.060484 8.154516 8.255000
v -7.791948 6.520057 8.255000
v -8.283747 5.882613 8.255000
v -9.425391 3.793098 8.255000
v -9.696139 3.034879 8.255000
v -10.136212 0.694845 8.255000
v -10.159405 -0.109931 8.255000
v -9.854829 -2.471425 8.255000
v -9.628198 -3.243979 8.255000
v -8.608787 -5.395775 8.255000
v -8.154516 -6.060484 8.255000
v -6.520057 -7.791948 8.255000
v -5.882613 -8.283747 8.255000
v -3.793098 -9.425391 8.255000
v -3.034879 -9.696139 8.255000
v -0.694845 -10.136212 8.255000
v 0.109931 -10.159405 8.255000
v 2.471425 -9.854829 8.255000
v 3.243979 -9.628198 8.255000
v 5.395775 -8.608787 8.255000
v 6.060484 -8.154516 8.255000
v 7.791948 -6.520057 8.255000
v 8.283747 -5.882613 8.255000
v 6.499035 -7.136081 8.255000
v 5.956736 -7.594630 8.255000
v 5.382189 -8.012062 8.255000
v 4.778504 -8.386120 8.255000
v 4.499631 -6.768878 8.255000
v 4.685786 -6.641370 8.255000
v 4.868330 -6.508744 8.255000
v 5.047123 -6.371101 8.255000
v -9.452313 1.953174 8.255000
v -9.283112 2.642903 8.255000
v -9.063655 3.318323 8.255000
v -8.795129 3.975779 8.255000
v -7.618924 2.831321 8.255000
v -7.694580 2.618745 8.255000
v -7.764306 2.404151 8.255000
v -7.828048 2.187705 8.255000
v 6.900674 -6.748467 8.255000
v 5.482004 -6.001001 8.255000
v 6.238919 -5.209633 8.255000
v 6.882587 -4.323700 8.255000
v 7.401324 -3.359284 8.255000
v 8.550599 -4.477540 8.255000
v 8.075253 -5.286908 8.255000
v 7.523539 -6.046277 8.255000
v 4.778504 8.386120 8.255000
v 5.382189 8.012062 8.255000
v 5.956736 7.594630 8.255000
v 6.499035 7.136081 8.255000
v 5.047123 6.371101 8.255000
v 4.868330 6.508744 8.255000
v 4.685786 6.641370 8.255000
v 4.499631 6.768878 8.255000
v -6.900674 6.748467 8.255000
v -5.482004 6.001001 8.255000
v -6.238919 5.209633 8.255000
v -6.882587 4.323700 8.255000
v -7.401324 3.359284 8.255000
v -8.550599 4.477540 8.255000
v -8.075253 5.286908 8.255000
v -7.523539 6.046277 8.255000
v -6.499035 7.136081 8.255000
v -5.956736 7.594630 8.255000
v -5.382189 8.012062 8.255000
v -4.778504 8.386120 8.255000
v -4.499631 6.768878 8.255000
v -4.685786 6.641370 8.255000
v -4.868330 6.508744 8.255000
v -5.047123 6.371101 8.255000
v 8.795129 3.975779 8.255000
v 9.063655 3.318323 8.255000
v 9.283112 2.642903 8.255000
v 9.452313 1.953174 8.255000
v 7.828048 2.187705 8.255000
v 7.764306 2.404151 8.255000
v 7.694580 2.618745 8.255000
v 7.618924 2.831321 8.255000
v -9.549412 1.403510 8.255000
v -7.962334 1.632671 8.255000
v -8.109537 0.547537 8.255000
v -8.109537 -0.547537 8.255000
v -7.962334 -1.632671 8.255000
v -9.549412 -1.403510 8.255000
v -9.640583 -0.469316 8.255000
v -9.640583 0.469316 8.255000
v -8.795129 -3.975779 8.255000
v -9.063655 -3.318323 8.255000
v -9.283112 -2.642903 8.255000
v -9.452313 -1.953174 8.255000
v -7.828048 -2.187705 8.255000
v -7.764306 -2.404151 8.255000
v -7.694580 -2.618745 8.255000
v -7.618924 -2.831321 8.255000
v -4.778504 -8.386120 8.255000
v -5.382189 -8.012062 8.255000
v -5.956736 -7.594630 8.255000
v -6.499035 -7.136081 8.255000
v -5.047123 -6.371101 8.255000
v -4.868330 -6.508744 8.255000
v -4.685786 -6.641370 8.255000
v -4.499631 -6.768878 8.255000
v -4.285748 -8.648322 8.255000
v -4.013259 -7.068107 8.255000
v -3.026723 -7.543430 8.255000
v -1.985246 -7.881826 8.255000
v -0.907734 -8.077153 8.255000
v -1.616113 -9.515739 8.255000
v -2.532758 -9.313766 8.255000
v -3.425450 -9.023713 8.255000
v 1.063346 -9.593248 8.255000
v 0.355090 -9.645466 8.255000
v -0.355090 -9.645466 8.255000
v -1.063346 -9.593248 8.255000
v -0.338369 -8.120954 8.255000
v -0.112819 -8.127217 8.255000
v 0.112819 -8.127217 8.255000
v 0.338369 -8.120954 8.255000
v -7.620000 -0.000000 8.255000
v -7.504235 1.323199 8.255000
v -7.160458 2.606193 8.255000
v -6.599114 3.810000 8.255000
v -5.837259 4.898042 8.255000
v -4.898042 5.837259 8.255000
v -3.810000 6.599114 8.255000
v -2.606193 7.160458 8.255000
v -1.323199 7.504235 8.255000
v 0.000000 7.620000 8.255000
v 1.323199 7.504235 8.255000
v 2.606193 7.160458 8.255000
v 3.810000 6.599114 8.255000
v 4.898042 5.837259 8.255000
v 5.837259 4.898042 8.255000
v 6.599114 3.810000 8.255000
v 7.160458 2.606193 8.255000
v 7.504235 1.323199 8.255000
v 7.620000 0.000000 8.255000
v 7.504235 -1.323199 8.255000
v 7.160458 -2.606193 8.255000
v 6.599114 -3.810000 8.255000
v 5.837259 -4.898042 8.255000
v 4.898042 -5.837259 8.255000
v 3.810000 -6.599114 8.255000
v 2.606193 -7.160458 8.255000
v 1.323199 -7.504235 8.255000
v 0.000000 -7.620000 8.255000
v -1.323199 -7.504235 8.255000
v -2.606193 -7.160458 8.255000
v -3.810000 -6.599114 8.255000
v -4.898042 -5.837259 8.255000
v -5.837259 -4.898042 8.255000
v -6.599114 -3.810000 8.255000
v -7.160458 -2.606193 8.255000
v -7.504235 -1.323199 8.255000
v 1.616113 -9.515739 8.255000
v 0.907734 -8.077153 8.255000
v 1.985246 -7.881826 8.255000
v 3.026723 -7.543430 8.255000
v 4.013259 -7.068107 8.255000
v 4.285748 -8.648322 8.255000
v 3.425450 -9.023713 8.255000
v 2.532758 -9.313766 8.255000
v 9.549412 -1.403510 8.255000
v 7.962334 -1.632671 8.255000
v 8.109537 -0.547537 8.255000
v 8.109537 0.547537 8.255000
v 7.962334 1.632671 8.255000
v 9.549412 1.403510 8.255000
v 9.640583 0.469316 8.255000
v 9.640583 -0.469316 8.255000
v -1.616113 9.515739 8.255000
v -0.907734 8.077153 8.255000
v -1.985246 7.881826 8.255000
v -3.026723 7.543430 8.255000
v -4.013259 7.068107 8.255000
v -4.285748 8.648322 8.255000
v -3.425450 9.023713 8.255000
v -2.532758 9.313766 8.255000
v 9.452313 -1.953174 8.255000
v 9.283112 -2.642903 8.255000
v 9.063655 -3.318323 8.255000
v 8.795129 -3.975779 8.255000
v 7.618924 -2.831321 8.255000
v 7.694580 -2.618745 8.255000
v 7.764306 -2.404151 8.255000
v 7.828048 -2.187705 8.255000
v 0.338369 8.120954 8.255000
v 0.112819 8.127217 8.255000
v -0.112819 8.127217 8.255000
v -0.338369 8.120954 8.255000
v -1.063346 9.593248 8.255000
v -0.355090 9.645466 8.255000
v 0.355090 9.645466 8.255000
v 1.063346 9.593248 8.255000
v 8.550599 4.477540 8.255000
v 7.401324 3.359284 8.255000
v 6.882587 4.323700 8.255000
v 6.238919 5.209633 8.255000
v 5.482004 6.001001 8.255000
v 6.900674 6.748467 8.255000
v 7.523539 6.046277 8.255000
v 8.075253 5.286908 8.255000
v 1.616113 9.515739 8.255000
v 2.532758 9.313766 8.255000
v 3.425450 9.023713 8.255000
v 4.285748 8.648322 8.255000
v 4.013259 7.068107 8.255000
v 3.026723 7.543430 8.255000
v 1.985246 7.881826 8.255000
v 0.907734 8.077153 8.255000
v -8.550599 -4.477540 8.255000
v -7.401324 -3.359284 8.255000
v -6.882587 -4.323700 8.255000
v -6.238919 -5.209633 8.255000
v -5.482004 -6.001001 8.255000
v -6.900674 -6.748467 8.255000
v -7.523539 -6.046277 8.255000
v -8.075253 -5.286908 8.255000
v 0.000000 9.895135 8.255000
v 0.000000 8.120954 8.255000
v 9.425391 -3.793098 0.000000
v 9.696139 -3.034879 0.000000
v 9.906000 -2.257601 0.000000
v 9.906000 -2.257601 0.118165
v 10.128047 -0.805151 4.127500
v 9.906000 -2.257601 8.136835
v 10.160000 -0.000000 4.127500
v 10.049368 -1.495257 0.000000
v 10.136212 -0.694845 0.000000
v 10.159405 0.109931 0.000000
v 9.854829 2.471425 0.000000
v 9.628198 3.243979 0.000000
v 8.608787 5.395775 0.000000
v 8.154516 6.060484 0.000000
v 6.520057 7.791948 0.000000
v 5.882613 8.283747 0.000000
v 3.793098 9.425391 0.000000
v 3.034879 9.696139 0.000000
v 0.694845 10.136212 0.000000
v -0.109931 10.159405 0.000000
v -2.471425 9.854829 0.000000
v -3.243979 9.628198 0.000000
v -5.395775 8.608787 0.000000
v -6.060484 8.154516 0.000000
v -7.791948 6.520057 0.000000
v -8.283747 5.882613 0.000000
v -9.425391 3.793098 0.000000
v -9.696139 3.034879 0.000000
v -10.136212 0.694845 0.000000
v -10.159405 -0.109931 0.000000
v -9.854829 -2.471425 0.000000
v -9.628198 -3.243979 0.000000
v -8.608787 -5.395775 0.000000
v -8.154516 -6.060484 0.000000
v -6.520057 -7.791948 0.000000
v -5.882613 -8.283747 0.000000
v -3.793098 -9.425391 0.000000
v -3.034879 -9.696139 0.000000
v -0.694845 -10.136212 0.000000
v 0.109931 -10.159405 0.000000
v 2.471425 -9.854829 0.000000
v 3.243979 -9.628198 0.000000
v 5.395775 -8.608787 0.000000
v 6.060484 -8.154516 0.000000
v 8.283747 -5.882613 0.000000
v 7.791948 -6.520057 0.000000
v 9.906000 -1.495257 0.000000
v 4.778504 -8.386120 0.000000
v 5.382189 -8.012062 0.000000
v 5.956736 -7.594630 0.000000
v 6.499035 -7.136081 0.000000
v 5.047123 -6.371101 0.000000
v 4.868330 -6.508744 0.000000
v 4.685786 -6.641370 0.000000
v 4.499631 -6.768878 0.000000
v -8.795129 3.975779 0.000000
v -9.063655 3.318323 0.000000
v -9.283112 2.642903 0.000000
v -9.452313 1.953174 0.000000
v -7.828048 2.187705 0.000000
v -7.764306 2.404151 0.000000
v -7.694580 2.618745 0.000000
v -7.618924 2.831321 0.000000
v 5.482004 -6.001001 0.000000
v 6.900674 -6.748467 0.000000
v 7.523539 -6.046277 0.000000
v 8.075253 -5.286908 0.000000
v 8.550599 -4.477540 0.000000
v 7.401324 -3.359284 0.000000
v 6.882587 -4.323700 0.000000
v 6.238919 -5.209633 0.000000
v 6.499035 7.136081 0.000000
v 5.956736 7.594630 0.000000
v 5.382189 8.012062 0.000000
v 4.778504 8.386120 0.000000
v 4.499631 6.768878 0.000000
v 4.685786 6.641370 0.000000
v 4.868330 6.508744 0.000000
v 5.047123 6.371101 0.000000
v -5.482004 6.001001 0.000000
v -6.900674 6.748467 0.000000
v -7.523539 6.046277 0.000000
v -8.075253 5.286908 0.000000
v -8.550599 4.477540 0.000000
v -7.401324 3.359284 0.000000
v -6.882587 4.323700 0.000000
v -6.238919 5.209633 0.000000
v -4.778504 8.386120 0.000000
v -5.382189 8.012062 0.000000
v -5.956736 7.594630 0.000000
v -6.499035 7.136081 0.000000
v -5.047123 6.371101 0.000000
v -4.868330 6.508744 0.000000
v -4.685786 6.641370 0.000000
v -4.499631 6.768878 0.000000
v 9.452313 1.953174 0.000000
v 9.283112 2.642903 0.000000
v 9.063655 3.318323 0.000000
v 8.795129 3.975779 0.000000
v 7.618924 2.831321 0.000000
v 7.694580 2.618745 0.000000
v 7.764306 2.404151 0.000000
v 7.828048 2.187705 0.000000
v -7.962334 1.632671 0.000000
v -9.549412 1.403510 0.000000
v -9.640583 0.469316 0.000000
v -9.640583 -0.469316 0.000000
v -9.549412 -1.403510 0.000000
v -7.962334 -1.632671 0.000000
v -8.109537 -0.547537 0.000000
v -8.109537 0.547537 0.000000
v -9.452313 -1.953174 0.000000
v -9.283112 -2.642903 0.000000
v -9.063655 -3.318323 0.000000
v -8.795129 -3.975779 0.000000
v -7.618924 -2.831321 0.000000
v -7.694580 -2.618745 0.000000
v -7.764306 -2.404151 0.000000
v -7.828048 -2.187705 0.000000
v -6.499035 -7.136081 0.000000
v -5.956736 -7.594630 0.000000
v -5.382189 -8.012062 0.000000
v -4.778504 -8.386120 0.000000
v -4.499631 -6.768878 0.000000
v -4.685786 -6.641370 0.000000
v -4.868330 -6.508744 0.000000
v -5.047123 -6.371101 0.000000
v -4.013259 -7.068107 0.000000
v -4.285748 -8.648322 0.000000
v -3.425450 -9.023713 0.000000
v -2.532758 -9.313766 0.000000
v -1.616113 -9.515739 0.000000
v -0.907734 -8.077153 0.000000
v -1.985246 -7.881826 0.000000
v -3.026723 -7.543430 0.000000
v -1.063346 -9.593248 0.000000
v -0.355090 -9.645466 0.000000
v 0.355090 -9.645466 0.000000
v 1.063346 -9.593248 0.000000
v 0.338369 -8.120954 0.000000
v 0.112819 -8.127217 0.000000
v -0.112819 -8.127217 0.000000
v -0.338369 -8.120954 0.000000
v -7.620000 -0.000000 0.000000
v -7.504235 -1.323199 0.000000
v -7.160458 -2.606193 0.000000
v -6.599114 -3.810000 0.000000
v -5.837259 -4.898042 0.000000
v -4.898042 -5.837259 0.000000
v -3.810000 -6.599114 0.000000
v -2.606193 -7.160458 0.000000
v -1.323199 -7.504235 0.000000
v 0.000000 -7.620000 0.000000
v 1.323199 -7.504235 0.000000
v 2.606193 -7.160458 0.000000
v 3.810000 -6.599114 0.000000
v 4.898042 -5.837259 0.000000
v 5.837259 -4.898042 0.000000
v 6.599114 -3.810000 0.000000
v 7.160458 -2.606193 0.000000
v 7.504235 -1.323199 0.000000
v 7.620000 0.000000 0.000000
v 7.504235 1.323199 0.000000
v 7.160458 2.606193 0.000000
v 6.599114 3.810000 0.000000
v 5.837259 4.898042 0.000000
v 4.898042 5.837259 0.000000
v 3.810000 6.599114 0.000000
v 2.606193 7.160458 0.000000
v 1.323199 7.504235 0.000000
v 0.000000 7.620000 0.000000
v -1.323199 7.504235 0.000000
v -2.606193 7.160458 0.000000
v -3.810000 6.599114 0.000000
v -4.898042 5.837259 0.000000
v -5.837259 4.898042 0.000000
v -6.599114 3.810000 0.000000
v -7.160458 2.606193 0.000000
v -7.504235 1.323199 0.000000
v 0.907734 -8.077153 0.000000
v 1.616113 -9.515739 0.000000
v 2.532758 -9.313766 0.000000
v 3.425450 -9.023713 0.000000
v 4.285748 -8.648322 0.000000
v 4.013259 -7.068107 0.000000
v 3.026723 -7.543430 0.000000
v 1.985246 -7.881826 0.000000
v 7.962334 -1.632671 0.000000
v 9.549412 -1.403510 0.000000
v 9.640583 -0.469316 0.000000
v 9.640583 0.469316 0.000000
v 9.549412 1.403510 0.000000
v 7.962334 1.632671 0.000000
v 8.109537 0.547537 0.000000
v 8.109537 -0.547537 0.000000
v -0.907734 8.077153 0.000000
v -1.616113 9.515739 0.000000
v -2.532758 9.313766 0.000000
v -3.425450 9.023713 0.000000
v -4.285748 8.648322 0.000000
v -4.013259 7.068107 0.000000
v -3.026723 7.543430 0.000000
v -1.985246 7.881826 0.000000
v 8.795129 -3.975779 0.000000
v 9.063655 -3.318323 0.000000
v 9.283112 -2.642903 0.000000
v 9.452313 -1.953174 0.000000
v 7.828048 -2.187705 0.000000
v 7.764306 -2.404151 0.000000
v 7.694580 -2.618745 0.000000
v 7.618924 -2.831321 0.000000
v -0.338369 8.120954 0.000000
v -0.112819 8.127217 0.000000
v 0.112819 8.127217 0.000000
v 0.338369 8.120954 0.000000
v 1.063346 9.593248 0.000000
v 0.355090 9.645466 0.000000
v -0.355090 9.645466 0.000000
v -1.063346 9.593248 0.000000
v 7.401324 3.359284 0.000000
v 8.550599 4.477540 0.000000
v 8.075253 5.286908 0.000000
v 7.523539 6.046277 0.000000
v 6.900674 6.748467 0.000000
v 5.482004 6.001001 0.000000
v 6.238919 5.209633 0.000000
v 6.882587 4.323700 0.000000
v 4.285748 8.648322 0.000000
v 3.425450 9.023713 0.000000
v 2.532758 9.313766 0.000000
v 1.616113 9.515739 0.000000
v 0.907734 8.077153 0.000000
v 1.985246 7.881826 0.000000
v 3.026723 7.543430 0.000000
v 4.013259 7.068107 0.000000
v -7.401324 -3.359284 0.000000
v -8.550599 -4.477540 0.000000
v -8.075253 -5.286908 0.000000
v -7.523539 -6.046277 0.000000
v -6.900674 -6.748467 0.000000
v -5.482004 -6.001001 0.000000
v -6.238919 -5.209633 0.000000
v -6.882587 -4.323700 0.000000
v 0.000000 -9.650774 0.000000
v 0.000000 8.120954 0.000000
v 9.906000 -0.000000 4.127500
v 9.906000 -0.805151 4.127500
v 7.620000 -0.000000 7.620000
v 7.504235 -1.323199 7.620000
v 7.160458 -2.606193 7.620000
v 6.599114 -3.810000 7.620000
v 5.837259 -4.898042 7.620000
v 4.898042 -5.837259 7.620000
v 3.810000 -6.599114 7.620000
v 2.606193 -7.160458 7.620000
v 1.323199 -7.504235 7.620000
v 0.000000 -7.620000 7.620000
v -1.323199 -7.504235 7.620000
v -2.606193 -7.160458 7.620000
v -3.810000 -6.599114 7.620000
v -4.898042 -5.837259 7.620000
v -5.837259 -4.898042 7.620000
v -6.599114 -3.810000 7.620000
v -7.160458 -2.606193 7.620000
v -7.504235 -1.323199 7.620000
v -7.620000 -0.000000 7.620000
v -7.504235 1.323199 7.620000
v -7.160458 2.606193 7.620000
v -6.599114 3.810000 7.620000
v -5.837259 4.898042 7.620000
v -4.898042 5.837259 7.620000
v -3.810000 6.599114 7.620000
v -2.606193 7.160458 7.620000
v -1.323199 7.504235 7.620000
v 0.000000 7.620000 7.620000
v 1.323199 7.504235 7.620000
v 2.606193 7.160458 7.620000
v 3.810000 6.599114 7.620000
v 4.898042 5.837259 7.620000
v 5.837259 4.898042 7.620000
v 6.599114 3.810000 7.620000
v 7.160458 2.606193 7.620000
v 7.504235 1.323199 7.620000
v 0.250000 -6.985000 7.620000
v 0.241481 -6.920295 7.620000
v 0.216506 -6.860000 7.620000
v 0.176777 -6.808224 7.620000
v 0.125000 -6.768494 7.620000
v 0.064705 -6.743519 7.620000
v 0.000000 -6.735000 7.620000
v -0.064705 -6.743519 7.620000
v -0.125000 -6.768494 7.620000
v -0.176777 -6.808224 7.620000
v -0.216506 -6.860000 7.620000
v -0.241481 -6.920295 7.620000
v -0.250000 -6.985000 7.620000
v -0.241481 -7.049705 7.620000
v -0.216506 -7.110000 7.620000
v -0.176777 -7.161777 7.620000
v -0.125000 -7.201507 7.620000
v -0.064705 -7.226482 7.620000
v 0.000000 -7.235000 7.620000
v 0.064705 -7.226482 7.620000
v 0.125000 -7.201507 7.620000
v 0.176777 -7.161777 7.620000
v 0.216506 -7.110000 7.620000
v 0.241481 -7.049705 7.620000
v 0.250000 -6.985000 6.985000
v 0.241481 -7.049705 6.985000
v 0.216506 -7.110000 6.985000
v 0.176777 -7.161777 6.985000
v 0.125000 -7.201507 6.985000
v 0.064705 -7.226482 6.985000
v 0.000000 -7.235000 6.985000
v -0.064705 -7.226482 6.985000
v -0.125000 -7.201507 6.985000
v -0.176777 -7.161777 6.985000
v -0.216506 -7.110000 6.985000
v -0.241481 -7.049705 6.985000
v -0.250000 -6.985000 6.985000
v -0.241481 -6.920295 6.985000
v -0.216506 -6.860000 6.985000
v -0.176777 -6.808224 6.985000
v -0.125000 -6.768494 6.985000
v -0.064705 -6.743519 6.985000
v 0.000000 -6.735000 6.985000
v 0.064705 -6.743519 6.985000
v 0.125000 -6.768494 6.985000
v 0.176777 -6.808224 6.985000
v 0.216506 -6.860000 6.985000
v 0.241481 -6.920295 6.985000
v -6.735000 -0.000000 7.620000
v -6.743519 0.064705 7.620000
v -6.768494 0.125000 7.620000
v -6.808224 0.176777 7.620000
v -6.860000 0.216506 7.620000
v -6.920295 0.241481 7.620000
v -6.985000 0.250000 7.620000
v -7.049705 0.241481 7.620000
v -7.110000 0.216506 7.620000
v -7.161777 0.176777 7.620000
v -7.201507 0.125000 7.620000
v -7.226482 0.064705 7.620000
v -7.235000 -0.000000 7.620000
v -7.226482 -0.064705 7.620000
v -7.201507 -0.125000 7.620000
v -7.161777 -0.176777 7.620000
v -7.110000 -0.216506 7.620000
v -7.049705 -0.241481 7.620000
v -6.985000 -0.250000 7.620000
v -6.920295 -0.241481 7.620000
v -6.860000 -0.216506 7.620000
v -6.808224 -0.176777 7.620000
v -6.768494 -0.125000 7.620000
v -6.743519 -0.064705 7.620000
v -6.735000 -0.000000 6.985000
v -6.743519 -0.064705 6.985000
v -6.768494 -0.125000 6.985000
v -6.808224 -0.176777 6.985000
v -6.860000 -0.216506 6.985000
v -6.920295 -0.241481 6.985000
v -6.985000 -0.250000 6.985000
v -7.049705 -0.241481 6.985000
v -7.110000 -0.216506 6.985000
v -7.161777 -0.176777 6.985000
v -7.201507 -0.125000 6.985000
v -7.226482 -0.064705 6.985000
v -7.235000 -0.000000 6.985000
v -7.226482 0.064705 6.985000
v -7.201507 0.125000 6.985000
v -7.161777 0.176777 6.985000
v -7.110000 0.216506 6.985000
v -7.049705 0.241481 6.985000
v -6.985000 0.250000 6.985000
v -6.920295 0.241481 6.985000
v -6.860000 0.216506 6.985000
v -6.808224 0.176777 6.985000
v -6.768494 0.125000 6.985000
v -6.743519 0.064705 6.985000
v 6.350000 -0.000000 7.620000
v 6.235247 1.201745 7.620000
v 5.895136 2.360057 7.620000
v 5.341960 3.433069 7.620000
v 4.595711 4.382002 7.620000
v 3.683361 5.172557 7.620000
v 2.637885 5.776163 7.620000
v 1.497069 6.171003 7.620000
v 0.302145 6.342808 7.620000
v -0.903699 6.285366 7.620000
v -2.076882 6.000755 7.620000
v -3.175000 5.499261 7.620000
v -4.158366 4.799010 7.620000
v -4.991437 3.925310 7.620000
v -5.644105 2.909738 7.620000
v -6.092780 1.789002 7.620000
v -6.321247 0.603606 7.620000
v -6.321247 -0.603606 7.620000
v -6.092780 -1.789002 7.620000
v -5.644105 -2.909738 7.620000
v -4.991437 -3.925310 7.620000
v -4.158366 -4.799010 7.620000
v -3.175000 -5.499261 7.620000
v -2.076882 -6.000755 7.620000
v -0.903699 -6.285366 7.620000
v 0.302145 -6.342808 7.620000
v 1.497069 -6.171003 7.620000
v 2.637885 -5.776163 7.620000
v 3.683361 -5.172557 7.620000
v 4.595711 -4.382002 7.620000
v 5.341960 -3.433069 7.620000
v 5.895136 -2.360057 7.620000
v 6.235247 -1.201745 7.620000
v 6.350000 -0.000000 6.985000
v 6.235247 -1.201745 6.985000
v 5.895136 -2.360057 6.985000
v 5.341960 -3.433069 6.985000
v 4.595711 -4.382002 6.985000
v 3.683361 -5.172557 6.985000
v 2.637885 -5.776163 6.985000
v 1.497069 -6.171003 6.985000
v 0.302145 -6.342808 6.985000
v -0.903699 -6.285366 6.985000
v -2.076882 -6.000755 6.985000
v -3.175000 -5.499261 6.985000
v -4.158366 -4.799010 6.985000
v -4.991437 -3.925310 6.985000
v -5.644105 -2.909738 6.985000
v -6.092780 -1.789002 6.985000
v -6.321247 -0.603606 6.985000
v -6.321247 0.603606 6.985000
v -6.092780 1.789002 6.985000
v -5.644105 2.909738 6.985000
v -4.991437 3.925310 6.985000
v -4.158366 4.799010 6.985000
v -3.175000 5.499261 6.985000
v -2.076882 6.000755 6.985000
v -0.903699 6.285366 6.985000
v 0.302145 6.342808 6.985000
v 1.497069 6.171003 6.985000
v 2.637885 5.776163 6.985000
v 3.683361 5.172557 6.985000
v 4.595711 4.382002 6.985000
v 5.341960 3.433069 6.985000
v 5.895136 2.360057 6.985000
v 6.235247 1.201745 6.985000
v 7.235000 -0.000000 7.620000
v 7.226482 0.064705 7.620000
v 7.201507 0.125000 7.620000
v 7.161777 0.176777 7.620000
v 7.110000 0.216506 7.620000
v 7.049705 0.241481 7.620000
v 6.985000 0.250000 7.620000
v 6.920295 0.241481 7.620000
v 6.860000 0.216506 7.620000
v 6.808224 0.176777 7.620000
v 6.768494 0.125000 7.620000
v 6.743519 0.064705 7.620000
v 6.735000 -0.000000 7.620000
v 6.743519 -0.064705 7.620000
v 6.768494 -0.125000 7.620000
v 6.808224 -0.176777 7.620000
v 6.860000 -0.216506 7.620000
v 6.920295 -0.241481 7.620000
v 6.985000 -0.250000 7.620000
v 7.049705 -0.241481 7.620000
v 7.110000 -0.216506 7.620000
v 7.161777 -0.176777 7.620000
v 7.201507 -0.125000 7.620000
v 7.226482 -0.064705 7.620000
v 7.235000 -0.000000 6.985000
v 7.226482 -0.064705 6.985000
v 7.201507 -0.125000 6.985000
v 7.161777 -0.176777 6.985000
v 7.110000 -0.216506 6.985000
v 7.049705 -0.241481 6.985000
v 6.985000 -0.250000 6.985000
v 6.920295 -0.241481 6.985000
v 6.860000 -0.216506 6.985000
v 6.808224 -0.176777 6.985000
v 6.768494 -0.125000 6.985000
v 6.743519 -0.064705 6.985000
v 6.735000 -0.000000 6.985000
v 6.743519 0.064705 6.985000
v 6.768494 0.125000 6.985000
v 6.808224 0.176777 6.985000
v 6.860000 0.216506 6.985000
v 6.920295 0.241481 6.985000
v 6.985000 0.250000 6.985000
v 7.049705 0.241481 6.985000
v 7.110000 0.216506 6.985000
v 7.161777 0.176777 6.985000
v 7.201507 0.125000 6.985000
v 7.226482 0.064705 6.985000
v 0.250000 6.985000 7.620000
v 0.241481 7.049705 7.620000
v 0.216506 7.110000 7.620000
v 0.176777 7.161777 7.620000
v 0.125000 7.201507 7.620000
v 0.064705 7.226482 7.620000
v -0.000000 7.235000 7.620000
v -0.064705 7.226482 7.620000
v -0.125000 7.201507 7.620000
v -0.176777 7.161777 7.620000
v -0.216506 7.110000 7.620000
v -0.241481 7.049705 7.620000
v -0.250000 6.985000 7.620000
v -0.241481 6.920295 7.620000
v -0.216506 6.860000 7.620000
v -0.176777 6.808224 7.620000
v -0.125000 6.768494 7.620000
v -0.064705 6.743519 7.620000
v -0.000000 6.735000 7.620000
v 0.064705 6.743519 7.620000
v 0.125000 6.768494 7.620000
v 0.176777 6.808224 7.620000
v 0.216506 6.860000 7.620000
v 0.241481 6.920295 7.620000
v 0.250000 6.985000 6.985000
v 0.241481 6.920295 6.985000
v 0.216506 6.860000 6.985000
v 0.176777 6.808224 6.985000
v 0.125000 6.768494 6.985000
v 0.064705 6.743519 6.985000
v -0.000000 6.735000 6.985000
v -0.064705 6.743519 6.985000
v -0.125000 6.768494 6.985000
v -0.176777 6.808224 6.985000
v -0.216506 6.860000 6.985000
v -0.241481 6.920295 6.985000
v -0.250000 6.985000 6.985000
v -0.241481 7.049705 6.985000
v -0.216506 7.110000 6.985000
v -0.176777 7.161777 6.985000
v -0.125000 7.201507 6.985000
v -0.064705 7.226482 6.985000
v -0.000000 7.235000 6.985000
v 0.064705 7.226482 6.985000
v 0.125000 7.201507 6.985000
v 0.176777 7.161777 6.985000
v 0.216506 7.110000 6.985000
v 0.241481 7.049705 6.985000
v -7.620000 -0.000000 6.985000
v -7.504235 1.323199 6.985000
v -7.160458 2.606193 6.985000
v -6.599114 3.810000 6.985000
v -5.837259 4.898042 6.985000
v -4.898042 5.837259 6.985000
v -3.810000 6.599114 6.985000
v -2.606193 7.160458 6.985000
v -1.323199 7.504235 6.985000
v 0.000000 7.620000 6.985000
v 1.323199 7.504235 6.985000
v 2.606193 7.160458 6.985000
v 3.810000 6.599114 6.985000
v 4.898042 5.837259 6.985000
v 5.837259 4.898042 6.985000
v 6.599114 3.810000 6.985000
v 7.160458 2.606193 6.985000
v 7.504235 1.323199 6.985000
v 7.620000 0.000000 6.985000
v 7.504235 -1.323199 6.985000
v 7.160458 -2.606193 6.985000
v 6.599114 -3.810000 6.985000
v 5.837259 -4.898042 6.985000
v 4.898042 -5.837259 6.985000
v 3.810000 -6.599114 6.985000
v 2.606193 -7.160458 6.985000
v 1.323199 -7.504235 6.985000
v 0.000000 -7.620000 6.985000
v -1.323199 -7.504235 6.985000
v -2.606193 -7.160458 6.985000
v -3.810000 -6.599114 6.985000
v -4.898042 -5.837259 6.985000
v -5.837259 -4.898042 6.985000
v -6.599114 -3.810000 6.985000
v -7.160458 -2.606193 6.985000
v -7.504235 -1.323199 6.985000
v 7.620000 0.000000 1.270000
v 7.504235 -1.323199 1.270000
v 7.160458 -2.606193 1.270000
v 6.599114 -3.810000 1.270000
v 5.837259 -4.898042 1.270000
v 4.898042 -5.837259 1.270000
v 3.810000 -6.599114 1.270000
v 2.606193 -7.160458 1.270000
v 1.323199 -7.504235 1.270000
v -0.000000 -7.620000 1.270000
v -1.323199 -7.504235 1.270000
v -2.606193 -7.160458 1.270000
v -3.810000 -6.599114 1.270000
v -4.898042 -5.837259 1.270000
v -5.837259 -4.898042 1.270000
v -6.599114 -3.810000 1.270000
v -7.160458 -2.606193 1.270000
v -7.504235 -1.323199 1.270000
v -7.620000 0.000000 1.270000
v -7.504235 1.323199 1.270000
v -7.160458 2.606193 1.270000
v -6.599114 3.810000 1.270000
v -5.837259 4.898042 1.270000
v -4.898042 5.837259 1.270000
v -3.810000 6.599114 1.270000
v -2.606193 7.160458 1.270000
v -1.323199 7.504235 1.270000
v -0.000000 7.620000 1.270000
v 1.323199 7.504235 1.270000
v 2.606193 7.160458 1.270000
v 3.810000 6.599114 1.270000
v 4.898042 5.837259 1.270000
v 5.837259 4.898042 1.270000
v 6.599114 3.810000 1.270000
v 7.160458 2.606193 1.270000
v 7.504235 1.323199 1.270000
v 6.350000 0.000000 1.270000
v 6.235247 1.201745 1.270000
v 5.895136 2.360057 1.270000
v 5.341960 3.433069 1.270000
v 4.595711 4.382002 1.270000
v 3.683361 5.172557 1.270000
v 2.637885 5.776163 1.270000
v 1.497069 6.171003 1.270000
v 0.302145 6.342808 1.270000
v -0.903699 6.285366 1.270000
v -2.076882 6.000755 1.270000
v -3.175000 5.499261 1.270000
v -4.158366 4.799010 1.270000
v -4.991437 3.925310 1.270000
v -5.644105 2.909738 1.270000
v -6.092780 1.789002 1.270000
v -6.321247 0.603606 1.270000
v -6.321247 -0.603606 1.270000
v -6.092780 -1.789002 1.270000
v -5.644105 -2.909738 1.270000
v -4.991437 -3.925310 1.270000
v -4.158366 -4.799010 1.270000
v -3.175000 -5.499261 1.270000
v -2.076882 -6.000755 1.270000
v -0.903699 -6.285366 1.270000
v 0.302145 -6.342808 1.270000
v 1.497069 -6.171003 1.270000
v 2.637885 -5.776163 1.270000
v 3.683361 -5.172557 1.270000
v 4.595711 -4.382002 1.270000
v 5.341960 -3.433069 1.270000
v 5.895136 -2.360057 1.270000
v 6.235247 -1.201745 1.270000
v 6.350000 0.000000 0.635000
v 6.235247 -1.201745 0.635000
v 5.895136 -2.360057 0.635000
v 5.341960 -3.433069 0.635000
v 4.595711 -4.382002 0.635000
v 3.683361 -5.172557 0.635000
v 2.637885 -5.776163 0.635000
v 1.497069 -6.171003 0.635000
v 0.302145 -6.342808 0.635000
v -0.903699 -6.285366 0.635000
v -2.076882 -6.000755 0.635000
v -3.175000 -5.499261 0.635000
v -4.158366 -4.799010 0.635000
v -4.991437 -3.925310 0.635000
v -5.644105 -2.909738 0.635000
v -6.092780 -1.789002 0.635000
v -6.321247 -0.603606 0.635000
v -6.321247 0.603606 0.635000
v -6.092780 1.789002 0.635000
v -5.644105 2.909738 0.635000
v -4.991437 3.925310 0.635000
v -4.158366 4.799010 0.635000
v -3.175000 5.499261 0.635000
v -2.076882 6.000755 0.635000
v -0.903699 6.285366 0.635000
v 0.302145 6.342808 0.635000
v 1.497069 6.171003 0.635000
v 2.637885 5.776163 0.635000
v 3.683361 5.172557 0.635000
v 4.595711 4.382002 0.635000
v 5.341960 3.433069 0.635000
v 5.895136 2.360057 0.635000
v 6.235247 1.201745 0.635000
v 7.235000 -0.000000 1.270000
v 7.226482 0.064705 1.270000
v 7.201507 0.125000 1.270000
v 7.161777 0.176777 1.270000
v 7.110000 0.216506 1.270000
v 7.049705 0.241481 1.270000
v 6.985000 0.250000 1.270000
v 6.920295 0.241481 1.270000
v 6.860000 0.216506 1.270000
v 6.808224 0.176777 1.270000
v 6.768494 0.125000 1.270000
v 6.743519 0.064705 1.270000
v 6.735000 -0.000000 1.270000
v 6.743519 -0.064705 1.270000
v 6.768494 -0.125000 1.270000
v 6.808224 -0.176777 1.270000
v 6.860000 -0.216506 1.270000
v 6.920295 -0.241481 1.270000
v 6.985000 -0.250000 1.270000
v 7.049705 -0.241481 1.270000
v 7.110000 -0.216506 1.270000
v 7.161777 -0.176777 1.270000
v 7.201507 -0.125000 1.270000
v 7.226482 -0.064705 1.270000
v 7.235000 -0.000000 0.635000
v 7.226482 -0.064705 0.635000
v 7.201507 -0.125000 0.635000
v 7.161777 -0.176777 0.635000
v 7.110000 -0.216506 0.635000
v 7.049705 -0.241481 0.635000
v 6.985000 -0.250000 0.635000
v 6.920295 -0.241481 0.635000
v 6.860000 -0.216506 0.635000
v 6.808224 -0.176777 0.635000
v 6.768494 -0.125000 0.635000
v 6.743519 -0.064705 0.635000
v 6.735000 -0.000000 0.635000
v 6.743519 0.064705 0.635000
v 6.768494 0.125000 0.635000
v 6.808224 0.176777 0.635000
v 6.860000 0.216506 0.635000
v 6.920295 0.241481 0.635000
v 6.985000 0.250000 0.635000
v 7.049705 0.241481 0.635000
v 7.110000 0.216506 0.635000
v 7.161777 0.176777 0.635000
v 7.201507 0.125000 0.635000
v 7.226482 0.064705 0.635000
v 0.250000 6.985000 1.270000
v 0.241481 7.049705 1.270000
v 0.216506 7.110000 1.270000
v 0.176777 7.161777 1.270000
v 0.125000 7.201507 1.270000
v 0.064705 7.226482 1.270000
v -0.000000 7.235000 1.270000
v -0.064705 7.226482 1.270000
v -0.125000 7.201507 1.270000
v -0.176777 7.161777 1.270000
v -0.216506 7.110000 1.270000
v -0.241481 7.049705 1.270000
v -0.250000 6.985000 1.270000
v -0.241481 6.920295 1.270000
v -0.216506 6.860000 1.270000
v -0.176777 6.808224 1.270000
v -0.125000 6.768494 1.270000
v -0.064705 6.743519 1.270000
v -0.000000 6.735000 1.270000
v 0.064705 6.743519 1.270000
v 0.125000 6.768494 1.270000
v 0.176777 6.808224 1.270000
v 0.216506 6.860000 1.270000
v 0.241481 6.920295 1.270000
v 0.250000 6.985000 0.635000
v 0.241481 6.920295 0.635000
v 0.216506 6.860000 0.635000
v 0.176777 6.808224 0.635000
v 0.125000 6.768494 0.635000
v 0.064705 6.743519 0.635000
v -0.000000 6.735000 0.635000
v -0.064705 6.743519 0.635000
v -0.125000 6.768494 0.635000
v -0.176777 6.808224 0.635000
v -0.216506 6.860000 0.635000
v -0.241481 6.920295 0.635000
v -0.250000 6.985000 0.635000
v -0.241481 7.049705 0.635000
v -0.216506 7.110000 0.635000
v -0.176777 7.161777 0.635000
v -0.125000 7.201507 0.635000
v -0.064705 7.226482 0.635000
v -0.000000 7.235000 0.635000
v 0.064705 7.226482 0.635000
v 0.125000 7.201507 0.635000
v 0.176777 7.161777 0.635000
v 0.216506 7.110000 0.635000
v 0.241481 7.049705 0.635000
v -6.735000 0.000000 1.270000
v -6.743519 0.064705 1.270000
v -6.768494 0.125000 1.270000
v -6.808224 0.176777 1.270000
v -6.860000 0.216506 1.270000
v -6.920295 0.241481 1.270000
v -6.985000 0.250000 1.270000
v -7.049705 0.241481 1.270000
v -7.110000 0.216506 1.270000
v -7.161777 0.176777 1.270000
v -7.201507 0.125000 1.270000
v -7.226482 0.064705 1.270000
v -7.235000 0.000000 1.270000
v -7.226482 -0.064705 1.270000
v -7.201507 -0.125000 1.270000
v -7.161777 -0.176777 1.270000
v -7.110000 -0.216506 1.270000
v -7.049705 -0.241481 1.270000
v -6.985000 -0.250000 1.270000
v -6.920295 -0.241481 1.270000
v -6.860000 -0.216506 1.270000
v -6.808224 -0.176777 1.270000
v -6.768494 -0.125000 1.270000
v -6.743519 -0.064705 1.270000
v -6.735000 0.000000 0.635000
v -6.743519 -0.064705 0.635000
v -6.768494 -0.125000 0.635000
v -6.808224 -0.176777 0.635000
v -6.860000 -0.216506 0.635000
v -6.920295 -0.241481 0.635000
v -6.985000 -0.250000 0.635000
v -7.049705 -0.241481 0.635000
v -7.110000 -0.216506 0.635000
v -7.161777 -0.176777 0.635000
v -7.201507 -0.125000 0.635000
v -7.226482 -0.064705 0.635000
v -7.235000 0.000000 0.635000
v -7.226482 0.064705 0.635000
v -7.201507 0.125000 0.635000
v -7.161777 0.176777 0.635000
v -7.110000 0.216506 0.635000
v -7.049705 0.241481 0.635000
v -6.985000 0.250000 0.635000
v -6.920295 0.241481 0.635000
v -6.860000 0.216506 0.635000
v -6.808224 0.176777 0.635000
v -6.768494 0.125000 0.635000
v -6.743519 0.064705 0.635000
v 0.250000 -6.985000 1.270000
v 0.241481 -6.920295 1.270000
v 0.216506 -6.860000 1.270000
v 0.176777 -6.808224 1.270000
v 0.125000 -6.768494 1.270000
v 0.064705 -6.743519 1.270000
v -0.000000 -6.735000 1.270000
v -0.064705 -6.743519 1.270000
v -0.125000 -6.768494 1.270000
v -0.176777 -6.808224 1.270000
v -0.216506 -6.860000 1.270000
v -0.241481 -6.920295 1.270000
v -0.250000 -6.985000 1.270000
v -0.241481 -7.049705 1.270000
v -0.216506 -7.110000 1.270000
v -0.176777 -7.161777 1.270000
v -0.125000 -7.201507 1.270000
v -0.064705 -7.226482 1.270000
v -0.000000 -7.235000 1.270000
v 0.064705 -7.226482 1.270000
v 0.125000 -7.201507 1.270000
v 0.176777 -7.161777 1.270000
v 0.216506 -7.110000 1.270000
v 0.241481 -7.049705 1.270000
v 0.250000 -6.985000 0.635000
v 0.241481 -7.049705 0.635000
v 0.216506 -7.110000 0.635000
v 0.176777 -7.161777 0.635000
v 0.125000 -7.201507 0.635000
v 0.064705 -7.226482 0.635000
v -0.000000 -7.235000 0.635000
v -0.064705 -7.226482 0.635000
v -0.125000 -7.201507 0.635000
v -0.176777 -7.161777 0.635000
v -0.216506 -7.110000 0.635000
v -0.241481 -7.049705 0.635000
v -0.250000 -6.985000 0.635000
v -0.241481 -6.920295 0.635000
v -0.216506 -6.860000 0.635000
v -0.176777 -6.808224 0.635000
v -0.125000 -6.768494 0.635000
v -0.064705 -6.743519 0.635000
v -0.000000 -6.735000 0.635000
v 0.064705 -6.743519 0.635000
v 0.125000 -6.768494 0.635000
v 0.176777 -6.808224 0.635000
v 0.216506 -6.860000 0.635000
v 0.241481 -6.920295 0.635000
v -7.620000 -0.000000 0.635000
v -7.504235 1.323199 0.635000
v -7.160458 2.606193 0.635000
v -6.599114 3.810000 0.635000
v -5.837259 4.898042 0.635000
v -4.898042 5.837259 0.635000
v -3.810000 6.599114 0.635000
v -2.606193 7.160458 0.635000
v -1.323199 7.504235 0.635000
v 0.000000 7.620000 0.635000
v 1.323199 7.504235 0.635000
v 2.606193 7.160458 0.635000
v 3.810000 6.599114 0.635000
v 4.898042 5.837259 0.635000
v 5.837259 4.898042 0.635000
v 6.599114 3.810000 0.635000
v 7.160458 2.606193 0.635000
v 7.504235 1.323199 0.635000
v 7.620000 0.000000 0.635000
v 7.504235 -1.323199 0.635000
v 7.160458 -2.606193 0.635000
v 6.599114 -3.810000 0.635000
v 5.837259 -4.898042 0.635000
v 4.898042 -5.837259 0.635000
v 3.810000 -6.599114 0.635000
v 2.606193 -7.160458 0.635000
v 1.323199 -7.504235 0.635000
v 0.000000 -7.620000 0.635000
v -1.323199 -7.504235 0.635000
v -2.606193 -7.160458 0.635000
v -3.810000 -6.599114 0.635000
v -4.898042 -5.837259 0.635000
v -5.837259 -4.898042 0.635000
v -6.599114 -3.810000 0.635000
v -7.160458 -2.606193 0.635000
v -7.504235 -1.323199 0.635000
vt -4.389994 -0.000000 0.000000
vt -0.000000 0.110632 0.000000
vt -4.389994 0.254000 0.000000
vt -0.000000 0.254000 0.000000
vt 0.000000 0.000000 0.000000
vt 0.000000 0.254000 0.000000
vt -4.389994 0.110632 0.000000
vt -4.389994 0.254000 0.000000
vt -4.264315 0.254000 0.000000
vt -0.000000 0.031953 0.000000
vt -0.000000 0.254000 0.000000
vt -4.389994 0.031953 0.000000
vt -0.125680 0.254000 0.000000
vt -4.389994 0.254000 0.000000
vt -4.127500 -1.107397 0.000000
vt -4.009335 -1.107397 0.000000
vt -4.127500 -0.345053 0.000000
vt -0.000000 0.345053 0.000000
vt -0.000000 1.150204 0.000000
vt 4.127500 -0.345053 0.000000
vt 4.009335 -1.107397 0.000000
vt 4.127500 -1.107397 0.000000
vt -4.389994 -0.000000 0.000000
vt -0.000000 0.110632 0.000000
vt -4.389994 0.254000 0.000000
vt -0.000000 0.254000 0.000000
vt 0.000000 0.000000 0.000000
vt 0.000000 0.254000 0.000000
vt -4.389994 0.110632 0.000000
vt -4.389994 0.254000 0.000000
vt -4.264315 0.254000 0.000000
vt 0.000000 0.031953 0.000000
vt 0.000000 0.254000 0.000000
vt -4.389994 0.031953 0.000000
vt -0.125680 0.254000 0.000000
vt -4.389994 0.254000 0.000000
vt -4.127500 -1.107397 0.000000
vt -4.009335 -1.107397 0.000000
vt -4.127500 -0.345053 0.000000
vt -0.000000 0.345053 0.000000
vt -0.000000 1.150204 0.000000
vt 4.127500 -0.345053 0.000000
vt 4.009335 -1.107397 0.000000
vt 4.127500 -1.107397 0.000000
vt -4.389994 0.000000 0.000000
vt 0.000000 0.110632 0.000000
vt -4.389994 0.254000 0.000000
vt -0.000000 0.254000 0.000000
vt 0.000000 0.000000 0.000000
vt 0.000000 0.254000 0.000000
vt -4.389994 0.110632 0.000000
vt -4.389994 0.254000 0.000000
vt -4.264315 0.254000 0.000000
vt 0.000000 0.031953 0.000000
vt -0.000000 0.254000 0.000000
vt -4.389994 0.031953 0.000000
vt -0.125680 0.254000 0.000000
vt -4.389994 0.254000 0.000000
vt -4.127500 -1.107397 0.000000
vt -4.009335 -1.107397 0.000000
vt -4.127500 -0.345053 0.000000
vt -0.000000 0.345053 0.000000
vt -0.000000 1.150204 0.000000
vt 4.127500 -0.345053 0.000000
vt 4.009335 -1.107397 0.000000
vt 4.127500 -1.107397 0.000000
vt -4.389994 0.000000 0.000000
vt -0.000000 0.110632 0.000000
vt -4.389994 0.254000 0.000000
vt -0.000000 0.254000 0.000000
vt 0.000000 0.000000 0.000000
vt 0.000000 0.254000 0.000000
vt -4.389994 0.110632 0.000000
vt -4.389994 0.254000 0.000000
vt -4.264315 0.254000 0.000000
vt 0.000000 0.031953 0.000000
vt 0.000000 0.254000 0.000000
vt -4.389994 0.031953 0.000000
vt -0.125680 0.254000 0.000000
vt -4.389994 0.254000 0.000000
vt -4.127500 -1.107397 0.000000
vt -4.009335 -1.107397 0.000000
vt -4.127500 -0.345053 0.000000
vt -0.000000 0.345053 0.000000
vt -0.000000 1.150204 0.000000
vt 4.127500 -0.345053 0.000000
vt 4.009335 -1.107397 0.000000
vt 4.127500 -1.107397 0.000000
vt -4.389994 0.000000 0.000000
vt 0.000000 0.110632 0.000000
vt -4.389994 0.254000 0.000000
vt -0.000000 0.254000 0.000000
vt -0.000000 0.000000 0.000000
vt -0.000000 0.254000 0.000000
vt -4.389994 0.110632 0.000000
vt -4.389994 0.254000 0.000000
vt -4.264315 0.254000 0.000000
vt -0.000000 0.031953 0.000000
vt -0.000000 0.254000 0.000000
vt -4.389994 0.031953 0.000000
vt -0.125680 0.254000 0.000000
vt -4.389994 0.254000 0.000000
vt -4.127500 -1.107397 0.000000
vt -4.009335 -1.107397 0.000000
vt -4.127500 -0.345053 0.000000
vt -0.000000 0.345053 0.000000
vt -0.000000 1.150204 0.000000
vt 4.127500 -0.345053 0.000000
vt 4.009335 -1.107397 0.000000
vt 4.127500 -1.107397 0.000000
vt -4.389994 -0.000000 0.000000
vt -0.000000 0.110632 0.000000
vt -4.389994 0.254000 0.000000
vt -0.000000 0.254000 0.000000
vt -0.000000 0.000000 0.000000
vt 0.000000 0.254000 0.000000
vt -4.389994 0.110632 0.000000
vt -4.389994 0.254000 0.000000
vt -4.264315 0.254000 0.000000
vt -0.000000 0.031953 0.000000
vt -0.000000 0.254000 0.000000
vt -4.389994 0.031953 0.000000
vt -0.125680 0.254000 0.000000
vt -4.389994 0.254000 0.000000
vt -4.127500 -1.107397 0.000000
vt -4.009335 -1.107397 0.000000
vt -4.127500 -0.345053 0.000000
vt -0.000000 0.345053 0.000000
vt -0.000000 1.150204 0.000000
vt 4.127500 -0.345053 0.000000
vt 4.009335 -1.107397 0.000000
vt 4.127500 -1.107397 0.000000
vt -4.389994 -0.000000 0.000000
vt -0.000000 0.110632 0.000000
vt -4.389994 0.254000 0.000000
vt 0.000000 0.254000 0.000000
vt -0.000000 0.000000 0.000000
vt -0.000000 0.254000 0.000000
vt -4.389994 0.110632 0.000000
vt -4.389994 0.254000 0.000000
vt -4.264315 0.254000 0.000000
vt -0.000000 0.031953 0.000000
vt -0.000000 0.254000 0.000000
vt -4.389994 0.031953 0.000000
vt -0.125680 0.254000 0.000000
vt -4.389994 0.254000 0.000000
vt -4.127500 -1.107397 0.000000
vt -4.009335 -1.107397 0.000000
vt -4.127500 -0.345053 0.000000
vt -0.000000 0.345053 0.000000
vt -0.000000 1.150204 0.000000
vt 4.127500 -0.345053 0.000000
vt 4.009335 -1.107397 0.000000
vt 4.127500 -1.107397 0.000000
vt -4.389994 -0.000000 0.000000
vt -0.000000 0.110632 0.000000
vt -4.389994 0.254000 0.000000
vt 0.000000 0.254000 0.000000
vt -0.000000 0.000000 0.000000
vt 0.000000 0.254000 0.000000
vt -4.389994 0.110632 0.000000
vt -4.389994 0.254000 0.000000
vt -4.264315 0.254000 0.000000
vt -0.000000 0.031953 0.000000
vt -0.000000 0.254000 0.000000
vt -4.389994 0.031953 0.000000
vt -0.125680 0.254000 0.000000
vt -4.389994 0.254000 0.000000
vt -4.127500 -1.107397 0.000000
vt -4.009335 -1.107397 0.000000
vt -4.127500 -0.345053 0.000000
vt -0.000000 0.345053 0.000000
vt -0.000000 1.150204 0.000000
vt 4.127500 -0.345053 0.000000
vt 4.009335 -1.107397 0.000000
vt 4.127500 -1.107397 0.000000
vt -4.389994 0.000000 0.000000
vt -0.000000 0.110632 0.000000
vt -4.389994 0.254000 0.000000
vt -0.000000 0.254000 0.000000
vt -0.000000 0.000000 0.000000
vt 0.000000 0.254000 0.000000
vt -4.389994 0.110632 0.000000
vt -4.389994 0.254000 0.000000
vt -4.264315 0.254000 0.000000
vt 0.000000 0.031953 0.000000
vt 0.000000 0.254000 0.000000
vt -4.389994 0.031953 0.000000
vt -0.125680 0.254000 0.000000
vt -4.389994 0.254000 0.000000
vt -4.127500 -1.107397 0.000000
vt -4.009335 -1.107397 0.000000
vt -4.127500 -0.345053 0.000000
vt -0.000000 0.345053 0.000000
vt -0.000000 1.150204 0.000000
vt 4.127500 -0.345053 0.000000
vt 4.009335 -1.107397 0.000000
vt 4.127500 -1.107397 0.000000
vt -4.389994 0.000000 0.000000
vt 0.000000 0.110632 0.000000
vt -4.389994 0.254000 0.000000
vt -0.000000 0.254000 0.000000
vt -0.000000 0.000000 0.000000
vt -0.000000 0.254000 0.000000
vt -4.389994 0.110632 0.000000
vt -4.389994 0.254000 0.000000
vt -4.264315 0.254000 0.000000
vt -0.000000 0.031953 0.000000
vt -0.000000 0.254000 0.000000
vt -4.389994 0.031953 0.000000
vt -0.125680 0.254000 0.000000
vt -4.389994 0.254000 0.000000
vt -4.127500 -1.107397 0.000000
vt -4.009335 -1.107397 0.000000
vt -4.127500 -0.345053 0.000000
vt -0.000000 0.345053 0.000000
vt -0.000000 1.150204 0.000000
vt 4.127500 -0.345053 0.000000
vt 4.009335 -1.107397 0.000000
vt 4.127500 -1.107397 0.000000
vt -4.389994 0.000000 0.000000
vt 0.000000 0.110632 0.000000
vt -4.389994 0.254000 0.000000
vt 0.000000 0.254000 0.000000
vt -0.000000 0.000000 0.000000
vt 0.000000 0.254000 0.000000
vt -4.389994 0.110632 0.000000
vt -4.389994 0.254000 0.000000
vt -4.264315 0.254000 0.000000
vt 0.000000 0.031953 0.000000
vt 0.000000 0.254000 0.000000
vt -4.389994 0.031953 0.000000
vt -0.125680 0.254000 0.000000
vt -4.389994 0.254000 0.000000
vt -4.127500 -1.107397 0.000000
vt -4.009335 -1.107397 0.000000
vt -4.127500 -0.345053 0.000000
vt -0.000000 0.345053 0.000000
vt -0.000000 1.150204 0.000000
vt 4.127500 -0.345053 0.000000
vt 4.009335 -1.107397 0.000000
vt 4.127500 -1.107397 0.000000
vt -4.389994 -0.000000 0.000000
vt -0.000000 0.110632 0.000000
vt -4.389994 0.254000 0.000000
vt 0.000000 0.254000 0.000000
vt -0.000000 0.000000 0.000000
vt -0.000000 0.254000 0.000000
vt -4.389994 0.110632 0.000000
vt -4.389994 0.254000 0.000000
vt -4.264315 0.254000 0.000000
vt -0.000000 0.031953 0.000000
vt -0.000000 0.254000 0.000000
vt -4.389994 0.031953 0.000000
vt -0.125680 0.254000 0.000000
vt -4.389994 0.254000 0.000000
vt -4.127500 -1.107397 0.000000
vt -4.009335 -1.107397 0.000000
vt -4.127500 -0.345053 0.000000
vt -0.000000 0.345053 0.000000
vt -0.000000 1.150204 0.000000
vt 4.127500 -0.345053 0.000000
vt 4.009335 -1.107397 0.000000
vt 4.127500 -1.107397 0.000000
vt -4.389994 -0.000000 0.000000
vt -0.000000 0.110632 0.000000
vt -4.389994 0.254000 0.000000
vt 0.000000 0.254000 0.000000
vt -0.000000 0.000000 0.000000
vt 0.000000 0.254000 0.000000
vt -4.389994 0.110632 0.000000
vt -4.389994 0.254000 0.000000
vt -4.264315 0.254000 0.000000
vt -0.000000 0.031953 0.000000
vt -0.000000 0.254000 0.000000
vt -4.389994 0.031953 0.000000
vt -0.125680 0.254000 0.000000
vt -4.389994 0.254000 0.000000
vt -4.127500 -1.107397 0.000000
vt -4.009335 -1.107397 0.000000
vt -4.127500 -0.345053 0.000000
vt -0.000000 0.345053 0.000000
vt -0.000000 1.150204 0.000000
vt 4.127500 -0.345053 0.000000
vt 4.009335 -1.107397 0.000000
vt 4.127500 -1.107397 0.000000
vt -4.389994 -0.000000 0.000000
vt 0.000000 0.110632 0.000000
vt -4.389994 0.254000 0.000000
vt -0.000000 0.254000 0.000000
vt -0.000000 0.000000 0.000000
vt 0.000000 0.254000 0.000000
vt -4.389994 0.110632 0.000000
vt -4.389994 0.254000 0.000000
vt -4.264315 0.254000 0.000000
vt 0.000000 0.031953 0.000000
vt 0.000000 0.254000 0.000000
vt -4.389994 0.031953 0.000000
vt -0.125680 0.254000 0.000000
vt -4.389994 0.254000 0.000000
vt -4.127500 -1.107397 0.000000
vt -4.009335 -1.107397 0.000000
vt -4.127500 -0.345053 0.000000
vt -0.000000 0.345053 0.000000
vt -0.000000 1.150204 0.000000
vt 4.127500 -0.345053 0.000000
vt 4.009335 -1.107397 0.000000
vt 4.127500 -1.107397 0.000000
vt -4.389994 -0.000000 0.000000
vt 0.000000 0.110632 0.000000
vt -4.389994 0.254000 0.000000
vt -0.000000 0.254000 0.000000
vt -0.000000 -0.000000 0.000000
vt -0.000000 0.254000 0.000000
vt -4.389994 0.110632 0.000000
vt -4.389994 0.254000 0.000000
vt -4.264315 0.254000 0.000000
vt -0.000000 0.031953 0.000000
vt -0.000000 0.254000 0.000000
vt -4.389994 0.031953 0.000000
vt -0.125680 0.254000 0.000000
vt -4.389994 0.254000 0.000000
vt -4.127500 -1.107397 0.000000
vt -4.009335 -1.107397 0.000000
vt -4.127500 -0.345053 0.000000
vt -0.000000 0.345053 0.000000
vt -0.000000 1.150204 0.000000
vt 4.127500 -0.345053 0.000000
vt 4.009335 -1.107397 0.000000
vt 4.127500 -1.107397 0.000000
vt -4.389994 -0.000000 0.000000
vt -0.000000 0.110632 0.000000
vt -4.389994 0.254000 0.000000
vt -0.000000 0.254000 0.000000
vt -0.000000 -0.000000 0.000000
vt -0.000000 0.254000 0.000000
vt -4.389994 0.110632 0.000000
vt -4.389994 0.254000 0.000000
vt -4.264315 0.254000 0.000000
vt 0.000000 0.031953 0.000000
vt -0.000000 0.254000 0.000000
vt -4.389994 0.031953 0.000000
vt -0.125680 0.254000 0.000000
vt -4.389994 0.254000 0.000000
vt -4.127500 -1.107397 0.000000
vt -4.009335 -1.107397 0.000000
vt -4.127500 -0.345053 0.000000
vt -0.000000 0.345053 0.000000
vt -0.000000 1.150204 0.000000
vt 4.127500 -0.345053 0.000000
vt 4.009335 -1.107397 0.000000
vt 4.127500 -1.107397 0.000000
vt -4.389994 -0.000000 0.000000
vt 0.000000 0.110632 0.000000
vt -4.389994 0.254000 0.000000
vt -0.000000 0.254000 0.000000
vt -0.000000 -0.000000 0.000000
vt 0.000000 0.254000 0.000000
vt -4.389994 0.110632 0.000000
vt -4.389994 0.254000 0.000000
vt -4.264315 0.254000 0.000000
vt -0.000000 0.031953 0.000000
vt 0.000000 0.254000 0.000000
vt -4.389994 0.031953 0.000000
vt -0.125680 0.254000 0.000000
vt -4.389994 0.254000 0.000000
vt -4.127500 -1.107397 0.000000
vt -4.009335 -1.107397 0.000000
vt -4.127500 -0.345053 0.000000
vt -0.000000 0.345053 0.000000
vt -0.000000 1.150204 0.000000
vt 4.127500 -0.345053 0.000000
vt 4.009335 -1.107397 0.000000
vt 4.127500 -1.107397 0.000000
vt -4.389994 -0.000000 0.000000
vt -0.000000 0.110632 0.000000
vt -4.389994 0.254000 0.000000
vt 0.000000 0.254000 0.000000
vt -0.000000 0.000000 0.000000
vt 0.000000 0.254000 0.000000
vt -4.389994 0.110632 0.000000
vt -4.389994 0.254000 0.000000
vt -4.264315 0.254000 0.000000
vt -0.000000 0.031953 0.000000
vt 0.000000 0.254000 0.000000
vt -4.389994 0.031953 0.000000
vt -0.125680 0.254000 0.000000
vt -4.389994 0.254000 0.000000
vt -4.127500 -1.107397 0.000000
vt -4.009335 -1.107397 0.000000
vt -4.127500 -0.345053 0.000000
vt -0.000000 0.345053 0.000000
vt -0.000000 1.150204 0.000000
vt 4.127500 -0.345053 0.000000
vt 4.009335 -1.107397 0.000000
vt 4.127500 -1.107397 0.000000
vt -4.389994 0.000000 0.000000
vt 0.000000 0.110632 0.000000
vt -4.389994 0.254000 0.000000
vt -0.000000 0.254000 0.000000
vt -0.000000 0.000000 0.000000
vt 0.000000 0.254000 0.000000
vt -4.389994 0.110632 0.000000
vt -4.389994 0.254000 0.000000
vt -4.264315 0.254000 0.000000
vt -0.000000 0.031953 0.000000
vt 0.000000 0.254000 0.000000
vt -4.389994 0.031953 0.000000
vt -0.125680 0.254000 0.000000
vt -4.389994 0.254000 0.000000
vt -4.127500 -1.107397 0.000000
vt -4.009335 -1.107397 0.000000
vt -4.127500 -0.345053 0.000000
vt -0.000000 0.345053 0.000000
vt -0.000000 1.150204 0.000000
vt 4.127500 -0.345053 0.000000
vt 4.009335 -1.107397 0.000000
vt 4.127500 -1.107397 0.000000
vt 8.959106 -4.483196 0.000000
vt 8.550599 -4.477540 0.000000
vt 8.723529 -5.208229 0.000000
vt 8.075253 -5.286908 0.000000
vt 8.283747 -5.882613 0.000000
vt 7.523539 -6.046277 0.000000
vt 7.791948 -6.520057 0.000000
vt 6.900674 -6.748467 0.000000
vt 7.135232 -7.032289 0.000000
vt 6.499035 -7.136081 0.000000
vt 6.687138 -7.649039 0.000000
vt 5.956736 -7.594630 0.000000
vt 6.060484 -8.154516 0.000000
vt 5.382189 -8.012062 0.000000
vt 5.395775 -8.608787 0.000000
vt 4.778504 -8.386120 0.000000
vt 4.697182 -9.009000 0.000000
vt 4.612912 -8.893012 0.000000
vt 4.285748 -8.648322 0.000000
vt 3.996163 -9.341107 0.000000
vt 3.425450 -9.023713 0.000000
vt 3.243979 -9.628198 0.000000
vt 2.532758 -9.313766 0.000000
vt 2.471425 -9.854829 0.000000
vt 1.616113 -9.515739 0.000000
vt 1.639048 -9.883226 0.000000
vt 1.063346 -9.593248 0.000000
vt 0.914016 -10.118803 0.000000
vt 0.355090 -9.645466 0.000000
vt 0.109931 -10.159405 0.000000
vt -0.355090 -9.645466 0.000000
vt -0.694845 -10.136212 0.000000
vt -1.063346 -9.593248 0.000000
vt -1.495257 -10.049368 0.000000
vt -1.495257 -9.906000 0.000000
vt -1.616113 -9.515739 0.000000
vt -2.257601 -9.906000 0.000000
vt -2.532758 -9.313766 0.000000
vt -3.034879 -9.696139 0.000000
vt -3.425450 -9.023713 0.000000
vt -3.793098 -9.425391 0.000000
vt -4.285748 -8.648322 0.000000
vt -4.483196 -8.959106 0.000000
vt -4.778504 -8.386120 0.000000
vt -5.208229 -8.723529 0.000000
vt -5.382189 -8.012062 0.000000
vt -5.882613 -8.283747 0.000000
vt -5.956736 -7.594630 0.000000
vt -6.520057 -7.791948 0.000000
vt -6.499035 -7.136081 0.000000
vt -7.116559 -7.251220 0.000000
vt -7.032289 -7.135232 0.000000
vt -6.900674 -6.748467 0.000000
vt -7.649039 -6.687138 0.000000
vt -7.523539 -6.046277 0.000000
vt -8.154516 -6.060484 0.000000
vt -8.075253 -5.286908 0.000000
vt -8.608787 -5.395775 0.000000
vt -8.550599 -4.477540 0.000000
vt -8.893012 -4.612912 0.000000
vt -8.795129 -3.975779 0.000000
vt -9.341107 -3.996163 0.000000
vt -9.063655 -3.318323 0.000000
vt -9.628198 -3.243979 0.000000
vt -9.283112 -2.642903 0.000000
vt -9.854829 -2.471425 0.000000
vt -9.452313 -1.953174 0.000000
vt -10.019577 -1.683352 0.000000
vt -9.883226 -1.639048 0.000000
vt -9.549412 -1.403510 0.000000
vt -10.118803 -0.914016 0.000000
vt -9.640583 -0.469316 0.000000
vt -10.159405 -0.109931 0.000000
vt -9.640583 0.469316 0.000000
vt -10.136212 0.694845 0.000000
vt -9.549412 1.403510 0.000000
vt -9.906000 1.495257 0.000000
vt -9.452313 1.953174 0.000000
vt -9.906000 2.257601 0.000000
vt -9.283112 2.642903 0.000000
vt -9.696139 3.034879 0.000000
vt -9.063655 3.318323 0.000000
vt -9.425391 3.793098 0.000000
vt -8.795129 3.975779 0.000000
vt -9.095457 4.527500 0.000000
vt -8.959106 4.483196 0.000000
vt -8.550599 4.477540 0.000000
vt -8.723529 5.208229 0.000000
vt -8.075253 5.286908 0.000000
vt -8.283747 5.882613 0.000000
vt -7.523539 6.046277 0.000000
vt -7.791948 6.520057 0.000000
vt -6.900674 6.748467 0.000000
vt -7.135232 7.032289 0.000000
vt -6.499035 7.136081 0.000000
vt -6.687138 7.649039 0.000000
vt -5.956736 7.594630 0.000000
vt -6.060484 8.154516 0.000000
vt -5.382189 8.012062 0.000000
vt -5.395775 8.608787 0.000000
vt -4.778504 8.386120 0.000000
vt -4.697182 9.009000 0.000000
vt -4.612912 8.893012 0.000000
vt -4.285748 8.648322 0.000000
vt -3.996163 9.341107 0.000000
vt -3.425450 9.023713 0.000000
vt -3.243979 9.628198 0.000000
vt -2.532758 9.313766 0.000000
vt -2.471425 9.854829 0.000000
vt -1.616113 9.515739 0.000000
vt -1.639048 9.883226 0.000000
vt -1.063346 9.593248 0.000000
vt -0.914016 10.118803 0.000000
vt -0.355090 9.645466 0.000000
vt -0.109931 10.159405 0.000000
vt 0.000000 9.895135 0.000000
vt 0.694845 10.136212 0.000000
vt 0.355090 9.645466 0.000000
vt 1.063346 9.593248 0.000000
vt 8.795129 -3.975779 0.000000
vt 9.095457 -4.527500 0.000000
vt 9.425391 -3.793098 0.000000
vt 9.063655 -3.318323 0.000000
vt 9.696139 -3.034879 0.000000
vt 9.283112 -2.642903 0.000000
vt 9.906000 -2.257601 0.000000
vt 9.452313 -1.953174 0.000000
vt 9.906000 -1.495257 0.000000
vt 9.549412 -1.403510 0.000000
vt 10.136212 -0.694845 0.000000
vt 9.640583 -0.469316 0.000000
vt 10.159405 0.109931 0.000000
vt 9.640583 0.469316 0.000000
vt 10.118803 0.914016 0.000000
vt 9.549412 1.403510 0.000000
vt 9.883226 1.639048 0.000000
vt 9.452313 1.953174 0.000000
vt 10.019577 1.683352 0.000000
vt 9.854829 2.471425 0.000000
vt 10.049368 -1.495257 0.000000
vt 9.283112 2.642903 0.000000
vt 9.628198 3.243979 0.000000
vt 9.063655 3.318323 0.000000
vt 9.341107 3.996163 0.000000
vt 8.795129 3.975779 0.000000
vt 8.893012 4.612912 0.000000
vt 8.550599 4.477540 0.000000
vt 8.608787 5.395775 0.000000
vt 8.075253 5.286908 0.000000
vt 8.154516 6.060484 0.000000
vt 7.523539 6.046277 0.000000
vt 7.649039 6.687138 0.000000
vt 6.900674 6.748467 0.000000
vt 7.032289 7.135232 0.000000
vt 6.499035 7.136081 0.000000
vt 7.116559 7.251220 0.000000
vt 6.520057 7.791948 0.000000
vt 9.009000 4.697182 0.000000
vt 5.956736 7.594630 0.000000
vt 5.882613 8.283747 0.000000
vt 5.382189 8.012062 0.000000
vt 5.208229 8.723529 0.000000
vt 4.778504 8.386120 0.000000
vt 4.483196 8.959106 0.000000
vt 4.285748 8.648322 0.000000
vt 3.793098 9.425391 0.000000
vt 3.425450 9.023713 0.000000
vt 3.034879 9.696139 0.000000
vt 2.532758 9.313766 0.000000
vt 2.257601 9.906000 0.000000
vt 1.616113 9.515739 0.000000
vt 1.495257 9.906000 0.000000
vt 1.495257 10.049368 0.000000
vt 4.527500 9.095457 0.000000
vt -1.683352 10.019577 0.000000
vt -7.251220 7.116559 0.000000
vt -10.049368 1.495257 0.000000
vt -9.009000 -4.697182 0.000000
vt -4.527500 -9.095457 0.000000
vt 1.683352 -10.019577 0.000000
vt 7.251220 -7.116559 0.000000
vt 4.013259 -7.068107 0.000000
vt 4.499631 -6.768878 0.000000
vt 3.810000 -6.599114 0.000000
vt 4.685786 -6.641370 0.000000
vt 4.898042 -5.837259 0.000000
vt 4.868330 -6.508744 0.000000
vt 5.047123 -6.371101 0.000000
vt 5.482004 -6.001001 0.000000
vt -7.401324 3.359284 0.000000
vt -7.618924 2.831321 0.000000
vt -7.160458 2.606193 0.000000
vt -7.694580 2.618745 0.000000
vt -7.764306 2.404151 0.000000
vt -7.828048 2.187705 0.000000
vt -7.504235 1.323199 0.000000
vt -7.962334 1.632671 0.000000
vt -8.109537 0.547537 0.000000
vt 5.837259 -4.898042 0.000000
vt 6.238919 -5.209633 0.000000
vt 6.882587 -4.323700 0.000000
vt 6.599114 -3.810000 0.000000
vt 7.401324 -3.359284 0.000000
vt 7.160458 -2.606193 0.000000
vt 7.618924 -2.831321 0.000000
vt 7.694580 -2.618745 0.000000
vt 5.482004 6.001001 0.000000
vt 5.047123 6.371101 0.000000
vt 4.898042 5.837259 0.000000
vt 4.868330 6.508744 0.000000
vt 4.685786 6.641370 0.000000
vt 3.810000 6.599114 0.000000
vt 4.499631 6.768878 0.000000
vt 4.013259 7.068107 0.000000
vt -5.482004 6.001001 0.000000
vt -5.047123 6.371101 0.000000
vt -4.898042 5.837259 0.000000
vt -4.868330 6.508744 0.000000
vt -4.685786 6.641370 0.000000
vt -3.810000 6.599114 0.000000
vt -4.499631 6.768878 0.000000
vt -4.013259 7.068107 0.000000
vt -5.837259 4.898042 0.000000
vt -6.238919 5.209633 0.000000
vt -6.882587 4.323700 0.000000
vt -6.599114 3.810000 0.000000
vt 7.962334 1.632671 0.000000
vt 7.828048 2.187705 0.000000
vt 7.504235 1.323199 0.000000
vt 7.160458 2.606193 0.000000
vt 7.764306 2.404151 0.000000
vt 7.694580 2.618745 0.000000
vt 7.618924 2.831321 0.000000
vt 7.401324 3.359284 0.000000
vt 6.599114 3.810000 0.000000
vt 6.882587 4.323700 0.000000
vt 5.837259 4.898042 0.000000
vt 6.238919 5.209633 0.000000
vt -7.620000 -0.000000 0.000000
vt -8.109537 -0.547537 0.000000
vt -7.504235 -1.323199 0.000000
vt -7.962334 -1.632671 0.000000
vt -7.828048 -2.187705 0.000000
vt -7.160458 -2.606193 0.000000
vt -7.764306 -2.404151 0.000000
vt -7.694580 -2.618745 0.000000
vt -7.618924 -2.831321 0.000000
vt -7.401324 -3.359284 0.000000
vt -6.599114 -3.810000 0.000000
vt -6.882587 -4.323700 0.000000
vt -5.837259 -4.898042 0.000000
vt -6.238919 -5.209633 0.000000
vt -5.482004 -6.001001 0.000000
vt -5.047123 -6.371101 0.000000
vt -4.898042 -5.837259 0.000000
vt -4.868330 -6.508744 0.000000
vt -4.685786 -6.641370 0.000000
vt -3.810000 -6.599114 0.000000
vt -4.499631 -6.768878 0.000000
vt -4.013259 -7.068107 0.000000
vt -3.026723 -7.543430 0.000000
vt -2.606193 -7.160458 0.000000
vt -1.985246 -7.881826 0.000000
vt -1.323199 -7.504235 0.000000
vt -0.907734 -8.077153 0.000000
vt 0.000000 -7.620000 0.000000
vt -0.338369 -8.120954 0.000000
vt -0.112819 -8.127217 0.000000
vt 0.112819 -8.127217 0.000000
vt 0.338369 -8.120954 0.000000
vt 0.907734 -8.077153 0.000000
vt -3.026723 7.543430 0.000000
vt -2.606193 7.160458 0.000000
vt -1.985246 7.881826 0.000000
vt -1.323199 7.504235 0.000000
vt -0.907734 8.077153 0.000000
vt 0.000000 7.620000 0.000000
vt -0.338369 8.120954 0.000000
vt -0.112819 8.127217 0.000000
vt 0.000000 8.120954 0.000000
vt 0.112819 8.127217 0.000000
vt 0.338369 8.120954 0.000000
vt 0.907734 8.077153 0.000000
vt 1.323199 7.504235 0.000000
vt 1.985246 7.881826 0.000000
vt 2.606193 7.160458 0.000000
vt 3.026723 7.543430 0.000000
vt 8.109537 0.547537 0.000000
vt 7.620000 0.000000 0.000000
vt 8.109537 -0.547537 0.000000
vt 7.504235 -1.323199 0.000000
vt 7.962334 -1.632671 0.000000
vt 7.828048 -2.187705 0.000000
vt 7.764306 -2.404151 0.000000
vt 3.026723 -7.543430 0.000000
vt 2.606193 -7.160458 0.000000
vt 1.985246 -7.881826 0.000000
vt 1.323199 -7.504235 0.000000
vt -8.255000 -4.692566 0.000000
vt -4.127500 -3.191858 0.000000
vt -8.255000 -3.887246 0.000000
vt -8.255000 -3.081925 0.000000
vt -0.000000 -3.081925 0.000000
vt -8.136835 -2.276605 0.000000
vt -0.118165 -2.276605 0.000000
vt -4.127500 -0.805997 0.000000
vt -0.000000 -4.692566 0.000000
vt -0.000000 -3.887246 0.000000
vt -0.000000 -2.276605 0.000000
vt -8.255000 -2.276605 0.000000
vt -8.255000 0.915253 0.000000
vt -8.255000 0.109933 0.000000
vt -8.136835 0.915253 0.000000
vt -0.000000 0.109933 0.000000
vt -0.118165 0.915253 0.000000
vt -0.000000 0.915253 0.000000
vt -4.127500 -0.000000 0.000000
vt -8.255000 -0.695388 0.000000
vt -8.255000 -1.500708 0.000000
vt -0.000000 -1.500708 0.000000
vt -0.000000 -0.695388 0.000000
vt -4.127500 2.385862 0.000000
vt -8.255000 4.107111 0.000000
vt -8.255000 3.301791 0.000000
vt -8.136835 4.107111 0.000000
vt -0.000000 3.301791 0.000000
vt -0.118165 4.107111 0.000000
vt -0.000000 4.107111 0.000000
vt -4.127500 3.191858 0.000000
vt -8.255000 2.496470 0.000000
vt -8.255000 1.691150 0.000000
vt -0.000000 1.691150 0.000000
vt -0.000000 2.496470 0.000000
vt -4.127500 5.577720 0.000000
vt -8.255000 7.298970 0.000000
vt -8.255000 6.493649 0.000000
vt -8.136835 7.298970 0.000000
vt -0.000000 6.493649 0.000000
vt -0.118165 7.298970 0.000000
vt -0.000000 7.298970 0.000000
vt -4.127500 6.383716 0.000000
vt -8.255000 5.688329 0.000000
vt -8.255000 4.883008 0.000000
vt -0.000000 4.883008 0.000000
vt -0.000000 5.688329 0.000000
vt -4.127500 8.769578 0.000000
vt -8.255000 10.490828 0.000000
vt -8.255000 9.685507 0.000000
vt -8.136835 10.490828 0.000000
vt -0.000000 9.685507 0.000000
vt -0.118165 10.490828 0.000000
vt -0.000000 10.490828 0.000000
vt -4.127500 9.575574 0.000000
vt -8.255000 8.880187 0.000000
vt -8.255000 8.074866 0.000000
vt -0.000000 8.074866 0.000000
vt -0.000000 8.880187 0.000000
vt -4.127500 11.961436 0.000000
vt -8.255000 13.682686 0.000000
vt -8.255000 12.877365 0.000000
vt -8.136835 13.682686 0.000000
vt -0.000000 12.877365 0.000000
vt -0.118165 13.682686 0.000000
vt -0.000000 13.682686 0.000000
vt -4.127500 12.767433 0.000000
vt -8.255000 12.072045 0.000000
vt -8.255000 11.266724 0.000000
vt -0.000000 11.266724 0.000000
vt -0.000000 12.072045 0.000000
vt -4.127500 15.153294 0.000000
vt -8.255000 16.874544 0.000000
vt -8.255000 16.069223 0.000000
vt -8.136835 16.874544 0.000000
vt -0.000000 16.069223 0.000000
vt -0.118165 16.874544 0.000000
vt -0.000000 16.874544 0.000000
vt -4.127500 15.959291 0.000000
vt -8.255000 15.263903 0.000000
vt -8.255000 14.458582 0.000000
vt -0.000000 14.458582 0.000000
vt -0.000000 15.263903 0.000000
vt -4.127500 18.345152 0.000000
vt -8.255000 20.066402 0.000000
vt -8.255000 19.261082 0.000000
vt -8.136835 20.066402 0.000000
vt -0.000000 19.261082 0.000000
vt -0.118165 20.066402 0.000000
vt -0.000000 20.066402 0.000000
vt -4.127500 19.151149 0.000000
vt -8.255000 18.455761 0.000000
vt -8.255000 17.650441 0.000000
vt -0.000000 17.650441 0.000000
vt -0.000000 18.455761 0.000000
vt -4.127500 21.537010 0.000000
vt -8.255000 23.258260 0.000000
vt -8.255000 22.452940 0.000000
vt -8.136835 23.258260 0.000000
vt -0.000000 22.452940 0.000000
vt -0.118165 23.258260 0.000000
vt -0.000000 23.258260 0.000000
vt -4.127500 22.343007 0.000000
vt -8.255000 21.647619 0.000000
vt -8.255000 20.842299 0.000000
vt -0.000000 20.842299 0.000000
vt -0.000000 21.647619 0.000000
vt -4.127500 24.728869 0.000000
vt -8.255000 26.450118 0.000000
vt -8.255000 25.644798 0.000000
vt -8.136835 26.450118 0.000000
vt -0.000000 25.644798 0.000000
vt -0.118165 26.450118 0.000000
vt -0.000000 26.450118 0.000000
vt -4.127500 25.534865 0.000000
vt -8.255000 24.839477 0.000000
vt -8.255000 24.034157 0.000000
vt -0.000000 24.034157 0.000000
vt -0.000000 24.839477 0.000000
vt -4.127500 27.920727 0.000000
vt -8.255000 29.641976 0.000000
vt -8.255000 28.836656 0.000000
vt -8.136835 29.641976 0.000000
vt -0.000000 28.836656 0.000000
vt -0.118165 29.641976 0.000000
vt -0.000000 29.641976 0.000000
vt -4.127500 28.726723 0.000000
vt -8.255000 28.031336 0.000000
vt -8.255000 27.226015 0.000000
vt -0.000000 27.226015 0.000000
vt -0.000000 28.031336 0.000000
vt -4.127500 31.112585 0.000000
vt -8.255000 -31.003328 0.000000
vt -8.255000 -31.808649 0.000000
vt -8.136835 -31.003328 0.000000
vt -0.000000 -31.808649 0.000000
vt -0.118165 -31.003328 0.000000
vt -0.000000 -31.003328 0.000000
vt -4.127500 -31.918581 0.000000
vt -8.255000 -32.613969 0.000000
vt -8.255000 -33.419290 0.000000
vt -0.000000 -33.419290 0.000000
vt -0.000000 -32.613969 0.000000
vt -4.127500 -29.532720 0.000000
vt -8.255000 -27.811470 0.000000
vt -8.255000 -28.616790 0.000000
vt -8.136835 -27.811470 0.000000
vt -0.000000 -28.616790 0.000000
vt -0.118165 -27.811470 0.000000
vt -0.000000 -27.811470 0.000000
vt -4.127500 -28.726723 0.000000
vt -8.255000 -29.422111 0.000000
vt -8.255000 -30.227431 0.000000
vt -0.000000 -30.227431 0.000000
vt -0.000000 -29.422111 0.000000
vt -4.127500 -26.340862 0.000000
vt -8.255000 -24.619612 0.000000
vt -8.255000 -25.424932 0.000000
vt -8.136835 -24.619612 0.000000
vt -0.000000 -25.424932 0.000000
vt -0.118165 -24.619612 0.000000
vt -0.000000 -24.619612 0.000000
vt -4.127500 -25.534865 0.000000
vt -8.255000 -26.230253 0.000000
vt -8.255000 -27.035573 0.000000
vt -0.000000 -27.035573 0.000000
vt -0.000000 -26.230253 0.000000
vt -4.127500 -23.149003 0.000000
vt -8.255000 -21.427754 0.000000
vt -8.255000 -22.233074 0.000000
vt -8.136835 -21.427754 0.000000
vt -0.000000 -22.233074 0.000000
vt -0.118165 -21.427754 0.000000
vt -0.000000 -21.427754 0.000000
vt -4.127500 -22.343007 0.000000
vt -8.255000 -23.038395 0.000000
vt -8.255000 -23.843715 0.000000
vt -0.000000 -23.843715 0.000000
vt -0.000000 -23.038395 0.000000
vt -4.127500 -19.957145 0.000000
vt -8.255000 -18.235896 0.000000
vt -8.255000 -19.041216 0.000000
vt -8.136835 -18.235896 0.000000
vt -0.000000 -19.041216 0.000000
vt -0.118165 -18.235896 0.000000
vt -0.000000 -18.235896 0.000000
vt -4.127500 -19.151149 0.000000
vt -8.255000 -19.846537 0.000000
vt -8.255000 -20.651857 0.000000
vt -0.000000 -20.651857 0.000000
vt -0.000000 -19.846537 0.000000
vt -4.127500 -16.765287 0.000000
vt -8.255000 -15.044037 0.000000
vt -8.255000 -15.849358 0.000000
vt -8.136835 -15.044037 0.000000
vt -0.000000 -15.849358 0.000000
vt -0.118165 -15.044037 0.000000
vt -0.000000 -15.044037 0.000000
vt -4.127500 -15.959291 0.000000
vt -8.255000 -16.654678 0.000000
vt -8.255000 -17.459999 0.000000
vt -0.000000 -17.459999 0.000000
vt -0.000000 -16.654678 0.000000
vt -4.127500 -13.573429 0.000000
vt -8.255000 -11.852179 0.000000
vt -8.255000 -12.657500 0.000000
vt -8.136835 -11.852179 0.000000
vt -0.000000 -12.657500 0.000000
vt -0.118165 -11.852179 0.000000
vt -0.000000 -11.852179 0.000000
vt -4.127500 -12.767433 0.000000
vt -8.255000 -13.462820 0.000000
vt -8.255000 -14.268141 0.000000
vt -0.000000 -14.268141 0.000000
vt -0.000000 -13.462820 0.000000
vt -4.127500 -10.381571 0.000000
vt -8.255000 -8.660321 0.000000
vt -8.255000 -9.465642 0.000000
vt -8.136835 -8.660321 0.000000
vt -0.000000 -9.465642 0.000000
vt -0.118165 -8.660321 0.000000
vt -0.000000 -8.660321 0.000000
vt -4.127500 -9.575574 0.000000
vt -8.255000 -10.270962 0.000000
vt -8.255000 -11.076283 0.000000
vt -0.000000 -11.076283 0.000000
vt -0.000000 -10.270962 0.000000
vt -4.127500 -7.189713 0.000000
vt -8.723529 -5.208229 0.000000
vt -8.550599 -4.477540 0.000000
vt -8.959106 -4.483196 0.000000
vt -8.795129 -3.975779 0.000000
vt -9.095457 -4.527500 0.000000
vt -9.425391 -3.793098 0.000000
vt -9.063655 -3.318323 0.000000
vt -9.696139 -3.034879 0.000000
vt -9.283112 -2.642903 0.000000
vt -9.906000 -2.257601 0.000000
vt -9.452313 -1.953174 0.000000
vt -9.906000 -1.495257 0.000000
vt -9.549412 -1.403510 0.000000
vt -10.136212 -0.694845 0.000000
vt -9.640583 -0.469316 0.000000
vt -10.159405 0.109931 0.000000
vt -9.640583 0.469316 0.000000
vt -10.118803 0.914016 0.000000
vt -9.549412 1.403510 0.000000
vt -9.883226 1.639048 0.000000
vt -9.452313 1.953174 0.000000
vt -10.019577 1.683352 0.000000
vt -9.854829 2.471425 0.000000
vt -9.283112 2.642903 0.000000
vt -9.628198 3.243979 0.000000
vt -9.063655 3.318323 0.000000
vt -9.341107 3.996163 0.000000
vt -8.795129 3.975779 0.000000
vt -8.893012 4.612912 0.000000
vt -8.550599 4.477540 0.000000
vt -8.608787 5.395775 0.000000
vt -8.075253 5.286908 0.000000
vt -8.154516 6.060484 0.000000
vt -7.523539 6.046277 0.000000
vt -7.649039 6.687138 0.000000
vt -6.900674 6.748467 0.000000
vt -7.032289 7.135232 0.000000
vt -6.499035 7.136081 0.000000
vt -7.116559 7.251220 0.000000
vt -6.520057 7.791948 0.000000
vt -5.956736 7.594630 0.000000
vt -5.882613 8.283747 0.000000
vt -5.382189 8.012062 0.000000
vt -5.208229 8.723529 0.000000
vt -4.778504 8.386120 0.000000
vt -4.483196 8.959106 0.000000
vt -4.285748 8.648322 0.000000
vt -3.793098 9.425391 0.000000
vt -3.425450 9.023713 0.000000
vt -3.034879 9.696139 0.000000
vt -2.532758 9.313766 0.000000
vt -2.257601 9.906000 0.000000
vt -1.616113 9.515739 0.000000
vt -1.495257 9.906000 0.000000
vt -1.063346 9.593248 0.000000
vt -1.495257 10.049368 0.000000
vt -0.694845 10.136212 0.000000
vt -0.355090 9.645466 0.000000
vt 0.109931 10.159405 0.000000
vt 0.355090 9.645466 0.000000
vt 0.914016 10.118803 0.000000
vt 1.063346 9.593248 0.000000
vt 1.639048 9.883226 0.000000
vt 1.616113 9.515739 0.000000
vt 2.471425 9.854829 0.000000
vt 2.532758 9.313766 0.000000
vt 3.243979 9.628198 0.000000
vt 3.425450 9.023713 0.000000
vt 3.996163 9.341107 0.000000
vt 4.285748 8.648322 0.000000
vt 4.612912 8.893012 0.000000
vt 4.778504 8.386120 0.000000
vt 4.697182 9.009000 0.000000
vt 5.395775 8.608787 0.000000
vt 5.382189 8.012062 0.000000
vt 6.060484 8.154516 0.000000
vt 5.956736 7.594630 0.000000
vt 6.687138 7.649039 0.000000
vt 6.499035 7.136081 0.000000
vt 7.135232 7.032289 0.000000
vt 6.900674 6.748467 0.000000
vt 7.791948 6.520057 0.000000
vt 7.523539 6.046277 0.000000
vt 8.283747 5.882613 0.000000
vt 8.075253 5.286908 0.000000
vt 8.723529 5.208229 0.000000
vt 8.550599 4.477540 0.000000
vt 8.959106 4.483196 0.000000
vt 8.795129 3.975779 0.000000
vt 9.095457 4.527500 0.000000
vt 9.425391 3.793098 0.000000
vt 9.063655 3.318323 0.000000
vt 9.696139 3.034879 0.000000
vt 9.283112 2.642903 0.000000
vt 9.906000 2.257601 0.000000
vt 9.452313 1.953174 0.000000
vt 9.906000 1.495257 0.000000
vt 9.549412 1.403510 0.000000
vt 10.136212 0.694845 0.000000
vt 9.640583 0.469316 0.000000
vt 10.159405 -0.109931 0.000000
vt 9.640583 -0.469316 0.000000
vt 10.118803 -0.914016 0.000000
vt 9.549412 -1.403510 0.000000
vt 9.883226 -1.639048 0.000000
vt 9.452313 -1.953174 0.000000
vt 10.019577 -1.683352 0.000000
vt 9.854829 -2.471425 0.000000
vt 9.283112 -2.642903 0.000000
vt 9.628198 -3.243979 0.000000
vt 9.063655 -3.318323 0.000000
vt 9.341107 -3.996163 0.000000
vt 8.795129 -3.975779 0.000000
vt 8.893012 -4.612912 0.000000
vt 8.550599 -4.477540 0.000000
vt 8.608787 -5.395775 0.000000
vt 8.075253 -5.286908 0.000000
vt 8.154516 -6.060484 0.000000
vt 7.523539 -6.046277 0.000000
vt 7.649039 -6.687138 0.000000
vt 6.900674 -6.748467 0.000000
vt 7.032289 -7.135232 0.000000
vt 6.499035 -7.136081 0.000000
vt 7.116559 -7.251220 0.000000
vt 6.520057 -7.791948 0.000000
vt 5.956736 -7.594630 0.000000
vt 5.882613 -8.283747 0.000000
vt 5.382189 -8.012062 0.000000
vt 5.208229 -8.723529 0.000000
vt 4.778504 -8.386120 0.000000
vt 4.483196 -8.959106 0.000000
vt 4.285748 -8.648322 0.000000
vt 3.793098 -9.425391 0.000000
vt 3.425450 -9.023713 0.000000
vt 3.034879 -9.696139 0.000000
vt 2.532758 -9.313766 0.000000
vt 2.257601 -9.906000 0.000000
vt 1.616113 -9.515739 0.000000
vt 1.495257 -9.906000 0.000000
vt 1.063346 -9.593248 0.000000
vt 1.495257 -10.049368 0.000000
vt 0.694845 -10.136212 0.000000
vt 0.355090 -9.645466 0.000000
vt -0.109931 -10.159405 0.000000
vt 0.000000 -9.650774 0.000000
vt -0.355090 -9.645466 0.000000
vt -8.075253 -5.286908 0.000000
vt -8.283747 -5.882613 0.000000
vt -7.523539 -6.046277 0.000000
vt -7.791948 -6.520057 0.000000
vt -6.900674 -6.748467 0.000000
vt -7.135232 -7.032289 0.000000
vt -6.499035 -7.136081 0.000000
vt -6.687138 -7.649039 0.000000
vt -5.956736 -7.594630 0.000000
vt -6.060484 -8.154516 0.000000
vt -5.382189 -8.012062 0.000000
vt -5.395775 -8.608787 0.000000
vt -4.778504 -8.386120 0.000000
vt -4.697182 -9.009000 0.000000
vt -4.612912 -8.893012 0.000000
vt -7.251220 -7.116559 0.000000
vt -4.285748 -8.648322 0.000000
vt -3.996163 -9.341107 0.000000
vt -3.425450 -9.023713 0.000000
vt -3.243979 -9.628198 0.000000
vt -2.532758 -9.313766 0.000000
vt -2.471425 -9.854829 0.000000
vt -1.616113 -9.515739 0.000000
vt -1.639048 -9.883226 0.000000
vt -1.063346 -9.593248 0.000000
vt -0.914016 -10.118803 0.000000
vt -1.683352 -10.019577 0.000000
vt 4.527500 -9.095457 0.000000
vt 9.009000 -4.697182 0.000000
vt 10.049368 1.495257 0.000000
vt 7.251220 7.116559 0.000000
vt 1.683352 10.019577 0.000000
vt -4.527500 9.095457 0.000000
vt -9.009000 4.697182 0.000000
vt -10.049368 -1.495257 0.000000
vt -5.482004 -6.001001 0.000000
vt -5.047123 -6.371101 0.000000
vt -4.898042 -5.837259 0.000000
vt -4.868330 -6.508744 0.000000
vt -4.685786 -6.641370 0.000000
vt -3.810000 -6.599114 0.000000
vt -4.499631 -6.768878 0.000000
vt -4.013259 -7.068107 0.000000
vt 7.962334 1.632671 0.000000
vt 7.828048 2.187705 0.000000
vt 7.504235 1.323199 0.000000
vt 7.160458 2.606193 0.000000
vt 7.764306 2.404151 0.000000
vt 7.694580 2.618745 0.000000
vt 7.618924 2.831321 0.000000
vt 7.401324 3.359284 0.000000
vt 6.599114 3.810000 0.000000
vt 6.882587 4.323700 0.000000
vt 5.837259 4.898042 0.000000
vt 6.238919 5.209633 0.000000
vt 5.482004 6.001001 0.000000
vt -7.401324 -3.359284 0.000000
vt -7.618924 -2.831321 0.000000
vt -7.160458 -2.606193 0.000000
vt -7.694580 -2.618745 0.000000
vt -7.764306 -2.404151 0.000000
vt -7.828048 -2.187705 0.000000
vt -7.504235 -1.323199 0.000000
vt -7.962334 -1.632671 0.000000
vt -8.109537 -0.547537 0.000000
vt -7.620000 0.000000 0.000000
vt -8.109537 0.547537 0.000000
vt -7.504235 1.323199 0.000000
vt -7.962334 1.632671 0.000000
vt -7.828048 2.187705 0.000000
vt -6.599114 -3.810000 0.000000
vt -6.882587 -4.323700 0.000000
vt -5.837259 -4.898042 0.000000
vt -6.238919 -5.209633 0.000000
vt -4.013259 7.068107 0.000000
vt -4.499631 6.768878 0.000000
vt -3.810000 6.599114 0.000000
vt -4.685786 6.641370 0.000000
vt -4.898042 5.837259 0.000000
vt -4.868330 6.508744 0.000000
vt -5.047123 6.371101 0.000000
vt -5.482004 6.001001 0.000000
vt 5.047123 6.371101 0.000000
vt 4.898042 5.837259 0.000000
vt 4.868330 6.508744 0.000000
vt 4.685786 6.641370 0.000000
vt 3.810000 6.599114 0.000000
vt 4.499631 6.768878 0.000000
vt 4.013259 7.068107 0.000000
vt -7.401324 3.359284 0.000000
vt -7.618924 2.831321 0.000000
vt -7.160458 2.606193 0.000000
vt -7.694580 2.618745 0.000000
vt -7.764306 2.404151 0.000000
vt 7.962334 -1.632671 0.000000
vt 7.828048 -2.187705 0.000000
vt 7.504235 -1.323199 0.000000
vt 7.160458 -2.606193 0.000000
vt 8.109537 -0.547537 0.000000
vt 7.620000 -0.000000 0.000000
vt 8.109537 0.547537 0.000000
vt 7.401324 -3.359284 0.000000
vt 7.618924 -2.831321 0.000000
vt 7.694580 -2.618745 0.000000
vt 7.764306 -2.404151 0.000000
vt 4.013259 -7.068107 0.000000
vt 4.499631 -6.768878 0.000000
vt 3.810000 -6.599114 0.000000
vt 4.685786 -6.641370 0.000000
vt 4.898042 -5.837259 0.000000
vt 4.868330 -6.508744 0.000000
vt 5.047123 -6.371101 0.000000
vt 5.482004 -6.001001 0.000000
vt 0.907734 -8.077153 0.000000
vt 0.338369 -8.120954 0.000000
vt -0.000000 -7.620000 0.000000
vt 0.112819 -8.127217 0.000000
vt -0.112819 -8.127217 0.000000
vt -0.338369 -8.120954 0.000000
vt -0.907734 -8.077153 0.000000
vt 1.323199 -7.504235 0.000000
vt 1.985246 -7.881826 0.000000
vt 2.606193 -7.160458 0.000000
vt 3.026723 -7.543430 0.000000
vt 6.599114 -3.810000 0.000000
vt 6.882587 -4.323700 0.000000
vt 5.837259 -4.898042 0.000000
vt 6.238919 -5.209633 0.000000
vt -1.323199 -7.504235 0.000000
vt -1.985246 -7.881826 0.000000
vt -2.606193 -7.160458 0.000000
vt -3.026723 -7.543430 0.000000
vt -6.599114 3.810000 0.000000
vt -6.882587 4.323700 0.000000
vt -5.837259 4.898042 0.000000
vt -6.238919 5.209633 0.000000
vt -3.026723 7.543430 0.000000
vt -2.606193 7.160458 0.000000
vt -1.985246 7.881826 0.000000
vt -1.323199 7.504235 0.000000
vt -0.907734 8.077153 0.000000
vt -0.000000 7.620000 0.000000
vt -0.338369 8.120954 0.000000
vt -0.112819 8.127217 0.000000
vt 0.000000 8.120954 0.000000
vt 0.112819 8.127217 0.000000
vt 0.338369 8.120954 0.000000
vt 0.907734 8.077153 0.000000
vt 1.323199 7.504235 0.000000
vt 1.985246 7.881826 0.000000
vt 2.606193 7.160458 0.000000
vt 3.026723 7.543430 0.000000
vt -4.389994 0.000000 0.000000
vt -0.000000 0.110632 0.000000
vt -4.389994 0.254000 0.000000
vt -0.000000 0.254000 0.000000
vt -0.000000 0.000000 0.000000
vt 0.000000 0.254000 0.000000
vt -4.389994 0.110632 0.000000
vt -4.389994 0.254000 0.000000
vt -4.264315 0.254000 0.000000
vt -0.000000 0.031953 0.000000
vt -0.000000 0.254000 0.000000
vt -4.389994 0.031953 0.000000
vt -0.125680 0.254000 0.000000
vt -4.389994 0.254000 0.000000
vt -4.127500 -1.107397 0.000000
vt -4.009335 -1.107397 0.000000
vt -4.127500 -0.345053 0.000000
vt -0.000000 0.345053 0.000000
vt -0.000000 1.150204 0.000000
vt 4.127500 -0.345053 0.000000
vt 4.009335 -1.107397 0.000000
vt 4.127500 -1.107397 0.000000
vt 1.270000 -22.608995 0.000000
vt 0.635000 -22.608995 0.000000
vt 1.270000 -23.938936 0.000000
vt 0.635000 -23.938936 0.000000
vt 1.270000 23.938936 0.000000
vt 0.635000 23.938936 0.000000
vt 1.270000 22.608995 0.000000
vt 0.635000 22.608995 0.000000
vt 1.270000 21.279054 0.000000
vt 0.635000 21.279054 0.000000
vt 1.270000 19.949113 0.000000
vt 0.635000 19.949113 0.000000
vt 1.270000 18.619172 0.000000
vt 0.635000 18.619172 0.000000
vt 1.270000 17.289232 0.000000
vt 0.635000 17.289232 0.000000
vt 1.270000 15.959291 0.000000
vt 0.635000 15.959291 0.000000
vt 1.270000 14.629350 0.000000
vt 0.635000 14.629350 0.000000
vt 1.270000 13.299409 0.000000
vt 0.635000 13.299409 0.000000
vt 1.270000 11.969468 0.000000
vt 0.635000 11.969468 0.000000
vt 1.270000 10.639527 0.000000
vt 0.635000 10.639527 0.000000
vt 1.270000 9.309586 0.000000
vt 0.635000 9.309586 0.000000
vt 1.270000 7.979645 0.000000
vt 0.635000 7.979645 0.000000
vt 1.270000 6.649704 0.000000
vt 0.635000 6.649704 0.000000
vt 1.270000 5.319764 0.000000
vt 0.635000 5.319764 0.000000
vt 1.270000 3.989823 0.000000
vt 0.635000 3.989823 0.000000
vt 1.270000 2.659882 0.000000
vt 0.635000 2.659882 0.000000
vt 1.270000 1.329941 0.000000
vt 0.635000 1.329941 0.000000
vt 1.270000 0.000000 0.000000
vt 0.635000 -0.000000 0.000000
vt 1.270000 -1.329941 0.000000
vt 0.635000 -1.329941 0.000000
vt 1.270000 -2.659882 0.000000
vt 0.635000 -2.659882 0.000000
vt 1.270000 -3.989823 0.000000
vt 0.635000 -3.989823 0.000000
vt 1.270000 -5.319764 0.000000
vt 0.635000 -5.319764 0.000000
vt 1.270000 -6.649704 0.000000
vt 0.635000 -6.649704 0.000000
vt 1.270000 -7.979645 0.000000
vt 0.635000 -7.979645 0.000000
vt 1.270000 -9.309586 0.000000
vt 0.635000 -9.309586 0.000000
vt 1.270000 -10.639527 0.000000
vt 0.635000 -10.639527 0.000000
vt 1.270000 -11.969468 0.000000
vt 0.635000 -11.969468 0.000000
vt 1.270000 -13.299409 0.000000
vt 0.635000 -13.299409 0.000000
vt 1.270000 -14.629350 0.000000
vt 0.635000 -14.629350 0.000000
vt 1.270000 -15.959291 0.000000
vt 0.635000 -15.959291 0.000000
vt 1.270000 -17.289232 0.000000
vt 0.635000 -17.289232 0.000000
vt 1.270000 -18.619172 0.000000
vt 0.635000 -18.619172 0.000000
vt 1.270000 -19.949113 0.000000
vt 0.635000 -19.949113 0.000000
vt 1.270000 -21.279054 0.000000
vt 0.635000 -21.279054 0.000000
vt 0.635000 -0.719948 0.000000
vt 0.000000 -0.719948 0.000000
vt 0.635000 -0.785398 0.000000
vt 0.000000 -0.785398 0.000000
vt 0.635000 0.785398 0.000000
vt 0.000000 0.785398 0.000000
vt 0.635000 0.719948 0.000000
vt 0.000000 0.719948 0.000000
vt 0.635000 0.654498 0.000000
vt 0.000000 0.654498 0.000000
vt 0.635000 0.589049 0.000000
vt 0.000000 0.589049 0.000000
vt 0.635000 0.523599 0.000000
vt 0.000000 0.523599 0.000000
vt 0.635000 0.458149 0.000000
vt -0.000000 0.458149 0.000000
vt 0.635000 0.392699 0.000000
vt 0.000000 0.392699 0.000000
vt 0.635000 0.327249 0.000000
vt -0.000000 0.327249 0.000000
vt 0.635000 0.261799 0.000000
vt 0.000000 0.261799 0.000000
vt 0.635000 0.196350 0.000000
vt 0.000000 0.196350 0.000000
vt 0.635000 0.130900 0.000000
vt 0.000000 0.130900 0.000000
vt 0.635000 0.065450 0.000000
vt 0.000000 0.065450 0.000000
vt 0.635000 0.000000 0.000000
vt 0.000000 0.000000 0.000000
vt 0.635000 -0.065450 0.000000
vt 0.000000 -0.065450 0.000000
vt 0.635000 -0.130900 0.000000
vt 0.000000 -0.130900 0.000000
vt 0.635000 -0.196350 0.000000
vt 0.000000 -0.196350 0.000000
vt 0.635000 -0.261799 0.000000
vt 0.000000 -0.261799 0.000000
vt 0.635000 -0.327249 0.000000
vt -0.000000 -0.327249 0.000000
vt 0.635000 -0.392699 0.000000
vt 0.000000 -0.392699 0.000000
vt 0.635000 -0.458149 0.000000
vt -0.000000 -0.458149 0.000000
vt 0.635000 -0.523599 0.000000
vt 0.000000 -0.523599 0.000000
vt 0.635000 -0.589049 0.000000
vt 0.000000 -0.589049 0.000000
vt 0.635000 -0.654498 0.000000
vt 0.000000 -0.654498 0.000000
vt 0.635000 -0.719948 0.000000
vt -0.000000 -0.719948 0.000000
vt 0.635000 -0.785398 0.000000
vt 0.000000 -0.785398 0.000000
vt 0.635000 0.785398 0.000000
vt 0.000000 0.785398 0.000000
vt 0.635000 0.719948 0.000000
vt -0.000000 0.719948 0.000000
vt 0.635000 0.654498 0.000000
vt 0.000000 0.654498 0.000000
vt 0.635000 0.589049 0.000000
vt 0.000000 0.589049 0.000000
vt 0.635000 0.523599 0.000000
vt 0.000000 0.523599 0.000000
vt 0.635000 0.458149 0.000000
vt 0.000000 0.458149 0.000000
vt 0.635000 0.392699 0.000000
vt 0.000000 0.392699 0.000000
vt 0.635000 0.327249 0.000000
vt 0.000000 0.327249 0.000000
vt 0.635000 0.261799 0.000000
vt 0.000000 0.261799 0.000000
vt 0.635000 0.196350 0.000000
vt 0.000000 0.196350 0.000000
vt 0.635000 0.130900 0.000000
vt 0.000000 0.130900 0.000000
vt 0.635000 0.065450 0.000000
vt -0.000000 0.065450 0.000000
vt 0.635000 0.000000 0.000000
vt 0.000000 0.000000 0.000000
vt 0.635000 -0.065450 0.000000
vt -0.000000 -0.065450 0.000000
vt 0.635000 -0.130900 0.000000
vt 0.000000 -0.130900 0.000000
vt 0.635000 -0.196350 0.000000
vt 0.000000 -0.196350 0.000000
vt 0.635000 -0.261799 0.000000
vt 0.000000 -0.261799 0.000000
vt 0.635000 -0.327249 0.000000
vt 0.000000 -0.327249 0.000000
vt 0.635000 -0.392699 0.000000
vt 0.000000 -0.392699 0.000000
vt 0.635000 -0.458149 0.000000
vt 0.000000 -0.458149 0.000000
vt 0.635000 -0.523599 0.000000
vt -0.000000 -0.523599 0.000000
vt 0.635000 -0.589049 0.000000
vt 0.000000 -0.589049 0.000000
vt 0.635000 -0.654498 0.000000
vt 0.000000 -0.654498 0.000000
vt 0.635000 -18.740076 0.000000
vt 0.000000 -18.740076 0.000000
vt 0.635000 -19.949113 0.000000
vt 0.000000 -19.949113 0.000000
vt 0.635000 19.949113 0.000000
vt 0.000000 19.949113 0.000000
vt 0.635000 18.740076 0.000000
vt 0.000000 18.740076 0.000000
vt 0.635000 17.531039 0.000000
vt 0.000000 17.531039 0.000000
vt 0.635000 16.322002 0.000000
vt 0.000000 16.322002 0.000000
vt 0.635000 15.112965 0.000000
vt 0.000000 15.112965 0.000000
vt 0.635000 13.903927 0.000000
vt 0.000000 13.903927 0.000000
vt 0.635000 12.694890 0.000000
vt -0.000000 12.694890 0.000000
vt 0.635000 11.485853 0.000000
vt 0.000000 11.485853 0.000000
vt 0.635000 10.276816 0.000000
vt 0.000000 10.276816 0.000000
vt 0.635000 9.067779 0.000000
vt 0.000000 9.067779 0.000000
vt 0.635000 7.858742 0.000000
vt 0.000000 7.858742 0.000000
vt 0.635000 6.649704 0.000000
vt 0.000000 6.649704 0.000000
vt 0.635000 5.440667 0.000000
vt -0.000000 5.440667 0.000000
vt 0.635000 4.231630 0.000000
vt -0.000000 4.231630 0.000000
vt 0.635000 3.022593 0.000000
vt 0.000000 3.022593 0.000000
vt 0.635000 1.813556 0.000000
vt 0.000000 1.813556 0.000000
vt 0.635000 0.604519 0.000000
vt 0.000000 0.604519 0.000000
vt 0.635000 -0.604519 0.000000
vt 0.000000 -0.604519 0.000000
vt 0.635000 -1.813556 0.000000
vt 0.000000 -1.813556 0.000000
vt 0.635000 -3.022593 0.000000
vt 0.000000 -3.022593 0.000000
vt 0.635000 -4.231630 0.000000
vt 0.000000 -4.231630 0.000000
vt 0.635000 -5.440667 0.000000
vt -0.000000 -5.440667 0.000000
vt 0.635000 -6.649704 0.000000
vt 0.000000 -6.649704 0.000000
vt 0.635000 -7.858742 0.000000
vt 0.000000 -7.858742 0.000000
vt 0.635000 -9.067779 0.000000
vt 0.000000 -9.067779 0.000000
vt 0.635000 -10.276816 0.000000
vt 0.000000 -10.276816 0.000000
vt 0.635000 -11.485853 0.000000
vt 0.000000 -11.485853 0.000000
vt 0.635000 -12.694890 0.000000
vt 0.000000 -12.694890 0.000000
vt 0.635000 -13.903927 0.000000
vt 0.000000 -13.903927 0.000000
vt 0.635000 -15.112965 0.000000
vt 0.000000 -15.112965 0.000000
vt 0.635000 -16.322002 0.000000
vt 0.000000 -16.322002 0.000000
vt 0.635000 -17.531039 0.000000
vt 0.000000 -17.531039 0.000000
vt 0.635000 -0.719948 0.000000
vt -0.000000 -0.719948 0.000000
vt 0.635000 -0.785398 0.000000
vt 0.000000 -0.785398 0.000000
vt 0.635000 0.785398 0.000000
vt 0.000000 0.785398 0.000000
vt 0.635000 0.719948 0.000000
vt -0.000000 0.719948 0.000000
vt 0.635000 0.654498 0.000000
vt 0.000000 0.654498 0.000000
vt 0.635000 0.589049 0.000000
vt 0.000000 0.589049 0.000000
vt 0.635000 0.523599 0.000000
vt 0.000000 0.523599 0.000000
vt 0.635000 0.458149 0.000000
vt 0.000000 0.458149 0.000000
vt 0.635000 0.392699 0.000000
vt 0.000000 0.392699 0.000000
vt 0.635000 0.327249 0.000000
vt 0.000000 0.327249 0.000000
vt 0.635000 0.261799 0.000000
vt 0.000000 0.261799 0.000000
vt 0.635000 0.196350 0.000000
vt 0.000000 0.196350 0.000000
vt 0.635000 0.130900 0.000000
vt 0.000000 0.130900 0.000000
vt 0.635000 0.065450 0.000000
vt -0.000000 0.065450 0.000000
vt 0.635000 0.000000 0.000000
vt 0.000000 0.000000 0.000000
vt 0.635000 -0.065450 0.000000
vt -0.000000 -0.065450 0.000000
vt 0.635000 -0.130900 0.000000
vt 0.000000 -0.130900 0.000000
vt 0.635000 -0.196350 0.000000
vt 0.000000 -0.196350 0.000000
vt 0.635000 -0.261799 0.000000
vt 0.000000 -0.261799 0.000000
vt 0.635000 -0.327249 0.000000
vt 0.000000 -0.327249 0.000000
vt 0.635000 -0.392699 0.000000
vt 0.000000 -0.392699 0.000000
vt 0.635000 -0.458149 0.000000
vt 0.000000 -0.458149 0.000000
vt 0.635000 -0.523599 0.000000
vt -0.000000 -0.523599 0.000000
vt 0.635000 -0.589049 0.000000
vt 0.000000 -0.589049 0.000000
vt 0.635000 -0.654498 0.000000
vt 0.000000 -0.654498 0.000000
vt 0.635000 -0.719948 0.000000
vt 0.000000 -0.719948 0.000000
vt 0.635000 -0.785398 0.000000
vt 0.000000 -0.785398 0.000000
vt 0.635000 0.785398 0.000000
vt 0.000000 0.785398 0.000000
vt 0.635000 0.719948 0.000000
vt 0.000000 0.719948 0.000000
vt 0.635000 0.654498 0.000000
vt 0.000000 0.654498 0.000000
vt 0.635000 0.589049 0.000000
vt 0.000000 0.589049 0.000000
vt 0.635000 0.523599 0.000000
vt 0.000000 0.523599 0.000000
vt 0.635000 0.458149 0.000000
vt -0.000000 0.458149 0.000000
vt 0.635000 0.392699 0.000000
vt 0.000000 0.392699 0.000000
vt 0.635000 0.327249 0.000000
vt -0.000000 0.327249 0.000000
vt 0.635000 0.261799 0.000000
vt 0.000000 0.261799 0.000000
vt 0.635000 0.196350 0.000000
vt 0.000000 0.196350 0.000000
vt 0.635000 0.130900 0.000000
vt 0.000000 0.130900 0.000000
vt 0.635000 0.065450 0.000000
vt 0.000000 0.065450 0.000000
vt 0.635000 0.000000 0.000000
vt 0.000000 0.000000 0.000000
vt 0.635000 -0.065450 0.000000
vt 0.000000 -0.065450 0.000000
vt 0.635000 -0.130900 0.000000
vt 0.000000 -0.130900 0.000000
vt 0.635000 -0.196350 0.000000
vt 0.000000 -0.196350 0.000000
vt 0.635000 -0.261799 0.000000
vt 0.000000 -0.261799 0.000000
vt 0.635000 -0.327249 0.000000
vt -0.000000 -0.327249 0.000000
vt 0.635000 -0.392699 0.000000
vt 0.000000 -0.392699 0.000000
vt 0.635000 -0.458149 0.000000
vt -0.000000 -0.458149 0.000000
vt 0.635000 -0.523599 0.000000
vt 0.000000 -0.523599 0.000000
vt 0.635000 -0.589049 0.000000
vt 0.000000 -0.589049 0.000000
vt 0.635000 -0.654498 0.000000
vt 0.000000 -0.654498 0.000000
vt -0.241481 -7.049705 0.000000
vt -0.250000 -6.985000 0.000000
vt -1.323199 -7.504235 0.000000
vt -0.241481 -6.920295 0.000000
vt -1.497069 -6.171003 0.000000
vt -0.302145 -6.342808 0.000000
vt -0.216506 -6.860000 0.000000
vt -0.176777 -6.808224 0.000000
vt -0.125000 -6.768494 0.000000
vt -0.064705 -6.743519 0.000000
vt 0.000000 -6.735000 0.000000
vt 0.064705 -6.743519 0.000000
vt 0.903699 -6.285366 0.000000
vt 0.125000 -6.768494 0.000000
vt 0.176777 -6.808224 0.000000
vt 0.216506 -6.860000 0.000000
vt 0.241481 -6.920295 0.000000
vt 0.250000 -6.985000 0.000000
vt 1.323199 -7.504235 0.000000
vt 0.241481 -7.049705 0.000000
vt 0.216506 -7.110000 0.000000
vt 0.176777 -7.161777 0.000000
vt 0.000000 -7.620000 0.000000
vt 0.125000 -7.201507 0.000000
vt 0.064705 -7.226482 0.000000
vt 0.000000 -7.235000 0.000000
vt -0.064705 -7.226482 0.000000
vt -0.125000 -7.201507 0.000000
vt -0.176777 -7.161777 0.000000
vt -0.216506 -7.110000 0.000000
vt -7.226482 -0.064705 0.000000
vt -7.235000 -0.000000 0.000000
vt -7.620000 -0.000000 0.000000
vt -7.226482 0.064705 0.000000
vt -7.201507 0.125000 0.000000
vt -7.161777 0.176777 0.000000
vt -7.504235 1.323199 0.000000
vt -7.110000 0.216506 0.000000
vt -7.049705 0.241481 0.000000
vt -6.985000 0.250000 0.000000
vt -6.235247 1.201745 0.000000
vt -7.160458 2.606193 0.000000
vt -5.895136 2.360057 0.000000
vt -6.599114 3.810000 0.000000
vt -5.341960 3.433069 0.000000
vt -5.837259 4.898042 0.000000
vt -4.595711 4.382002 0.000000
vt -4.898042 5.837259 0.000000
vt -3.683361 5.172557 0.000000
vt -3.810000 6.599114 0.000000
vt -2.637885 5.776163 0.000000
vt -2.606193 7.160458 0.000000
vt -1.497069 6.171003 0.000000
vt -1.323199 7.504235 0.000000
vt -0.241481 6.920295 0.000000
vt -0.250000 6.985000 0.000000
vt -6.920295 0.241481 0.000000
vt -6.860000 0.216506 0.000000
vt -6.808224 0.176777 0.000000
vt -6.350000 -0.000000 0.000000
vt -6.768494 0.125000 0.000000
vt -6.743519 0.064705 0.000000
vt -6.735000 -0.000000 0.000000
vt -6.743519 -0.064705 0.000000
vt -6.768494 -0.125000 0.000000
vt -6.808224 -0.176777 0.000000
vt -6.235247 -1.201745 0.000000
vt -6.860000 -0.216506 0.000000
vt -6.920295 -0.241481 0.000000
vt -6.985000 -0.250000 0.000000
vt -7.504235 -1.323199 0.000000
vt -7.160458 -2.606193 0.000000
vt -7.049705 -0.241481 0.000000
vt -7.110000 -0.216506 0.000000
vt -7.161777 -0.176777 0.000000
vt -7.201507 -0.125000 0.000000
vt -0.302145 6.342808 0.000000
vt -0.216506 6.860000 0.000000
vt -0.176777 6.808224 0.000000
vt -0.125000 6.768494 0.000000
vt -0.064705 6.743519 0.000000
vt -0.000000 6.735000 0.000000
vt 0.064705 6.743519 0.000000
vt 0.903699 6.285366 0.000000
vt 0.125000 6.768494 0.000000
vt 0.176777 6.808224 0.000000
vt 0.216506 6.860000 0.000000
vt 0.241481 6.920295 0.000000
vt 0.250000 6.985000 0.000000
vt 1.323199 7.504235 0.000000
vt 0.241481 7.049705 0.000000
vt 0.216506 7.110000 0.000000
vt 0.176777 7.161777 0.000000
vt 0.000000 7.620000 0.000000
vt 0.125000 7.201507 0.000000
vt 0.064705 7.226482 0.000000
vt -0.000000 7.235000 0.000000
vt -0.064705 7.226482 0.000000
vt -0.125000 7.201507 0.000000
vt -0.176777 7.161777 0.000000
vt -0.216506 7.110000 0.000000
vt -0.241481 7.049705 0.000000
vt 2.076882 6.000755 0.000000
vt 2.606193 7.160458 0.000000
vt 3.175000 5.499261 0.000000
vt 3.810000 6.599114 0.000000
vt 4.898042 5.837259 0.000000
vt 4.158366 4.799010 0.000000
vt 5.837259 4.898042 0.000000
vt 4.991437 3.925310 0.000000
vt 6.599114 3.810000 0.000000
vt 5.644105 2.909738 0.000000
vt 7.160458 2.606193 0.000000
vt 6.092780 1.789002 0.000000
vt 7.504235 1.323199 0.000000
vt 6.321247 0.603606 0.000000
vt 6.985000 0.250000 0.000000
vt 6.920295 0.241481 0.000000
vt 6.860000 0.216506 0.000000
vt 6.808224 0.176777 0.000000
vt 6.768494 0.125000 0.000000
vt 6.743519 0.064705 0.000000
vt 6.735000 0.000000 0.000000
vt 6.321247 -0.603606 0.000000
vt 6.743519 -0.064705 0.000000
vt 6.768494 -0.125000 0.000000
vt 6.808224 -0.176777 0.000000
vt 6.860000 -0.216506 0.000000
vt 6.920295 -0.241481 0.000000
vt 6.985000 -0.250000 0.000000
vt 7.504235 -1.323199 0.000000
vt 7.049705 -0.241481 0.000000
vt 7.110000 -0.216506 0.000000
vt 7.161777 -0.176777 0.000000
vt 7.620000 0.000000 0.000000
vt 7.201507 -0.125000 0.000000
vt 7.226482 -0.064705 0.000000
vt 7.235000 0.000000 0.000000
vt 7.226482 0.064705 0.000000
vt 7.201507 0.125000 0.000000
vt 7.161777 0.176777 0.000000
vt 7.110000 0.216506 0.000000
vt 7.049705 0.241481 0.000000
vt 6.092780 -1.789002 0.000000
vt 7.160458 -2.606193 0.000000
vt 5.644105 -2.909738 0.000000
vt 6.599114 -3.810000 0.000000
vt 4.991437 -3.925310 0.000000
vt 5.837259 -4.898042 0.000000
vt 4.158366 -4.799010 0.000000
vt 4.898042 -5.837259 0.000000
vt 3.175000 -5.499261 0.000000
vt 3.810000 -6.599114 0.000000
vt 2.606193 -7.160458 0.000000
vt 2.076882 -6.000755 0.000000
vt -2.606193 -7.160458 0.000000
vt -2.637885 -5.776163 0.000000
vt -3.810000 -6.599114 0.000000
vt -3.683361 -5.172557 0.000000
vt -4.898042 -5.837259 0.000000
vt -4.595711 -4.382002 0.000000
vt -5.837259 -4.898042 0.000000
vt -5.341960 -3.433069 0.000000
vt -6.599114 -3.810000 0.000000
vt -5.895136 -2.360057 0.000000
vt 0.241481 -6.920295 0.000000
vt 0.250000 -6.985000 0.000000
vt 1.323199 -7.504235 0.000000
vt 0.241481 -7.049705 0.000000
vt 0.216506 -7.110000 0.000000
vt 0.176777 -7.161777 0.000000
vt -0.000000 -7.620000 0.000000
vt 0.125000 -7.201507 0.000000
vt 0.064705 -7.226482 0.000000
vt -0.000000 -7.235000 0.000000
vt -0.064705 -7.226482 0.000000
vt -0.125000 -7.201507 0.000000
vt -0.176777 -7.161777 0.000000
vt -1.323199 -7.504235 0.000000
vt -0.216506 -7.110000 0.000000
vt -0.241481 -7.049705 0.000000
vt -0.250000 -6.985000 0.000000
vt -0.903699 -6.285366 0.000000
vt -2.076882 -6.000755 0.000000
vt -0.241481 -6.920295 0.000000
vt -0.216506 -6.860000 0.000000
vt -0.176777 -6.808224 0.000000
vt -0.125000 -6.768494 0.000000
vt -0.064705 -6.743519 0.000000
vt 0.302145 -6.342808 0.000000
vt -0.000000 -6.735000 0.000000
vt 0.064705 -6.743519 0.000000
vt 0.125000 -6.768494 0.000000
vt 0.176777 -6.808224 0.000000
vt 0.216506 -6.860000 0.000000
vt 1.497069 -6.171003 0.000000
vt 2.606193 -7.160458 0.000000
vt 7.226482 0.064705 0.000000
vt 7.235000 -0.000000 0.000000
vt 7.620000 -0.000000 0.000000
vt 7.226482 -0.064705 0.000000
vt 7.201507 -0.125000 0.000000
vt 7.161777 -0.176777 0.000000
vt 7.504235 -1.323199 0.000000
vt 7.110000 -0.216506 0.000000
vt 7.049705 -0.241481 0.000000
vt 6.985000 -0.250000 0.000000
vt 6.235247 -1.201745 0.000000
vt 7.160458 -2.606193 0.000000
vt 5.895136 -2.360057 0.000000
vt 6.599114 -3.810000 0.000000
vt 5.341960 -3.433069 0.000000
vt 5.837259 -4.898042 0.000000
vt 4.595711 -4.382002 0.000000
vt 4.898042 -5.837259 0.000000
vt 3.683361 -5.172557 0.000000
vt 3.810000 -6.599114 0.000000
vt 2.637885 -5.776163 0.000000
vt 6.920295 -0.241481 0.000000
vt 6.860000 -0.216506 0.000000
vt 6.808224 -0.176777 0.000000
vt 6.350000 -0.000000 0.000000
vt 6.768494 -0.125000 0.000000
vt 6.743519 -0.064705 0.000000
vt 6.735000 -0.000000 0.000000
vt 6.743519 0.064705 0.000000
vt 6.768494 0.125000 0.000000
vt 6.808224 0.176777 0.000000
vt 6.235247 1.201745 0.000000
vt 6.860000 0.216506 0.000000
vt 6.920295 0.241481 0.000000
vt 6.985000 0.250000 0.000000
vt 7.504235 1.323199 0.000000
vt 7.160458 2.606193 0.000000
vt 7.049705 0.241481 0.000000
vt 7.110000 0.216506 0.000000
vt 7.161777 0.176777 0.000000
vt 7.201507 0.125000 0.000000
vt -2.606193 -7.160458 0.000000
vt -3.175000 -5.499261 0.000000
vt -3.810000 -6.599114 0.000000
vt -4.898042 -5.837259 0.000000
vt -4.158366 -4.799010 0.000000
vt -5.837259 -4.898042 0.000000
vt -4.991437 -3.925310 0.000000
vt -6.599114 -3.810000 0.000000
vt -5.644105 -2.909738 0.000000
vt -7.160458 -2.606193 0.000000
vt -6.092780 -1.789002 0.000000
vt -7.504235 -1.323199 0.000000
vt -6.321247 -0.603606 0.000000
vt -6.985000 -0.250000 0.000000
vt -6.920295 -0.241481 0.000000
vt -6.860000 -0.216506 0.000000
vt -6.808224 -0.176777 0.000000
vt -6.768494 -0.125000 0.000000
vt -6.743519 -0.064705 0.000000
vt -6.735000 0.000000 0.000000
vt -6.321247 0.603606 0.000000
vt -6.743519 0.064705 0.000000
vt -6.768494 0.125000 0.000000
vt -6.808224 0.176777 0.000000
vt -6.860000 0.216506 0.000000
vt -6.920295 0.241481 0.000000
vt -6.985000 0.250000 0.000000
vt -7.504235 1.323199 0.000000
vt -7.049705 0.241481 0.000000
vt -7.110000 0.216506 0.000000
vt -7.161777 0.176777 0.000000
vt -7.620000 -0.000000 0.000000
vt -7.201507 0.125000 0.000000
vt -7.226482 0.064705 0.000000
vt -7.235000 0.000000 0.000000
vt -7.226482 -0.064705 0.000000
vt -7.201507 -0.125000 0.000000
vt -7.161777 -0.176777 0.000000
vt -7.110000 -0.216506 0.000000
vt -7.049705 -0.241481 0.000000
vt -6.092780 1.789002 0.000000
vt -7.160458 2.606193 0.000000
vt -5.644105 2.909738 0.000000
vt -6.599114 3.810000 0.000000
vt -4.991437 3.925310 0.000000
vt -5.837259 4.898042 0.000000
vt -4.158366 4.799010 0.000000
vt -4.898042 5.837259 0.000000
vt -3.175000 5.499261 0.000000
vt -3.810000 6.599114 0.000000
vt -2.606193 7.160458 0.000000
vt -2.076882 6.000755 0.000000
vt -1.323199 7.504235 0.000000
vt -0.903699 6.285366 0.000000
vt -0.250000 6.985000 0.000000
vt -0.241481 6.920295 0.000000
vt -0.216506 6.860000 0.000000
vt -0.176777 6.808224 0.000000
vt -0.125000 6.768494 0.000000
vt -0.064705 6.743519 0.000000
vt 0.302145 6.342808 0.000000
vt 0.000000 6.735000 0.000000
vt 0.064705 6.743519 0.000000
vt 0.125000 6.768494 0.000000
vt 0.176777 6.808224 0.000000
vt 0.216506 6.860000 0.000000
vt 0.241481 6.920295 0.000000
vt 1.497069 6.171003 0.000000
vt 1.323199 7.504235 0.000000
vt 2.606193 7.160458 0.000000
vt 2.637885 5.776163 0.000000
vt 3.810000 6.599114 0.000000
vt 3.683361 5.172557 0.000000
vt 4.898042 5.837259 0.000000
vt 4.595711 4.382002 0.000000
vt 5.837259 4.898042 0.000000
vt 5.341960 3.433069 0.000000
vt 6.599114 3.810000 0.000000
vt 5.895136 2.360057 0.000000
vt 0.241481 7.049705 0.000000
vt 0.250000 6.985000 0.000000
vt -0.241481 7.049705 0.000000
vt -0.216506 7.110000 0.000000
vt -0.176777 7.161777 0.000000
vt -0.000000 7.620000 0.000000
vt -0.125000 7.201507 0.000000
vt -0.064705 7.226482 0.000000
vt 0.000000 7.235000 0.000000
vt 0.064705 7.226482 0.000000
vt 0.125000 7.201507 0.000000
vt 0.176777 7.161777 0.000000
vt 0.216506 7.110000 0.000000
vt 6.350000 -22.608995 0.000000
vt 0.635000 -22.608995 0.000000
vt 6.350000 -23.938936 0.000000
vt 0.635000 -23.938936 0.000000
vt 6.350000 23.938936 0.000000
vt 0.635000 23.938936 0.000000
vt 6.350000 22.608995 0.000000
vt 0.635000 22.608995 0.000000
vt 6.350000 21.279054 0.000000
vt 0.635000 21.279054 0.000000
vt 6.350000 19.949113 0.000000
vt 0.635000 19.949113 0.000000
vt 6.350000 18.619172 0.000000
vt 0.635000 18.619172 0.000000
vt 6.350000 17.289232 0.000000
vt 0.635000 17.289232 0.000000
vt 6.350000 15.959291 0.000000
vt 0.635000 15.959291 0.000000
vt 6.350000 14.629350 0.000000
vt 0.635000 14.629350 0.000000
vt 6.350000 13.299409 0.000000
vt 0.635000 13.299409 0.000000
vt 6.350000 11.969468 0.000000
vt 0.635000 11.969468 0.000000
vt 6.350000 10.639527 0.000000
vt 0.635000 10.639527 0.000000
vt 6.350000 9.309586 0.000000
vt 0.635000 9.309586 0.000000
vt 6.350000 7.979645 0.000000
vt 0.635000 7.979645 0.000000
vt 6.350000 6.649704 0.000000
vt 0.635000 6.649704 0.000000
vt 6.350000 5.319764 0.000000
vt 0.635000 5.319764 0.000000
vt 6.350000 3.989823 0.000000
vt 0.635000 3.989823 0.000000
vt 6.350000 2.659882 0.000000
vt 0.635000 2.659882 0.000000
vt 6.350000 1.329941 0.000000
vt 0.635000 1.329941 0.000000
vt 6.350000 0.000000 0.000000
vt 0.635000 0.000000 0.000000
vt 6.350000 -1.329941 0.000000
vt 0.635000 -1.329941 0.000000
vt 6.350000 -2.659882 0.000000
vt 0.635000 -2.659882 0.000000
vt 6.350000 -3.989823 0.000000
vt 0.635000 -3.989823 0.000000
vt 6.350000 -5.319764 0.000000
vt 0.635000 -5.319764 0.000000
vt 6.350000 -6.649704 0.000000
vt 0.635000 -6.649704 0.000000
vt 6.350000 -7.979645 0.000000
vt 0.635000 -7.979645 0.000000
vt 6.350000 -9.309586 0.000000
vt 0.635000 -9.309586 0.000000
vt 6.350000 -10.639527 0.000000
vt 0.635000 -10.639527 0.000000
vt 6.350000 -11.969468 0.000000
vt 0.635000 -11.969468 0.000000
vt 6.350000 -13.299409 0.000000
vt 0.635000 -13.299409 0.000000
vt 6.350000 -14.629350 0.000000
vt 0.635000 -14.629350 0.000000
vt 6.350000 -15.959291 0.000000
vt 0.635000 -15.959291 0.000000
vt 6.350000 -17.289232 0.000000
vt 0.635000 -17.289232 0.000000
vt 6.350000 -18.619172 0.000000
vt 0.635000 -18.619172 0.000000
vt 6.350000 -19.949113 0.000000
vt 0.635000 -19.949113 0.000000
vt 6.350000 -21.279054 0.000000
vt 0.635000 -21.279054 0.000000
vt 0.635000 -18.740076 0.000000
vt 0.000000 -18.740076 0.000000
vt 0.635000 -19.949113 0.000000
vt 0.000000 -19.949113 0.000000
vt 0.635000 19.949113 0.000000
vt 0.000000 19.949113 0.000000
vt 0.635000 18.740076 0.000000
vt 0.000000 18.740076 0.000000
vt 0.635000 17.531039 0.000000
vt 0.000000 17.531039 0.000000
vt 0.635000 16.322002 0.000000
vt 0.000000 16.322002 0.000000
vt 0.635000 15.112965 0.000000
vt 0.000000 15.112965 0.000000
vt 0.635000 13.903927 0.000000
vt 0.000000 13.903927 0.000000
vt 0.635000 12.694890 0.000000
vt 0.000000 12.694890 0.000000
vt 0.635000 11.485853 0.000000
vt 0.000000 11.485853 0.000000
vt 0.635000 10.276816 0.000000
vt 0.000000 10.276816 0.000000
vt 0.635000 9.067779 0.000000
vt 0.000000 9.067779 0.000000
vt 0.635000 7.858742 0.000000
vt 0.000000 7.858742 0.000000
vt 0.635000 6.649704 0.000000
vt 0.000000 6.649704 0.000000
vt 0.635000 5.440667 0.000000
vt 0.000000 5.440667 0.000000
vt 0.635000 4.231630 0.000000
vt 0.000000 4.231630 0.000000
vt 0.635000 3.022593 0.000000
vt 0.000000 3.022593 0.000000
vt 0.635000 1.813556 0.000000
vt 0.000000 1.813556 0.000000
vt 0.635000 0.604519 0.000000
vt 0.000000 0.604519 0.000000
vt 0.635000 -0.604519 0.000000
vt 0.000000 -0.604519 0.000000
vt 0.635000 -1.813556 0.000000
vt 0.000000 -1.813556 0.000000
vt 0.635000 -3.022593 0.000000
vt 0.000000 -3.022593 0.000000
vt 0.635000 -4.231630 0.000000
vt 0.000000 -4.231630 0.000000
vt 0.635000 -5.440667 0.000000
vt 0.000000 -5.440667 0.000000
vt 0.635000 -6.649704 0.000000
vt 0.000000 -6.649704 0.000000
vt 0.635000 -7.858742 0.000000
vt 0.000000 -7.858742 0.000000
vt 0.635000 -9.067779 0.000000
vt 0.000000 -9.067779 0.000000
vt 0.635000 -10.276816 0.000000
vt 0.000000 -10.276816 0.000000
vt 0.635000 -11.485853 0.000000
vt 0.000000 -11.485853 0.000000
vt 0.635000 -12.694890 0.000000
vt 0.000000 -12.694890 0.000000
vt 0.635000 -13.903927 0.000000
vt 0.000000 -13.903927 0.000000
vt 0.635000 -15.112965 0.000000
vt 0.000000 -15.112965 0.000000
vt 0.635000 -16.322002 0.000000
vt 0.000000 -16.322002 0.000000
vt 0.635000 -17.531039 0.000000
vt 0.000000 -17.531039 0.000000
vt 0.635000 -0.719948 0.000000
vt -0.000000 -0.719948 0.000000
vt 0.635000 -0.785398 0.000000
vt 0.000000 -0.785398 0.000000
vt 0.635000 0.785398 0.000000
vt 0.000000 0.785398 0.000000
vt 0.635000 0.719948 0.000000
vt -0.000000 0.719948 0.000000
vt 0.635000 0.654498 0.000000
vt 0.000000 0.654498 0.000000
vt 0.635000 0.589049 0.000000
vt 0.000000 0.589049 0.000000
vt 0.635000 0.523599 0.000000
vt 0.000000 0.523599 0.000000
vt 0.635000 0.458149 0.000000
vt 0.000000 0.458149 0.000000
vt 0.635000 0.392699 0.000000
vt 0.000000 0.392699 0.000000
vt 0.635000 0.327249 0.000000
vt 0.000000 0.327249 0.000000
vt 0.635000 0.261799 0.000000
vt 0.000000 0.261799 0.000000
vt 0.635000 0.196350 0.000000
vt 0.000000 0.196350 0.000000
vt 0.635000 0.130900 0.000000
vt 0.000000 0.130900 0.000000
vt 0.635000 0.065450 0.000000
vt -0.000000 0.065450 0.000000
vt 0.635000 0.000000 0.000000
vt 0.000000 0.000000 0.000000
vt 0.635000 -0.065450 0.000000
vt -0.000000 -0.065450 0.000000
vt 0.635000 -0.130900 0.000000
vt 0.000000 -0.130900 0.000000
vt 0.635000 -0.196350 0.000000
vt 0.000000 -0.196350 0.000000
vt 0.635000 -0.261799 0.000000
vt 0.000000 -0.261799 0.000000
vt 0.635000 -0.327249 0.000000
vt 0.000000 -0.327249 0.000000
vt 0.635000 -0.392699 0.000000
vt 0.000000 -0.392699 0.000000
vt 0.635000 -0.458149 0.000000
vt 0.000000 -0.458149 0.000000
vt 0.635000 -0.523599 0.000000
vt -0.000000 -0.523599 0.000000
vt 0.635000 -0.589049 0.000000
vt 0.000000 -0.589049 0.000000
vt 0.635000 -0.654498 0.000000
vt 0.000000 -0.654498 0.000000
vt 0.635000 -0.719948 0.000000
vt 0.000000 -0.719948 0.000000
vt 0.635000 -0.785398 0.000000
vt 0.000000 -0.785398 0.000000
vt 0.635000 0.785398 0.000000
vt 0.000000 0.785398 0.000000
vt 0.635000 0.719948 0.000000
vt 0.000000 0.719948 0.000000
vt 0.635000 0.654498 0.000000
vt 0.000000 0.654498 0.000000
vt 0.635000 0.589049 0.000000
vt 0.000000 0.589049 0.000000
vt 0.635000 0.523599 0.000000
vt 0.000000 0.523599 0.000000
vt 0.635000 0.458149 0.000000
vt -0.000000 0.458149 0.000000
vt 0.635000 0.392699 0.000000
vt 0.000000 0.392699 0.000000
vt 0.635000 0.327249 0.000000
vt -0.000000 0.327249 0.000000
vt 0.635000 0.261799 0.000000
vt 0.000000 0.261799 0.000000
vt 0.635000 0.196350 0.000000
vt 0.000000 0.196350 0.000000
vt 0.635000 0.130900 0.000000
vt 0.000000 0.130900 0.000000
vt 0.635000 0.065450 0.000000
vt 0.000000 0.065450 0.000000
vt 0.635000 0.000000 0.000000
vt 0.000000 0.000000 0.000000
vt 0.635000 -0.065450 0.000000
vt 0.000000 -0.065450 0.000000
vt 0.635000 -0.130900 0.000000
vt 0.000000 -0.130900 0.000000
vt 0.635000 -0.196350 0.000000
vt 0.000000 -0.196350 0.000000
vt 0.635000 -0.261799 0.000000
vt 0.000000 -0.261799 0.000000
vt 0.635000 -0.327249 0.000000
vt -0.000000 -0.327249 0.000000
vt 0.635000 -0.392699 0.000000
vt 0.000000 -0.392699 0.000000
vt 0.635000 -0.458149 0.000000
vt -0.000000 -0.458149 0.000000
vt 0.635000 -0.523599 0.000000
vt -0.000000 -0.523599 0.000000
vt 0.635000 -0.589049 0.000000
vt 0.000000 -0.589049 0.000000
vt 0.635000 -0.654498 0.000000
vt 0.000000 -0.654498 0.000000
vt 0.635000 -0.719948 0.000000
vt -0.000000 -0.719948 0.000000
vt 0.635000 -0.785398 0.000000
vt 0.000000 -0.785398 0.000000
vt 0.635000 0.785398 0.000000
vt 0.000000 0.785398 0.000000
vt 0.635000 0.719948 0.000000
vt -0.000000 0.719948 0.000000
vt 0.635000 0.654498 0.000000
vt 0.000000 0.654498 0.000000
vt 0.635000 0.589049 0.000000
vt 0.000000 0.589049 0.000000
vt 0.635000 0.523599 0.000000
vt 0.000000 0.523599 0.000000
vt 0.635000 0.458149 0.000000
vt 0.000000 0.458149 0.000000
vt 0.635000 0.392699 0.000000
vt 0.000000 0.392699 0.000000
vt 0.635000 0.327249 0.000000
vt 0.000000 0.327249 0.000000
vt 0.635000 0.261799 0.000000
vt 0.000000 0.261799 0.000000
vt 0.635000 0.196350 0.000000
vt 0.000000 0.196350 0.000000
vt 0.635000 0.130900 0.000000
vt 0.000000 0.130900 0.000000
vt 0.635000 0.065450 0.000000
vt -0.000000 0.065450 0.000000
vt 0.635000 0.000000 0.000000
vt 0.000000 0.000000 0.000000
vt 0.635000 -0.065450 0.000000
vt -0.000000 -0.065450 0.000000
vt 0.635000 -0.130900 0.000000
vt 0.000000 -0.130900 0.000000
vt 0.635000 -0.196350 0.000000
vt 0.000000 -0.196350 0.000000
vt 0.635000 -0.261799 0.000000
vt 0.000000 -0.261799 0.000000
vt 0.635000 -0.327249 0.000000
vt 0.000000 -0.327249 0.000000
vt 0.635000 -0.392699 0.000000
vt 0.000000 -0.392699 0.000000
vt 0.635000 -0.458149 0.000000
vt 0.000000 -0.458149 0.000000
vt 0.635000 -0.523599 0.000000
vt -0.000000 -0.523599 0.000000
vt 0.635000 -0.589049 0.000000
vt 0.000000 -0.589049 0.000000
vt 0.635000 -0.654498 0.000000
vt 0.000000 -0.654498 0.000000
vt 0.635000 -0.719948 0.000000
vt 0.000000 -0.719948 0.000000
vt 0.635000 -0.785398 0.000000
vt 0.000000 -0.785398 0.000000
vt 0.635000 0.785398 0.000000
vt 0.000000 0.785398 0.000000
vt 0.635000 0.719948 0.000000
vt 0.000000 0.719948 0.000000
vt 0.635000 0.654498 0.000000
vt 0.000000 0.654498 0.000000
vt 0.635000 0.589049 0.000000
vt 0.000000 0.589049 0.000000
vt 0.635000 0.523599 0.000000
vt 0.000000 0.523599 0.000000
vt 0.635000 0.458149 0.000000
vt -0.000000 0.458149 0.000000
vt 0.635000 0.392699 0.000000
vt 0.000000 0.392699 0.000000
vt 0.635000 0.327249 0.000000
vt -0.000000 0.327249 0.000000
vt 0.635000 0.261799 0.000000
vt 0.000000 0.261799 0.000000
vt 0.635000 0.196350 0.000000
vt 0.000000 0.196350 0.000000
vt 0.635000 0.130900 0.000000
vt 0.000000 0.130900 0.000000
vt 0.635000 0.065450 0.000000
vt 0.000000 0.065450 0.000000
vt 0.635000 0.000000 0.000000
vt 0.000000 0.000000 0.000000
vt 0.635000 -0.065450 0.000000
vt 0.000000 -0.065450 0.000000
vt 0.635000 -0.130900 0.000000
vt 0.000000 -0.130900 0.000000
vt 0.635000 -0.196350 0.000000
vt 0.000000 -0.196350 0.000000
vt 0.635000 -0.261799 0.000000
vt 0.000000 -0.261799 0.000000
vt 0.635000 -0.327249 0.000000
vt -0.000000 -0.327249 0.000000
vt 0.635000 -0.392699 0.000000
vt 0.000000 -0.392699 0.000000
vt 0.635000 -0.458149 0.000000
vt -0.000000 -0.458149 0.000000
vt 0.635000 -0.523599 0.000000
vt -0.000000 -0.523599 0.000000
vt 0.635000 -0.589049 0.000000
vt 0.000000 -0.589049 0.000000
vt 0.635000 -0.654498 0.000000
vt 0.000000 -0.654498 0.000000
vt -0.241481 6.920295 0.000000
vt -0.250000 6.985000 0.000000
vt -1.323199 7.504235 0.000000
vt -0.241481 7.049705 0.000000
vt -0.216506 7.110000 0.000000
vt -0.176777 7.161777 0.000000
vt 0.000000 7.620000 0.000000
vt -0.125000 7.201507 0.000000
vt -0.064705 7.226482 0.000000
vt 0.000000 7.235000 0.000000
vt 0.064705 7.226482 0.000000
vt 0.125000 7.201507 0.000000
vt 0.176777 7.161777 0.000000
vt 1.323199 7.504235 0.000000
vt 0.216506 7.110000 0.000000
vt 0.241481 7.049705 0.000000
vt 0.250000 6.985000 0.000000
vt 0.903699 6.285366 0.000000
vt 2.076882 6.000755 0.000000
vt 0.241481 6.920295 0.000000
vt 0.216506 6.860000 0.000000
vt 0.176777 6.808224 0.000000
vt 0.125000 6.768494 0.000000
vt 0.064705 6.743519 0.000000
vt -0.302145 6.342808 0.000000
vt 0.000000 6.735000 0.000000
vt -0.064705 6.743519 0.000000
vt -0.125000 6.768494 0.000000
vt -0.176777 6.808224 0.000000
vt -0.216506 6.860000 0.000000
vt -1.497069 6.171003 0.000000
vt -2.606193 7.160458 0.000000
vt 6.743519 0.064705 0.000000
vt 6.321247 0.603606 0.000000
vt 6.735000 -0.000000 0.000000
vt 6.321247 -0.603606 0.000000
vt 6.743519 -0.064705 0.000000
vt 6.768494 -0.125000 0.000000
vt 6.808224 -0.176777 0.000000
vt 6.860000 -0.216506 0.000000
vt 6.920295 -0.241481 0.000000
vt 6.985000 -0.250000 0.000000
vt 7.504235 -1.323199 0.000000
vt 7.049705 -0.241481 0.000000
vt 7.110000 -0.216506 0.000000
vt 7.161777 -0.176777 0.000000
vt 7.620000 0.000000 0.000000
vt 7.201507 -0.125000 0.000000
vt 7.226482 -0.064705 0.000000
vt 7.235000 -0.000000 0.000000
vt 7.226482 0.064705 0.000000
vt 7.201507 0.125000 0.000000
vt 7.161777 0.176777 0.000000
vt 7.504235 1.323199 0.000000
vt 7.110000 0.216506 0.000000
vt 7.049705 0.241481 0.000000
vt 6.985000 0.250000 0.000000
vt 6.920295 0.241481 0.000000
vt 6.860000 0.216506 0.000000
vt 6.808224 0.176777 0.000000
vt 6.768494 0.125000 0.000000
vt -0.241481 -7.049705 0.000000
vt -0.250000 -6.985000 0.000000
vt -1.323199 -7.504235 0.000000
vt -0.241481 -6.920295 0.000000
vt -1.497069 -6.171003 0.000000
vt -0.302145 -6.342808 0.000000
vt -0.216506 -6.860000 0.000000
vt -0.176777 -6.808224 0.000000
vt -0.125000 -6.768494 0.000000
vt -0.064705 -6.743519 0.000000
vt 0.000000 -6.735000 0.000000
vt 0.064705 -6.743519 0.000000
vt 0.903699 -6.285366 0.000000
vt 0.125000 -6.768494 0.000000
vt 0.176777 -6.808224 0.000000
vt 0.216506 -6.860000 0.000000
vt 0.241481 -6.920295 0.000000
vt 0.250000 -6.985000 0.000000
vt 1.323199 -7.504235 0.000000
vt 0.241481 -7.049705 0.000000
vt 0.216506 -7.110000 0.000000
vt 0.176777 -7.161777 0.000000
vt 0.000000 -7.620000 0.000000
vt 0.125000 -7.201507 0.000000
vt 0.064705 -7.226482 0.000000
vt 0.000000 -7.235000 0.000000
vt -0.064705 -7.226482 0.000000
vt -0.125000 -7.201507 0.000000
vt -0.176777 -7.161777 0.000000
vt -0.216506 -7.110000 0.000000
vt -7.226482 -0.064705 0.000000
vt -7.235000 0.000000 0.000000
vt -7.620000 -0.000000 0.000000
vt -7.226482 0.064705 0.000000
vt -7.201507 0.125000 0.000000
vt -7.161777 0.176777 0.000000
vt -7.504235 1.323199 0.000000
vt -7.110000 0.216506 0.000000
vt -7.049705 0.241481 0.000000
vt -6.985000 0.250000 0.000000
vt -6.235247 1.201745 0.000000
vt -7.160458 2.606193 0.000000
vt -5.895136 2.360057 0.000000
vt -6.599114 3.810000 0.000000
vt -5.341960 3.433069 0.000000
vt -5.837259 4.898042 0.000000
vt -4.595711 4.382002 0.000000
vt -4.898042 5.837259 0.000000
vt -3.683361 5.172557 0.000000
vt -3.810000 6.599114 0.000000
vt -2.637885 5.776163 0.000000
vt -6.920295 0.241481 0.000000
vt -6.860000 0.216506 0.000000
vt -6.808224 0.176777 0.000000
vt -6.350000 -0.000000 0.000000
vt -6.768494 0.125000 0.000000
vt -6.743519 0.064705 0.000000
vt -6.735000 0.000000 0.000000
vt -6.743519 -0.064705 0.000000
vt -6.768494 -0.125000 0.000000
vt -6.808224 -0.176777 0.000000
vt -6.235247 -1.201745 0.000000
vt -6.860000 -0.216506 0.000000
vt -6.920295 -0.241481 0.000000
vt -6.985000 -0.250000 0.000000
vt -7.504235 -1.323199 0.000000
vt -7.160458 -2.606193 0.000000
vt -7.049705 -0.241481 0.000000
vt -7.110000 -0.216506 0.000000
vt -7.161777 -0.176777 0.000000
vt -7.201507 -0.125000 0.000000
vt 2.606193 7.160458 0.000000
vt 3.175000 5.499261 0.000000
vt 3.810000 6.599114 0.000000
vt 4.898042 5.837259 0.000000
vt 4.158366 4.799010 0.000000
vt 5.837259 4.898042 0.000000
vt 4.991437 3.925310 0.000000
vt 6.599114 3.810000 0.000000
vt 5.644105 2.909738 0.000000
vt 7.160458 2.606193 0.000000
vt 6.092780 1.789002 0.000000
vt 6.092780 -1.789002 0.000000
vt 7.160458 -2.606193 0.000000
vt 5.644105 -2.909738 0.000000
vt 6.599114 -3.810000 0.000000
vt 4.991437 -3.925310 0.000000
vt 5.837259 -4.898042 0.000000
vt 4.158366 -4.799010 0.000000
vt 4.898042 -5.837259 0.000000
vt 3.175000 -5.499261 0.000000
vt 3.810000 -6.599114 0.000000
vt 2.606193 -7.160458 0.000000
vt 2.076882 -6.000755 0.000000
vt -2.606193 -7.160458 0.000000
vt -2.637885 -5.776163 0.000000
vt -3.810000 -6.599114 0.000000
vt -3.683361 -5.172557 0.000000
vt -4.898042 -5.837259 0.000000
vt -4.595711 -4.382002 0.000000
vt -5.837259 -4.898042 0.000000
vt -5.341960 -3.433069 0.000000
vt -6.599114 -3.810000 0.000000
vt -5.895136 -2.360057 0.000000
vt 0.241481 7.049705 0.000000
vt 0.250000 6.985000 0.000000
vt 1.323199 7.504235 0.000000
vt 0.241481 6.920295 0.000000
vt 1.497069 6.171003 0.000000
vt 0.302145 6.342808 0.000000
vt 0.216506 6.860000 0.000000
vt 0.176777 6.808224 0.000000
vt 0.125000 6.768494 0.000000
vt 0.064705 6.743519 0.000000
vt -0.000000 6.735000 0.000000
vt -0.064705 6.743519 0.000000
vt -0.903699 6.285366 0.000000
vt -0.125000 6.768494 0.000000
vt -0.176777 6.808224 0.000000
vt -0.216506 6.860000 0.000000
vt -0.241481 6.920295 0.000000
vt -0.250000 6.985000 0.000000
vt -1.323199 7.504235 0.000000
vt -0.241481 7.049705 0.000000
vt -0.216506 7.110000 0.000000
vt -0.176777 7.161777 0.000000
vt 0.000000 7.620000 0.000000
vt -0.125000 7.201507 0.000000
vt -0.064705 7.226482 0.000000
vt -0.000000 7.235000 0.000000
vt 0.064705 7.226482 0.000000
vt 0.125000 7.201507 0.000000
vt 0.176777 7.161777 0.000000
vt 0.216506 7.110000 0.000000
vt -6.743519 -0.064705 0.000000
vt -6.321247 -0.603606 0.000000
vt -6.735000 -0.000000 0.000000
vt -6.321247 0.603606 0.000000
vt -6.743519 0.064705 0.000000
vt -6.768494 0.125000 0.000000
vt -6.808224 0.176777 0.000000
vt -6.860000 0.216506 0.000000
vt -6.920295 0.241481 0.000000
vt -6.985000 0.250000 0.000000
vt -7.504235 1.323199 0.000000
vt -7.049705 0.241481 0.000000
vt -7.110000 0.216506 0.000000
vt -7.161777 0.176777 0.000000
vt -7.620000 0.000000 0.000000
vt -7.201507 0.125000 0.000000
vt -7.226482 0.064705 0.000000
vt -7.235000 -0.000000 0.000000
vt -7.226482 -0.064705 0.000000
vt -7.201507 -0.125000 0.000000
vt -7.161777 -0.176777 0.000000
vt -7.504235 -1.323199 0.000000
vt -7.110000 -0.216506 0.000000
vt -7.049705 -0.241481 0.000000
vt -6.985000 -0.250000 0.000000
vt -6.920295 -0.241481 0.000000
vt -6.860000 -0.216506 0.000000
vt -6.808224 -0.176777 0.000000
vt -6.768494 -0.125000 0.000000
vt 0.241481 -6.920295 0.000000
vt 0.250000 -6.985000 0.000000
vt 1.323199 -7.504235 0.000000
vt 0.241481 -7.049705 0.000000
vt 0.216506 -7.110000 0.000000
vt 0.176777 -7.161777 0.000000
vt 0.000000 -7.620000 0.000000
vt 0.125000 -7.201507 0.000000
vt 0.064705 -7.226482 0.000000
vt -0.000000 -7.235000 0.000000
vt -0.064705 -7.226482 0.000000
vt -0.125000 -7.201507 0.000000
vt -0.176777 -7.161777 0.000000
vt -1.323199 -7.504235 0.000000
vt -0.216506 -7.110000 0.000000
vt -0.241481 -7.049705 0.000000
vt -0.250000 -6.985000 0.000000
vt -0.903699 -6.285366 0.000000
vt -2.076882 -6.000755 0.000000
vt -0.241481 -6.920295 0.000000
vt -0.216506 -6.860000 0.000000
vt -0.176777 -6.808224 0.000000
vt -0.125000 -6.768494 0.000000
vt -0.064705 -6.743519 0.000000
vt 0.302145 -6.342808 0.000000
vt -0.000000 -6.735000 0.000000
vt 0.064705 -6.743519 0.000000
vt 0.125000 -6.768494 0.000000
vt 0.176777 -6.808224 0.000000
vt 0.216506 -6.860000 0.000000
vt 1.497069 -6.171003 0.000000
vt 2.606193 -7.160458 0.000000
vt 7.226482 0.064705 0.000000
vt 7.235000 0.000000 0.000000
vt 7.620000 0.000000 0.000000
vt 7.226482 -0.064705 0.000000
vt 7.201507 -0.125000 0.000000
vt 7.161777 -0.176777 0.000000
vt 7.504235 -1.323199 0.000000
vt 7.110000 -0.216506 0.000000
vt 7.049705 -0.241481 0.000000
vt 6.985000 -0.250000 0.000000
vt 6.235247 -1.201745 0.000000
vt 7.160458 -2.606193 0.000000
vt 5.895136 -2.360057 0.000000
vt 6.599114 -3.810000 0.000000
vt 5.341960 -3.433069 0.000000
vt 5.837259 -4.898042 0.000000
vt 4.595711 -4.382002 0.000000
vt 4.898042 -5.837259 0.000000
vt 3.683361 -5.172557 0.000000
vt 3.810000 -6.599114 0.000000
vt 2.637885 -5.776163 0.000000
vt 6.920295 -0.241481 0.000000
vt 6.860000 -0.216506 0.000000
vt 6.808224 -0.176777 0.000000
vt 6.350000 -0.000000 0.000000
vt 6.768494 -0.125000 0.000000
vt 6.743519 -0.064705 0.000000
vt 6.735000 0.000000 0.000000
vt 6.743519 0.064705 0.000000
vt 6.768494 0.125000 0.000000
vt 6.808224 0.176777 0.000000
vt 6.235247 1.201745 0.000000
vt 6.860000 0.216506 0.000000
vt 6.920295 0.241481 0.000000
vt 6.985000 0.250000 0.000000
vt 7.504235 1.323199 0.000000
vt 7.160458 2.606193 0.000000
vt 7.049705 0.241481 0.000000
vt 7.110000 0.216506 0.000000
vt 7.161777 0.176777 0.000000
vt 7.201507 0.125000 0.000000
vt -2.606193 -7.160458 0.000000
vt -3.175000 -5.499261 0.000000
vt -3.810000 -6.599114 0.000000
vt -4.898042 -5.837259 0.000000
vt -4.158366 -4.799010 0.000000
vt -5.837259 -4.898042 0.000000
vt -4.991437 -3.925310 0.000000
vt -6.599114 -3.810000 0.000000
vt -5.644105 -2.909738 0.000000
vt -7.160458 -2.606193 0.000000
vt -6.092780 -1.789002 0.000000
vt -6.092780 1.789002 0.000000
vt -7.160458 2.606193 0.000000
vt -5.644105 2.909738 0.000000
vt -6.599114 3.810000 0.000000
vt -4.991437 3.925310 0.000000
vt -5.837259 4.898042 0.000000
vt -4.158366 4.799010 0.000000
vt -4.898042 5.837259 0.000000
vt -3.175000 5.499261 0.000000
vt -3.810000 6.599114 0.000000
vt -2.606193 7.160458 0.000000
vt -2.076882 6.000755 0.000000
vt 2.606193 7.160458 0.000000
vt 2.637885 5.776163 0.000000
vt 3.810000 6.599114 0.000000
vt 3.683361 5.172557 0.000000
vt 4.898042 5.837259 0.000000
vt 4.595711 4.382002 0.000000
vt 5.837259 4.898042 0.000000
vt 5.341960 3.433069 0.000000
vt 6.599114 3.810000 0.000000
vt 5.895136 2.360057 0.000000
vt 8.255000 -22.849618 0.000000
vt 0.000000 -22.849618 0.000000
vt 8.255000 -23.788621 0.000000
vt 0.000000 -23.788621 0.000000
vt 0.000000 -24.727623 0.000000
vt 0.000000 -25.666626 0.000000
vt 8.255000 -25.666626 0.000000
vt 8.255000 -24.727623 0.000000
vt -0.000000 0.000000 0.000000
vt 1.603536 0.000000 0.000000
vt -0.000000 8.255000 0.000000
vt 1.603536 8.255000 0.000000
vt -8.255000 -22.071747 0.000000
vt -0.000000 -22.071747 0.000000
vt -8.255000 -20.975844 0.000000
vt -0.000000 -20.975844 0.000000
vt -8.255000 -19.879940 0.000000
vt -0.000000 -19.879940 0.000000
vt -8.255000 -18.784037 0.000000
vt -0.000000 -18.784037 0.000000
vt 0.000000 0.000000 0.000000
vt 1.603536 0.000000 0.000000
vt 0.000000 8.255000 0.000000
vt 1.603536 8.255000 0.000000
vt 0.000000 0.000000 0.000000
vt 1.603536 0.000000 0.000000
vt 0.000000 8.255000 0.000000
vt 1.603536 8.255000 0.000000
vt -8.255000 8.570091 0.000000
vt -0.000000 8.570091 0.000000
vt -8.255000 9.665994 0.000000
vt -0.000000 9.665994 0.000000
vt -8.255000 10.761898 0.000000
vt -0.000000 10.761898 0.000000
vt -8.255000 11.857801 0.000000
vt -0.000000 11.857801 0.000000
vt 0.000000 0.000000 0.000000
vt 1.603536 0.000000 0.000000
vt 0.000000 8.255000 0.000000
vt 1.603536 8.255000 0.000000
vt 8.255000 13.537565 0.000000
vt 0.000000 13.537565 0.000000
vt 8.255000 12.598562 0.000000
vt 0.000000 12.598562 0.000000
vt 0.000000 11.659560 0.000000
vt 0.000000 10.720557 0.000000
vt 8.255000 10.720557 0.000000
vt 8.255000 11.659560 0.000000
vt 8.255000 7.473034 0.000000
vt 0.000000 7.473034 0.000000
vt 8.255000 6.534032 0.000000
vt 0.000000 6.534032 0.000000
vt 0.000000 5.595029 0.000000
vt 0.000000 4.656027 0.000000
vt 8.255000 4.656027 0.000000
vt 8.255000 5.595029 0.000000
vt 0.000000 0.000000 0.000000
vt 1.603536 0.000000 0.000000
vt -0.000000 8.255000 0.000000
vt 1.603536 8.255000 0.000000
vt -8.255000 3.463118 0.000000
vt -0.000000 3.463118 0.000000
vt -8.255000 4.559021 0.000000
vt -0.000000 4.559021 0.000000
vt -8.255000 5.654925 0.000000
vt -0.000000 5.654925 0.000000
vt -8.255000 6.750828 0.000000
vt -0.000000 6.750828 0.000000
vt 0.000000 0.000000 0.000000
vt 1.603536 0.000000 0.000000
vt -0.000000 8.255000 0.000000
vt 1.603536 8.255000 0.000000
vt -0.000000 0.000000 0.000000
vt 1.641110 0.000000 0.000000
vt -0.000000 8.255000 0.000000
vt 1.641110 8.255000 0.000000
vt 8.255000 16.226835 0.000000
vt 0.000000 16.226835 0.000000
vt 8.255000 15.516496 0.000000
vt 0.000000 15.516496 0.000000
vt 0.000000 14.806156 0.000000
vt -0.000000 14.095817 0.000000
vt 8.255000 14.095817 0.000000
vt 8.255000 14.806156 0.000000
vt -0.000000 0.000000 0.000000
vt 1.641110 0.000000 0.000000
vt -0.000000 8.255000 0.000000
vt 1.641110 8.255000 0.000000
vt -8.255000 12.428966 0.000000
vt -0.000000 12.428966 0.000000
vt -8.255000 12.654610 0.000000
vt -0.000000 12.654610 0.000000
vt -8.255000 12.880255 0.000000
vt -0.000000 12.880255 0.000000
vt -8.255000 13.105899 0.000000
vt -0.000000 13.105899 0.000000
vt 0.000000 0.000000 0.000000
vt 1.641110 0.000000 0.000000
vt 0.000000 8.255000 0.000000
vt 1.641110 8.255000 0.000000
vt -8.255000 -2.891953 0.000000
vt -0.000000 -2.891953 0.000000
vt -8.255000 -2.666309 0.000000
vt -0.000000 -2.666309 0.000000
vt -8.255000 -2.440664 0.000000
vt -0.000000 -2.440664 0.000000
vt -8.255000 -2.215020 0.000000
vt -0.000000 -2.215020 0.000000
vt 0.000000 0.000000 0.000000
vt 1.641110 0.000000 0.000000
vt 0.000000 8.255000 0.000000
vt 1.641110 8.255000 0.000000
vt 8.255000 -1.966756 0.000000
vt 0.000000 -1.966756 0.000000
vt 8.255000 -2.677096 0.000000
vt 0.000000 -2.677096 0.000000
vt 0.000000 -3.387435 0.000000
vt 0.000000 -4.097774 0.000000
vt 8.255000 -4.097774 0.000000
vt 8.255000 -3.387435 0.000000
vt 8.255000 19.602095 0.000000
vt 0.000000 19.602095 0.000000
vt 8.255000 18.663093 0.000000
vt 0.000000 18.663093 0.000000
vt 0.000000 17.724090 0.000000
vt 0.000000 16.785087 0.000000
vt 8.255000 16.785087 0.000000
vt 8.255000 17.724090 0.000000
vt 0.000000 0.000000 0.000000
vt 1.603536 0.000000 0.000000
vt 0.000000 8.255000 0.000000
vt 1.603536 8.255000 0.000000
vt -8.255000 13.677064 0.000000
vt -0.000000 13.677064 0.000000
vt -8.255000 14.772967 0.000000
vt -0.000000 14.772967 0.000000
vt -8.255000 15.868871 0.000000
vt -0.000000 15.868871 0.000000
vt -8.255000 16.964774 0.000000
vt -0.000000 16.964774 0.000000
vt 0.000000 0.000000 0.000000
vt 1.603536 0.000000 0.000000
vt -0.000000 8.255000 0.000000
vt 1.603536 8.255000 0.000000
vt 8.255000 1.408504 0.000000
vt 0.000000 1.408504 0.000000
vt 8.255000 0.469501 0.000000
vt 0.000000 0.469501 0.000000
vt -0.000000 -0.469501 0.000000
vt 0.000000 -1.408504 0.000000
vt 8.255000 -1.408504 0.000000
vt 8.255000 -0.469501 0.000000
vt 0.000000 0.000000 0.000000
vt 1.603536 0.000000 0.000000
vt -0.000000 8.255000 0.000000
vt 1.603536 8.255000 0.000000
vt -8.255000 -1.643855 0.000000
vt -0.000000 -1.643855 0.000000
vt -8.255000 -0.547952 0.000000
vt -0.000000 -0.547952 0.000000
vt -8.255000 0.547952 0.000000
vt -0.000000 0.547952 0.000000
vt -8.255000 1.643855 0.000000
vt -0.000000 1.643855 0.000000
vt 0.000000 0.000000 0.000000
vt 1.603536 0.000000 0.000000
vt 0.000000 8.255000 0.000000
vt 1.603536 8.255000 0.000000
vt 8.255000 -10.720557 0.000000
vt 0.000000 -10.720557 0.000000
vt 8.255000 -11.659560 0.000000
vt 0.000000 -11.659560 0.000000
vt 0.000000 -12.598562 0.000000
vt 0.000000 -13.537565 0.000000
vt 8.255000 -13.537565 0.000000
vt 8.255000 -12.598562 0.000000
vt 0.000000 0.000000 0.000000
vt 1.603536 0.000000 0.000000
vt 0.000000 8.255000 0.000000
vt 1.603536 8.255000 0.000000
vt -8.255000 -11.857801 0.000000
vt -0.000000 -11.857801 0.000000
vt -8.255000 -10.761898 0.000000
vt -0.000000 -10.761898 0.000000
vt -8.255000 -9.665994 0.000000
vt -0.000000 -9.665994 0.000000
vt -8.255000 -8.570091 0.000000
vt -0.000000 -8.570091 0.000000
vt 0.000000 0.000000 0.000000
vt 1.603536 0.000000 0.000000
vt -0.000000 8.255000 0.000000
vt 1.603536 8.255000 0.000000
vt 0.635000 -22.608995 0.000000
vt 0.000000 -22.608995 0.000000
vt 0.635000 -23.938936 0.000000
vt 0.000000 -23.938936 0.000000
vt 0.635000 23.938936 0.000000
vt 0.000000 23.938936 0.000000
vt 0.635000 22.608995 0.000000
vt 0.000000 22.608995 0.000000
vt 0.635000 21.279054 0.000000
vt 0.000000 21.279054 0.000000
vt 0.635000 19.949113 0.000000
vt 0.000000 19.949113 0.000000
vt 0.635000 18.619172 0.000000
vt 0.000000 18.619172 0.000000
vt 0.635000 17.289232 0.000000
vt 0.000000 17.289232 0.000000
vt 0.635000 15.959291 0.000000
vt 0.000000 15.959291 0.000000
vt 0.635000 14.629350 0.000000
vt 0.000000 14.629350 0.000000
vt 0.635000 13.299409 0.000000
vt 0.000000 13.299409 0.000000
vt 0.635000 11.969468 0.000000
vt 0.000000 11.969468 0.000000
vt 0.635000 10.639527 0.000000
vt 0.000000 10.639527 0.000000
vt 0.635000 9.309586 0.000000
vt 0.000000 9.309586 0.000000
vt 0.635000 7.979645 0.000000
vt 0.000000 7.979645 0.000000
vt 0.635000 6.649704 0.000000
vt -0.000000 6.649704 0.000000
vt 0.635000 5.319764 0.000000
vt 0.000000 5.319764 0.000000
vt 0.635000 3.989823 0.000000
vt 0.000000 3.989823 0.000000
vt 0.635000 2.659882 0.000000
vt 0.000000 2.659882 0.000000
vt 0.635000 1.329941 0.000000
vt 0.000000 1.329941 0.000000
vt 0.635000 0.000000 0.000000
vt 0.000000 0.000000 0.000000
vt 0.635000 -1.329941 0.000000
vt 0.000000 -1.329941 0.000000
vt 0.635000 -2.659882 0.000000
vt 0.000000 -2.659882 0.000000
vt 0.635000 -3.989823 0.000000
vt 0.000000 -3.989823 0.000000
vt 0.635000 -5.319764 0.000000
vt 0.000000 -5.319764 0.000000
vt 0.635000 -6.649704 0.000000
vt -0.000000 -6.649704 0.000000
vt 0.635000 -7.979645 0.000000
vt 0.000000 -7.979645 0.000000
vt 0.635000 -9.309586 0.000000
vt 0.000000 -9.309586 0.000000
vt 0.635000 -10.639527 0.000000
vt 0.000000 -10.639527 0.000000
vt 0.635000 -11.969468 0.000000
vt 0.000000 -11.969468 0.000000
vt 0.635000 -13.299409 0.000000
vt 0.000000 -13.299409 0.000000
vt 0.635000 -14.629350 0.000000
vt 0.000000 -14.629350 0.000000
vt 0.635000 -15.959291 0.000000
vt 0.000000 -15.959291 0.000000
vt 0.635000 -17.289232 0.000000
vt 0.000000 -17.289232 0.000000
vt 0.635000 -18.619172 0.000000
vt 0.000000 -18.619172 0.000000
vt 0.635000 -19.949113 0.000000
vt 0.000000 -19.949113 0.000000
vt 0.635000 -21.279054 0.000000
vt 0.000000 -21.279054 0.000000
vt 0.000000 0.000000 0.000000
vt 1.641110 0.000000 0.000000
vt -0.000000 8.255000 0.000000
vt 1.641110 8.255000 0.000000
vt -8.255000 -13.105899 0.000000
vt -0.000000 -13.105899 0.000000
vt -8.255000 -12.880255 0.000000
vt -0.000000 -12.880255 0.000000
vt -8.255000 -12.654610 0.000000
vt -0.000000 -12.654610 0.000000
vt -8.255000 -12.428966 0.000000
vt -0.000000 -12.428966 0.000000
vt 0.000000 0.000000 0.000000
vt 1.641110 0.000000 0.000000
vt -0.000000 8.255000 0.000000
vt 1.641110 8.255000 0.000000
vt 8.255000 -14.095817 0.000000
vt 0.000000 -14.095817 0.000000
vt 8.255000 -14.806156 0.000000
vt 0.000000 -14.806156 0.000000
vt 0.000000 -15.516496 0.000000
vt 0.000000 -16.226835 0.000000
vt 8.255000 -16.226835 0.000000
vt 8.255000 -15.516496 0.000000
vt 8.255000 -16.785087 0.000000
vt 0.000000 -16.785087 0.000000
vt 8.255000 -17.724090 0.000000
vt 0.000000 -17.724090 0.000000
vt 0.000000 -18.663093 0.000000
vt 0.000000 -19.602095 0.000000
vt 8.255000 -19.602095 0.000000
vt 8.255000 -18.663093 0.000000
vt -0.000000 0.000000 0.000000
vt 1.603536 0.000000 0.000000
vt -0.000000 8.255000 0.000000
vt 1.603536 8.255000 0.000000
vt -8.255000 -16.964774 0.000000
vt -0.000000 -16.964774 0.000000
vt -8.255000 -15.868871 0.000000
vt -0.000000 -15.868871 0.000000
vt -8.255000 -14.772967 0.000000
vt -0.000000 -14.772967 0.000000
vt -8.255000 -13.677064 0.000000
vt -0.000000 -13.677064 0.000000
vt 0.000000 0.000000 0.000000
vt 1.603536 0.000000 0.000000
vt -0.000000 8.255000 0.000000
vt 1.603536 8.255000 0.000000
vt 0.000000 0.000000 0.000000
vt 1.641110 0.000000 0.000000
vt 0.000000 8.255000 0.000000
vt 1.641110 8.255000 0.000000
vt -8.255000 -18.212872 0.000000
vt -0.000000 -18.212872 0.000000
vt -8.255000 -17.987228 0.000000
vt -0.000000 -17.987228 0.000000
vt -8.255000 -17.761583 0.000000
vt -0.000000 -17.761583 0.000000
vt -8.255000 -17.535939 0.000000
vt -0.000000 -17.535939 0.000000
vt 0.000000 0.000000 0.000000
vt 1.641110 0.000000 0.000000
vt 0.000000 8.255000 0.000000
vt 1.641110 8.255000 0.000000
vt 8.255000 -20.160347 0.000000
vt -0.000000 -20.160347 0.000000
vt 8.255000 -20.870687 0.000000
vt 0.000000 -20.870687 0.000000
vt 0.000000 -21.581026 0.000000
vt 0.000000 -22.291366 0.000000
vt 8.255000 -22.291366 0.000000
vt 8.255000 -21.581026 0.000000
vt 0.000000 0.000000 0.000000
vt 1.641110 0.000000 0.000000
vt 0.000000 8.255000 0.000000
vt 1.641110 8.255000 0.000000
vt -8.255000 -23.319845 0.000000
vt -0.000000 -23.319845 0.000000
vt -8.255000 -23.094201 0.000000
vt -0.000000 -23.094201 0.000000
vt -8.255000 -22.868556 0.000000
vt -0.000000 -22.868556 0.000000
vt -8.255000 -22.642912 0.000000
vt -0.000000 -22.642912 0.000000
vt 0.000000 0.000000 0.000000
vt 1.641110 0.000000 0.000000
vt 0.000000 8.255000 0.000000
vt 1.641110 8.255000 0.000000
vt 8.255000 -26.224878 0.000000
vt 0.000000 -26.224878 0.000000
vt 8.255000 -26.935217 0.000000
vt 0.000000 -26.935217 0.000000
vt 0.000000 -27.645557 0.000000
vt 0.000000 -28.355896 0.000000
vt 8.255000 -28.355896 0.000000
vt 8.255000 -27.645557 0.000000
vt 8.255000 -28.914148 0.000000
vt 0.000000 -28.914148 0.000000
vt 8.255000 -29.853151 0.000000
vt 0.000000 -29.853151 0.000000
vt 0.000000 -30.792154 0.000000
vt 0.000000 -31.731156 0.000000
vt 8.255000 -31.731156 0.000000
vt 8.255000 -30.792154 0.000000
vt 0.000000 0.000000 0.000000
vt 1.603536 0.000000 0.000000
vt 0.000000 8.255000 0.000000
vt 1.603536 8.255000 0.000000
vt -8.255000 23.891010 0.000000
vt -0.000000 23.891010 0.000000
vt -8.255000 24.986913 0.000000
vt -0.000000 24.986913 0.000000
vt -8.255000 26.082817 0.000000
vt -0.000000 26.082817 0.000000
vt -8.255000 27.178720 0.000000
vt -0.000000 27.178720 0.000000
vt 0.000000 0.000000 0.000000
vt 1.603536 0.000000 0.000000
vt -0.000000 8.255000 0.000000
vt 1.603536 8.255000 0.000000
vt 0.000000 0.000000 0.000000
vt 1.641110 0.000000 0.000000
vt 0.000000 8.255000 0.000000
vt 1.641110 8.255000 0.000000
vt -8.255000 2.215020 0.000000
vt -0.000000 2.215020 0.000000
vt -8.255000 2.440664 0.000000
vt -0.000000 2.440664 0.000000
vt -8.255000 2.666309 0.000000
vt -0.000000 2.666309 0.000000
vt -8.255000 2.891953 0.000000
vt -0.000000 2.891953 0.000000
vt 0.000000 0.000000 0.000000
vt 1.641110 0.000000 0.000000
vt 0.000000 8.255000 0.000000
vt 1.641110 8.255000 0.000000
vt 8.255000 4.097774 0.000000
vt 0.000000 4.097774 0.000000
vt 8.255000 3.387435 0.000000
vt -0.000000 3.387435 0.000000
vt 0.000000 2.677096 0.000000
vt 0.000000 1.966756 0.000000
vt 8.255000 1.966756 0.000000
vt 8.255000 2.677096 0.000000
vt 0.000000 0.000000 0.000000
vt 1.641110 0.000000 0.000000
vt 0.000000 8.255000 0.000000
vt 1.641110 8.255000 0.000000
vt -8.255000 17.535939 0.000000
vt -0.000000 17.535939 0.000000
vt -8.255000 17.761583 0.000000
vt -0.000000 17.761583 0.000000
vt -8.255000 17.987228 0.000000
vt -0.000000 17.987228 0.000000
vt -8.255000 18.212872 0.000000
vt -0.000000 18.212872 0.000000
vt 0.000000 0.000000 0.000000
vt 1.641110 0.000000 0.000000
vt 0.000000 8.255000 0.000000
vt 1.641110 8.255000 0.000000
vt 8.255000 22.291366 0.000000
vt 0.000000 22.291366 0.000000
vt 8.255000 21.581026 0.000000
vt 0.000000 21.581026 0.000000
vt 0.000000 20.870687 0.000000
vt -0.000000 20.160347 0.000000
vt 8.255000 20.160347 0.000000
vt 8.255000 20.870687 0.000000
vt 8.255000 25.666626 0.000000
vt 0.000000 25.666626 0.000000
vt 8.255000 24.727623 0.000000
vt 0.000000 24.727623 0.000000
vt 0.000000 23.788621 0.000000
vt 0.000000 22.849618 0.000000
vt 8.255000 22.849618 0.000000
vt 8.255000 23.788621 0.000000
vt 0.000000 0.000000 0.000000
vt 1.603536 0.000000 0.000000
vt -0.000000 8.255000 0.000000
vt 1.603536 8.255000 0.000000
vt -8.255000 18.784037 0.000000
vt -0.000000 18.784037 0.000000
vt -8.255000 19.879940 0.000000
vt -0.000000 19.879940 0.000000
vt -8.255000 20.975844 0.000000
vt -0.000000 20.975844 0.000000
vt -8.255000 22.071747 0.000000
vt -0.000000 22.071747 0.000000
vt 0.000000 0.000000 0.000000
vt 1.603536 0.000000 0.000000
vt 0.000000 8.255000 0.000000
vt 1.603536 8.255000 0.000000
vt 0.000000 0.000000 0.000000
vt 1.641110 0.000000 0.000000
vt -0.000000 8.255000 0.000000
vt 1.641110 8.255000 0.000000
vt -8.255000 7.321993 0.000000
vt -0.000000 7.321993 0.000000
vt -8.255000 7.547637 0.000000
vt -0.000000 7.547637 0.000000
vt -8.255000 7.773282 0.000000
vt -0.000000 7.773282 0.000000
vt -8.255000 7.998926 0.000000
vt -0.000000 7.998926 0.000000
vt -0.000000 0.000000 0.000000
vt 1.641110 0.000000 0.000000
vt -0.000000 8.255000 0.000000
vt 1.641110 8.255000 0.000000
vt 8.255000 10.162305 0.000000
vt 0.000000 10.162305 0.000000
vt 8.255000 9.451965 0.000000
vt 0.000000 9.451965 0.000000
vt 0.000000 8.741626 0.000000
vt 0.000000 8.031287 0.000000
vt 8.255000 8.031287 0.000000
vt 8.255000 8.741626 0.000000
vt 8.255000 -4.656027 0.000000
vt 0.000000 -4.656027 0.000000
vt 8.255000 -5.595029 0.000000
vt 0.000000 -5.595029 0.000000
vt 0.000000 -6.534032 0.000000
vt 0.000000 -7.473034 0.000000
vt 8.255000 -7.473034 0.000000
vt 8.255000 -6.534032 0.000000
vt 0.000000 0.000000 0.000000
vt 1.603536 0.000000 0.000000
vt 0.000000 8.255000 0.000000
vt 1.603536 8.255000 0.000000
vt -8.255000 -6.750828 0.000000
vt -0.000000 -6.750828 0.000000
vt -8.255000 -5.654925 0.000000
vt -0.000000 -5.654925 0.000000
vt -8.255000 -4.559021 0.000000
vt -0.000000 -4.559021 0.000000
vt -8.255000 -3.463118 0.000000
vt -0.000000 -3.463118 0.000000
vt 0.000000 0.000000 0.000000
vt 1.603536 0.000000 0.000000
vt 0.000000 8.255000 0.000000
vt 1.603536 8.255000 0.000000
vt 0.000000 0.000000 0.000000
vt 1.641110 0.000000 0.000000
vt -0.000000 8.255000 0.000000
vt 1.641110 8.255000 0.000000
vt -8.255000 22.642912 0.000000
vt -0.000000 22.642912 0.000000
vt -8.255000 22.868556 0.000000
vt -0.000000 22.868556 0.000000
vt -8.255000 23.094201 0.000000
vt -0.000000 23.094201 0.000000
vt -8.255000 23.319845 0.000000
vt -0.000000 23.319845 0.000000
vt 0.000000 0.000000 0.000000
vt 1.641110 0.000000 0.000000
vt -0.000000 8.255000 0.000000
vt 1.641110 8.255000 0.000000
vt 8.255000 28.355896 0.000000
vt 0.000000 28.355896 0.000000
vt 8.255000 27.645557 0.000000
vt 0.000000 27.645557 0.000000
vt 0.000000 26.935217 0.000000
vt 0.000000 26.224878 0.000000
vt 8.255000 26.224878 0.000000
vt 8.255000 26.935217 0.000000
vt 0.000000 0.000000 0.000000
vt 1.641110 0.000000 0.000000
vt 0.000000 8.255000 0.000000
vt 1.641110 8.255000 0.000000
vt -8.255000 -7.998926 0.000000
vt -0.000000 -7.998926 0.000000
vt -8.255000 -7.773282 0.000000
vt -0.000000 -7.773282 0.000000
vt -8.255000 -7.547637 0.000000
vt -0.000000 -7.547637 0.000000
vt -8.255000 -7.321993 0.000000
vt -0.000000 -7.321993 0.000000
vt 0.000000 0.000000 0.000000
vt 1.641110 0.000000 0.000000
vt 0.000000 8.255000 0.000000
vt 1.641110 8.255000 0.000000
vt 8.255000 -8.031287 0.000000
vt 0.000000 -8.031287 0.000000
vt 8.255000 -8.741626 0.000000
vt 0.000000 -8.741626 0.000000
vt 0.000000 -9.451965 0.000000
vt 0.000000 -10.162305 0.000000
vt 8.255000 -10.162305 0.000000
vt 8.255000 -9.451965 0.000000
vt -8.255000 -5.468463 0.000000
vt -8.255000 -6.273784 0.000000
vt -8.136835 -5.468463 0.000000
vt -0.000000 -6.273784 0.000000
vt -0.118165 -5.468463 0.000000
vt -0.000000 -5.468463 0.000000
vt -4.127500 -6.383716 0.000000
vt -8.255000 -7.079104 0.000000
vt -8.255000 -7.884424 0.000000
vt -0.000000 -7.884424 0.000000
vt -0.000000 -7.079104 0.000000
vt -4.127500 -3.997855 0.000000
vn -0.290540 -0.894189 -0.340606
vn -0.290540 -0.894189 -0.340606
vn -0.290540 -0.894189 -0.340606
vn -0.290540 -0.894189 -0.340606
vn -0.290540 -0.894189 0.340606
vn -0.290540 -0.894189 0.340606
vn -0.290540 -0.894189 0.340606
vn -0.290540 -0.894189 0.340606
vn 0.290540 0.894189 0.340606
vn 0.290540 0.894189 0.340606
vn 0.290540 0.894189 0.340606
vn 0.290540 0.894189 -0.340606
vn 0.290540 0.894189 -0.340606
vn 0.290540 0.894189 -0.340606
vn 0.951057 -0.309017 -0.000000
vn 0.951057 -0.309017 -0.000000
vn 0.951057 -0.309017 -0.000000
vn 0.951057 -0.309017 -0.000000
vn 0.951057 -0.309017 -0.000000
vn 0.951057 -0.309017 -0.000000
vn 0.951057 -0.309017 -0.000000
vn 0.951057 -0.309017 -0.000000
vn -0.552639 -0.760643 -0.340606
vn -0.552639 -0.760643 -0.340606
vn -0.552639 -0.760643 -0.340606
vn -0.552639 -0.760643 -0.340606
vn -0.552639 -0.760643 0.340606
vn -0.552639 -0.760643 0.340606
vn -0.552639 -0.760643 0.340606
vn -0.552639 -0.760643 0.340606
vn 0.552639 0.760643 0.340606
vn 0.552639 0.760643 0.340606
vn 0.552639 0.760643 0.340606
vn 0.552639 0.760643 -0.340606
vn 0.552639 0.760643 -0.340606
vn 0.552639 0.760643 -0.340606
vn 0.809017 -0.587785 -0.000000
vn 0.809017 -0.587785 -0.000000
vn 0.809017 -0.587785 -0.000000
vn 0.809017 -0.587785 -0.000000
vn 0.809017 -0.587785 -0.000000
vn 0.809017 -0.587785 -0.000000
vn 0.809017 -0.587785 -0.000000
vn 0.809017 -0.587785 -0.000000
vn -0.760643 -0.552639 -0.340606
vn -0.760643 -0.552639 -0.340606
vn -0.760643 -0.552639 -0.340606
vn -0.760643 -0.552639 -0.340606
vn -0.760643 -0.552639 0.340606
vn -0.760643 -0.552639 0.340606
vn -0.760643 -0.552639 0.340606
vn -0.760643 -0.552639 0.340606
vn 0.760643 0.552639 0.340606
vn 0.760643 0.552639 0.340606
vn 0.760643 0.552639 0.340606
vn 0.760643 0.552639 -0.340606
vn 0.760643 0.552639 -0.340606
vn 0.760643 0.552639 -0.340606
vn 0.587785 -0.809017 -0.000000
vn 0.587785 -0.809017 -0.000000
vn 0.587785 -0.809017 -0.000000
vn 0.587785 -0.809017 -0.000000
vn 0.587785 -0.809017 -0.000000
vn 0.587785 -0.809017 -0.000000
vn 0.587785 -0.809017 -0.000000
vn 0.587785 -0.809017 -0.000000
vn -0.894189 -0.290540 -0.340606
vn -0.894189 -0.290540 -0.340606
vn -0.894189 -0.290540 -0.340606
vn -0.894189 -0.290540 -0.340606
vn -0.894189 -0.290540 0.340606
vn -0.894189 -0.290540 0.340606
vn -0.894189 -0.290540 0.340606
vn -0.894189 -0.290540 0.340606
vn 0.894189 0.290540 0.340606
vn 0.894189 0.290540 0.340606
vn 0.894189 0.290540 0.340606
vn 0.894189 0.290540 -0.340606
vn 0.894189 0.290540 -0.340606
vn 0.894189 0.290540 -0.340606
vn 0.309017 -0.951057 -0.000000
vn 0.309017 -0.951057 -0.000000
vn 0.309017 -0.951057 -0.000000
vn 0.309017 -0.951057 -0.000000
vn 0.309017 -0.951057 -0.000000
vn 0.309017 -0.951057 -0.000000
vn 0.309017 -0.951057 -0.000000
vn 0.309017 -0.951057 -0.000000
vn -0.940206 0.000000 -0.340606
vn -0.940206 0.000000 -0.340606
vn -0.940206 0.000000 -0.340606
vn -0.940206 0.000000 -0.340606
vn -0.940206 0.000000 0.340606
vn -0.940206 0.000000 0.340606
vn -0.940206 0.000000 0.340606
vn -0.940206 0.000000 0.340606
vn 0.940206 -0.000000 0.340606
vn 0.940206 -0.000000 0.340606
vn 0.940206 -0.000000 0.340606
vn 0.940206 -0.000000 -0.340606
vn 0.940206 -0.000000 -0.340606
vn 0.940206 -0.000000 -0.340606
vn -0.000000 -1.000000 -0.000000
vn -0.000000 -1.000000 -0.000000
vn -0.000000 -1.000000 -0.000000
vn -0.000000 -1.000000 -0.000000
vn -0.000000 -1.000000 -0.000000
vn -0.000000 -1.000000 -0.000000
vn -0.000000 -1.000000 -0.000000
vn -0.000000 -1.000000 -0.000000
vn -0.894189 0.290540 -0.340606
vn -0.894189 0.290540 -0.340606
vn -0.894189 0.290540 -0.340606
vn -0.894189 0.290540 -0.340606
vn -0.894189 0.290540 0.340606
vn -0.894189 0.290540 0.340606
vn -0.894189 0.290540 0.340606
vn -0.894189 0.290540 0.340606
vn 0.894189 -0.290540 0.340606
vn 0.894189 -0.290540 0.340606
vn 0.894189 -0.290540 0.340606
vn 0.894189 -0.290540 -0.340606
vn 0.894189 -0.290540 -0.340606
vn 0.894189 -0.290540 -0.340606
vn -0.309017 -0.951057 -0.000000
vn -0.309017 -0.951057 -0.000000
vn -0.309017 -0.951057 -0.000000
vn -0.309017 -0.951057 -0.000000
vn -0.309017 -0.951057 -0.000000
vn -0.309017 -0.951057 -0.000000
vn -0.309017 -0.951057 -0.000000
vn -0.309017 -0.951057 -0.000000
vn -0.760643 0.552639 -0.340606
vn -0.760643 0.552639 -0.340606
vn -0.760643 0.552639 -0.340606
vn -0.760643 0.552639 -0.340606
vn -0.760643 0.552639 0.340606
vn -0.760643 0.552639 0.340606
vn -0.760643 0.552639 0.340606
vn -0.760643 0.552639 0.340606
vn 0.760643 -0.552639 0.340606
vn 0.760643 -0.552639 0.340606
vn 0.760643 -0.552639 0.340606
vn 0.760643 -0.552639 -0.340606
vn 0.760643 -0.552639 -0.340606
vn 0.760643 -0.552639 -0.340606
vn -0.587785 -0.809017 -0.000000
vn -0.587785 -0.809017 -0.000000
vn -0.587785 -0.809017 -0.000000
vn -0.587785 -0.809017 -0.000000
vn -0.587785 -0.809017 -0.000000
vn -0.587785 -0.809017 -0.000000
vn -0.587785 -0.809017 -0.000000
vn -0.587785 -0.809017 -0.000000
vn -0.552639 0.760643 -0.340606
vn -0.552639 0.760643 -0.340606
vn -0.552639 0.760643 -0.340606
vn -0.552639 0.760643 -0.340606
vn -0.552639 0.760643 0.340606
vn -0.552639 0.760643 0.340606
vn -0.552639 0.760643 0.340606
vn -0.552639 0.760643 0.340606
vn 0.552639 -0.760643 0.340606
vn 0.552639 -0.760643 0.340606
vn 0.552639 -0.760643 0.340606
vn 0.552639 -0.760643 -0.340606
vn 0.552639 -0.760643 -0.340606
vn 0.552639 -0.760643 -0.340606
vn -0.809017 -0.587785 -0.000000
vn -0.809017 -0.587785 -0.000000
vn -0.809017 -0.587785 -0.000000
vn -0.809017 -0.587785 -0.000000
vn -0.809017 -0.587785 -0.000000
vn -0.809017 -0.587785 -0.000000
vn -0.809017 -0.587785 -0.000000
vn -0.809017 -0.587785 -0.000000
vn -0.290540 0.894189 -0.340606
vn -0.290540 0.894189 -0.340606
vn -0.290540 0.894189 -0.340606
vn -0.290540 0.894189 -0.340606
vn -0.290540 0.894189 0.340606
vn -0.290540 0.894189 0.340606
vn -0.290540 0.894189 0.340606
vn -0.290540 0.894189 0.340606
vn 0.290540 -0.894189 0.340606
vn 0.290540 -0.894189 0.340606
vn 0.290540 -0.894189 0.340606
vn 0.290540 -0.894189 -0.340606
vn 0.290540 -0.894189 -0.340606
vn 0.290540 -0.894189 -0.340606
vn -0.951057 -0.309017 -0.000000
vn -0.951057 -0.309017 -0.000000
vn -0.951057 -0.309017 -0.000000
vn -0.951057 -0.309017 -0.000000
vn -0.951057 -0.309017 -0.000000
vn -0.951057 -0.309017 -0.000000
vn -0.951057 -0.309017 -0.000000
vn -0.951057 -0.309017 -0.000000
vn 0.000000 0.940206 -0.340606
vn 0.000000 0.940206 -0.340606
vn 0.000000 0.940206 -0.340606
vn 0.000000 0.940206 -0.340606
vn 0.000000 0.940206 0.340606
vn 0.000000 0.940206 0.340606
vn 0.000000 0.940206 0.340606
vn 0.000000 0.940206 0.340606
vn -0.000000 -0.940206 0.340606
vn -0.000000 -0.940206 0.340606
vn -0.000000 -0.940206 0.340606
vn -0.000000 -0.940206 -0.340606
vn -0.000000 -0.940206 -0.340606
vn -0.000000 -0.940206 -0.340606
vn -1.000000 0.000000 -0.000000
vn -1.000000 0.000000 -0.000000
vn -1.000000 0.000000 -0.000000
vn -1.000000 0.000000 -0.000000
vn -1.000000 0.000000 -0.000000
vn -1.000000 0.000000 -0.000000
vn -1.000000 0.000000 -0.000000
vn -1.000000 0.000000 -0.000000
vn 0.290540 0.894189 -0.340606
vn 0.290540 0.894189 -0.340606
vn 0.290540 0.894189 -0.340606
vn 0.290540 0.894189 -0.340606
vn 0.290540 0.894189 0.340606
vn 0.290540 0.894189 0.340606
vn 0.290540 0.894189 0.340606
vn 0.290540 0.894189 0.340606
vn -0.290540 -0.894189 0.340606
vn -0.290540 -0.894189 0.340606
vn -0.290540 -0.894189 0.340606
vn -0.290540 -0.894189 -0.340606
vn -0.290540 -0.894189 -0.340606
vn -0.290540 -0.894189 -0.340606
vn -0.951057 0.309017 -0.000000
vn -0.951057 0.309017 -0.000000
vn -0.951057 0.309017 -0.000000
vn -0.951057 0.309017 -0.000000
vn -0.951057 0.309017 -0.000000
vn -0.951057 0.309017 -0.000000
vn -0.951057 0.309017 -0.000000
vn -0.951057 0.309017 -0.000000
vn 0.552639 0.760643 -0.340606
vn 0.552639 0.760643 -0.340606
vn 0.552639 0.760643 -0.340606
vn 0.552639 0.760643 -0.340606
vn 0.552639 0.760643 0.340606
vn 0.552639 0.760643 0.340606
vn 0.552639 0.760643 0.340606
vn 0.552639 0.760643 0.340606
vn -0.552639 -0.760643 0.340606
vn -0.552639 -0.760643 0.340606
vn -0.552639 -0.760643 0.340606
vn -0.552639 -0.760643 -0.340606
vn -0.552639 -0.760643 -0.340606
vn -0.552639 -0.760643 -0.340606
vn -0.809017 0.587785 -0.000000
vn -0.809017 0.587785 -0.000000
vn -0.809017 0.587785 -0.000000
vn -0.809017 0.587785 -0.000000
vn -0.809017 0.587785 -0.000000
vn -0.809017 0.587785 -0.000000
vn -0.809017 0.587785 -0.000000
vn -0.809017 0.587785 -0.000000
vn 0.760643 0.552639 -0.340606
vn 0.760643 0.552639 -0.340606
vn 0.760643 0.552639 -0.340606
vn 0.760643 0.552639 -0.340606
vn 0.760643 0.552639 0.340606
vn 0.760643 0.552639 0.340606
vn 0.760643 0.552639 0.340606
vn 0.760643 0.552639 0.340606
vn -0.760643 -0.552639 0.340606
vn -0.760643 -0.552639 0.340606
vn -0.760643 -0.552639 0.340606
vn -0.760643 -0.552639 -0.340606
vn -0.760643 -0.552639 -0.340606
vn -0.760643 -0.552639 -0.340606
vn -0.587785 0.809017 -0.000000
vn -0.587785 0.809017 -0.000000
vn -0.587785 0.809017 -0.000000
vn -0.587785 0.809017 -0.000000
vn -0.587785 0.809017 -0.000000
vn -0.587785 0.809017 -0.000000
vn -0.587785 0.809017 -0.000000
vn -0.587785 0.809017 -0.000000
vn 0.894189 0.290540 -0.340606
vn 0.894189 0.290540 -0.340606
vn 0.894189 0.290540 -0.340606
vn 0.894189 0.290540 -0.340606
vn 0.894189 0.290540 0.340606
vn 0.894189 0.290540 0.340606
vn 0.894189 0.290540 0.340606
vn 0.894189 0.290540 0.340606
vn -0.894189 -0.290540 0.340606
vn -0.894189 -0.290540 0.340606
vn -0.894189 -0.290540 0.340606
vn -0.894189 -0.290540 -0.340606
vn -0.894189 -0.290540 -0.340606
vn -0.894189 -0.290540 -0.340606
vn -0.309017 0.951057 -0.000000
vn -0.309017 0.951057 -0.000000
vn -0.309017 0.951057 -0.000000
vn -0.309017 0.951057 -0.000000
vn -0.309017 0.951057 -0.000000
vn -0.309017 0.951057 -0.000000
vn -0.309017 0.951057 -0.000000
vn -0.309017 0.951057 -0.000000
vn 0.940206 -0.000000 -0.340606
vn 0.940206 -0.000000 -0.340606
vn 0.940206 -0.000000 -0.340606
vn 0.940206 -0.000000 -0.340606
vn 0.940206 -0.000000 0.340606
vn 0.940206 -0.000000 0.340606
vn 0.940206 -0.000000 0.340606
vn 0.940206 -0.000000 0.340606
vn -0.940206 0.000000 0.340606
vn -0.940206 0.000000 0.340606
vn -0.940206 0.000000 0.340606
vn -0.940206 0.000000 -0.340606
vn -0.940206 0.000000 -0.340606
vn -0.940206 0.000000 -0.340606
vn 0.000000 1.000000 -0.000000
vn 0.000000 1.000000 -0.000000
vn 0.000000 1.000000 -0.000000
vn 0.000000 1.000000 -0.000000
vn 0.000000 1.000000 -0.000000
vn 0.000000 1.000000 -0.000000
vn 0.000000 1.000000 -0.000000
vn 0.000000 1.000000 -0.000000
vn 0.894189 -0.290540 -0.340606
vn 0.894189 -0.290540 -0.340606
vn 0.894189 -0.290540 -0.340606
vn 0.894189 -0.290540 -0.340606
vn 0.894189 -0.290540 0.340606
vn 0.894189 -0.290540 0.340606
vn 0.894189 -0.290540 0.340606
vn 0.894189 -0.290540 0.340606
vn -0.894189 0.290540 0.340606
vn -0.894189 0.290540 0.340606
vn -0.894189 0.290540 0.340606
vn -0.894189 0.290540 -0.340606
vn -0.894189 0.290540 -0.340606
vn -0.894189 0.290540 -0.340606
vn 0.309017 0.951057 -0.000000
vn 0.309017 0.951057 -0.000000
vn 0.309017 0.951057 -0.000000
vn 0.309017 0.951057 -0.000000
vn 0.309017 0.951057 -0.000000
vn 0.309017 0.951057 -0.000000
vn 0.309017 0.951057 -0.000000
vn 0.309017 0.951057 -0.000000
vn 0.760643 -0.552639 -0.340606
vn 0.760643 -0.552639 -0.340606
vn 0.760643 -0.552639 -0.340606
vn 0.760643 -0.552639 -0.340606
vn 0.760643 -0.552639 0.340606
vn 0.760643 -0.552639 0.340606
vn 0.760643 -0.552639 0.340606
vn 0.760643 -0.552639 0.340606
vn -0.760643 0.552639 0.340606
vn -0.760643 0.552639 0.340606
vn -0.760643 0.552639 0.340606
vn -0.760643 0.552639 -0.340606
vn -0.760643 0.552639 -0.340606
vn -0.760643 0.552639 -0.340606
vn 0.587785 0.809017 -0.000000
vn 0.587785 0.809017 -0.000000
vn 0.587785 0.809017 -0.000000
vn 0.587785 0.809017 -0.000000
vn 0.587785 0.809017 -0.000000
vn 0.587785 0.809017 -0.000000
vn 0.587785 0.809017 -0.000000
vn 0.587785 0.809017 -0.000000
vn 0.552639 -0.760643 -0.340606
vn 0.552639 -0.760643 -0.340606
vn 0.552639 -0.760643 -0.340606
vn 0.552639 -0.760643 -0.340606
vn 0.552639 -0.760643 0.340606
vn 0.552639 -0.760643 0.340606
vn 0.552639 -0.760643 0.340606
vn 0.552639 -0.760643 0.340606
vn -0.552639 0.760643 0.340606
vn -0.552639 0.760643 0.340606
vn -0.552639 0.760643 0.340606
vn -0.552639 0.760643 -0.340606
vn -0.552639 0.760643 -0.340606
vn -0.552639 0.760643 -0.340606
vn 0.809017 0.587785 -0.000000
vn 0.809017 0.587785 -0.000000
vn 0.809017 0.587785 -0.000000
vn 0.809017 0.587785 -0.000000
vn 0.809017 0.587785 -0.000000
vn 0.809017 0.587785 -0.000000
vn 0.809017 0.587785 -0.000000
vn 0.809017 0.587785 -0.000000
vn 0.290540 -0.894189 -0.340606
vn 0.290540 -0.894189 -0.340606
vn 0.290540 -0.894189 -0.340606
vn 0.290540 -0.894189 -0.340606
vn 0.290540 -0.894189 0.340606
vn 0.290540 -0.894189 0.340606
vn 0.290540 -0.894189 0.340606
vn 0.290540 -0.894189 0.340606
vn -0.290540 0.894189 0.340606
vn -0.290540 0.894189 0.340606
vn -0.290540 0.894189 0.340606
vn -0.290540 0.894189 -0.340606
vn -0.290540 0.894189 -0.340606
vn -0.290540 0.894189 -0.340606
vn 0.951057 0.309017 -0.000000
vn 0.951057 0.309017 -0.000000
vn 0.951057 0.309017 -0.000000
vn 0.951057 0.309017 -0.000000
vn 0.951057 0.309017 -0.000000
vn 0.951057 0.309017 -0.000000
vn 0.951057 0.309017 -0.000000
vn 0.951057 0.309017 -0.000000
vn 0.000000 0.000000 1.000000
vn 0.000000 0.000000 1.000000
vn 0.000000 0.000000 1.000000
vn 0.000000 0.000000 1.000000
vn 0.000000 0.000000 1.000000
vn 0.000000 0.000000 1.000000
vn 0.000000 0.000000 1.000000
vn 0.000000 0.000000 1.000000
vn 0.000000 0.000000 1.000000
vn 0.000000 0.000000 1.000000
vn 0.000000 0.000000 1.000000
vn 0.000000 0.000000 1.000000
vn 0.000000 0.000000 1.000000
vn 0.000000 0.000000 1.000000
vn 0.000000 0.000000 1.000000
vn 0.000000 0.000000 1.000000
vn 0.000000 0.000000 1.000000
vn 0.000000 0.000000 1.000000
vn 0.000000 0.000000 1.000000
vn 0.000000 0.000000 1.000000
vn 0.000000 0.000000 1.000000
vn 0.000000 0.000000 1.000000
vn 0.000000 0.000000 1.000000
vn 0.000000 0.000000 1.000000
vn 0.000000 0.000000 1.000000
vn 0.000000 0.000000 1.000000
vn 0.000000 0.000000 1.000000
vn 0.000000 0.000000 1.000000
vn 0.000000 0.000000 1.000000
vn 0.000000 0.000000 1.000000
vn 0.000000 0.000000 1.000000
vn 0.000000 0.000000 1.000000
vn 0.000000 0.000000 1.000000
vn 0.000000 0.000000 1.000000
vn 0.000000 0.000000 1.000000
vn 0.000000 0.000000 1.000000
vn 0.000000 0.000000 1.000000
vn 0.000000 0.000000 1.000000
vn 0.000000 0.000000 1.000000
vn 0.000000 0.000000 1.000000
vn 0.000000 0.000000 1.000000
vn 0.000000 0.000000 1.000000
vn 0.000000 0.000000 1.000000
vn 0.000000 0.000000 1.000000
vn 0.000000 0.000000 1.000000
vn 0.000000 0.000000 1.000000
vn 0.000000 0.000000 1.000000
vn 0.000000 0.000000 1.000000
vn 0.000000 0.000000 1.000000
vn 0.000000 0.000000 1.000000
vn 0.000000 0.000000 1.000000
vn 0.000000 0.000000 1.000000
vn 0.000000 0.000000 1.000000
vn 0.000000 0.000000 1.000000
vn 0.000000 0.000000 1.000000
vn 0.000000 0.000000 1.000000
vn 0.000000 0.000000 1.000000
vn 0.000000 0.000000 1.000000
vn 0.000000 0.000000 1.000000
vn 0.000000 0.000000 1.000000
vn 0.000000 0.000000 1.000000
vn 0.000000 0.000000 1.000000
vn 0.000000 0.000000 1.000000
vn 0.000000 0.000000 1.000000
vn 0.000000 0.000000 1.000000
vn 0.000000 0.000000 1.000000
vn 0.000000 0.000000 1.000000
vn 0.000000 0.000000 1.000000
vn 0.000000 0.000000 1.000000
vn 0.000000 0.000000 1.000000
vn 0.000000 0.000000 1.000000
vn 0.000000 0.000000 1.000000
vn 0.000000 0.000000 1.000000
vn 0.000000 0.000000 1.000000
vn 0.000000 0.000000 1.000000
vn 0.000000 0.000000 1.000000
vn 0.000000 0.000000 1.000000
vn 0.000000 0.000000 1.000000
vn 0.000000 0.000000 1.000000
vn 0.000000 0.000000 1.000000
vn 0.000000 0.000000 1.000000
vn 0.000000 0.000000 1.000000
vn 0.000000 0.000000 1.000000
vn 0.000000 0.000000 1.000000
vn 0.000000 0.000000 1.000000
vn 0.000000 0.000000 1.000000
vn 0.000000 0.000000 1.000000
vn 0.000000 0.000000 1.000000
vn 0.000000 0.000000 1.000000
vn 0.000000 0.000000 1.000000
vn 0.000000 0.000000 1.000000
vn 0.000000 0.000000 1.000000
vn 0.000000 0.000000 1.000000
vn 0.000000 0.000000 1.000000
vn 0.000000 0.000000 1.000000
vn 0.000000 0.000000 1.000000
vn 0.000000 0.000000 1.000000
vn 0.000000 0.000000 1.000000
vn 0.000000 0.000000 1.000000
vn 0.000000 0.000000 1.000000
vn 0.000000 0.000000 1.000000
vn 0.000000 0.000000 1.000000
vn 0.000000 0.000000 1.000000
vn 0.000000 0.000000 1.000000
vn 0.000000 0.000000 1.000000
vn 0.000000 0.000000 1.000000
vn 0.000000 0.000000 1.000000
vn 0.000000 0.000000 1.000000
vn 0.000000 0.000000 1.000000
vn 0.000000 0.000000 1.000000
vn 0.000000 0.000000 1.000000
vn 0.000000 0.000000 1.000000
vn 0.000000 0.000000 1.000000
vn 0.000000 0.000000 1.000000
vn 0.000000 0.000000 1.000000
vn 0.000000 0.000000 1.000000
vn 0.000000 0.000000 1.000000
vn 0.000000 0.000000 1.000000
vn 0.000000 0.000000 1.000000
vn 0.000000 0.000000 1.000000
vn 0.000000 0.000000 1.000000
vn 0.000000 0.000000 1.000000
vn 0.000000 0.000000 1.000000
vn 0.000000 0.000000 1.000000
vn 0.000000 0.000000 1.000000
vn 0.000000 0.000000 1.000000
vn 0.000000 0.000000 1.000000
vn 0.000000 0.000000 1.000000
vn 0.000000 0.000000 1.000000
vn 0.000000 0.000000 1.000000
vn 0.000000 0.000000 1.000000
vn 0.000000 0.000000 1.000000
vn 0.000000 0.000000 1.000000
vn 0.000000 0.000000 1.000000
vn 0.000000 0.000000 1.000000
vn 0.000000 0.000000 1.000000
vn 0.000000 0.000000 1.000000
vn 0.000000 0.000000 1.000000
vn 0.000000 0.000000 1.000000
vn 0.000000 0.000000 1.000000
vn 0.000000 0.000000 1.000000
vn 0.000000 0.000000 1.000000
vn 0.000000 0.000000 1.000000
vn 0.000000 0.000000 1.000000
vn 0.000000 0.000000 1.000000
vn 0.000000 0.000000 1.000000
vn 0.000000 0.000000 1.000000
vn 0.000000 0.000000 1.000000
vn 0.000000 0.000000 1.000000
vn 0.000000 0.000000 1.000000
vn 0.000000 0.000000 1.000000
vn 0.000000 0.000000 1.000000
vn 0.000000 0.000000 1.000000
vn 0.000000 0.000000 1.000000
vn 0.000000 0.000000 1.000000
vn 0.000000 0.000000 1.000000
vn 0.000000 0.000000 1.000000
vn 0.000000 0.000000 1.000000
vn 0.000000 0.000000 1.000000
vn 0.000000 0.000000 1.000000
vn 0.000000 0.000000 1.000000
vn 0.000000 0.000000 1.000000
vn 0.000000 0.000000 1.000000
vn 0.000000 0.000000 1.000000
vn 0.000000 0.000000 1.000000
vn 0.000000 0.000000 1.000000
vn 0.000000 0.000000 1.000000
vn 0.000000 0.000000 1.000000
vn 0.000000 0.000000 1.000000
vn 0.000000 0.000000 1.000000
vn 0.000000 0.000000 1.000000
vn 0.000000 0.000000 1.000000
vn 0.000000 0.000000 1.000000
vn 0.000000 0.000000 1.000000
vn 0.000000 0.000000 1.000000
vn 0.000000 0.000000 1.000000
vn 0.000000 0.000000 1.000000
vn 0.000000 0.000000 1.000000
vn 0.000000 0.000000 1.000000
vn 0.000000 0.000000 1.000000
vn 0.000000 0.000000 1.000000
vn 0.000000 0.000000 1.000000
vn 0.000000 0.000000 1.000000
vn 0.000000 0.000000 1.000000
vn 0.000000 0.000000 1.000000
vn 0.000000 0.000000 1.000000
vn 0.000000 0.000000 1.000000
vn 0.000000 0.000000 1.000000
vn 0.000000 0.000000 1.000000
vn 0.000000 0.000000 1.000000
vn 0.000000 0.000000 1.000000
vn 0.000000 0.000000 1.000000
vn 0.000000 0.000000 1.000000
vn 0.000000 0.000000 1.000000
vn 0.000000 0.000000 1.000000
vn 0.000000 0.000000 1.000000
vn 0.000000 0.000000 1.000000
vn 0.000000 0.000000 1.000000
vn 0.000000 0.000000 1.000000
vn 0.000000 0.000000 1.000000
vn 0.000000 0.000000 1.000000
vn 0.000000 0.000000 1.000000
vn 0.000000 0.000000 1.000000
vn 0.000000 0.000000 1.000000
vn 0.000000 0.000000 1.000000
vn 0.000000 0.000000 1.000000
vn 0.000000 0.000000 1.000000
vn 0.000000 0.000000 1.000000
vn 0.000000 0.000000 1.000000
vn 0.000000 0.000000 1.000000
vn 0.000000 0.000000 1.000000
vn 0.000000 0.000000 1.000000
vn 0.000000 0.000000 1.000000
vn 0.000000 0.000000 1.000000
vn 0.000000 0.000000 1.000000
vn 0.000000 0.000000 1.000000
vn 0.000000 0.000000 1.000000
vn 0.000000 0.000000 1.000000
vn 0.000000 0.000000 1.000000
vn 0.000000 0.000000 1.000000
vn 0.000000 0.000000 1.000000
vn 0.000000 0.000000 1.000000
vn 0.000000 0.000000 1.000000
vn 0.000000 0.000000 1.000000
vn 0.000000 0.000000 1.000000
vn 0.000000 0.000000 1.000000
vn 0.000000 0.000000 1.000000
vn 0.000000 0.000000 1.000000
vn 0.000000 0.000000 1.000000
vn 0.000000 0.000000 1.000000
vn 0.000000 0.000000 1.000000
vn 0.000000 0.000000 1.000000
vn 0.000000 0.000000 1.000000
vn 0.000000 0.000000 1.000000
vn 0.000000 0.000000 1.000000
vn 0.000000 0.000000 1.000000
vn 0.000000 0.000000 1.000000
vn 0.000000 0.000000 1.000000
vn 0.000000 0.000000 1.000000
vn 0.000000 0.000000 1.000000
vn 0.000000 0.000000 1.000000
vn 0.000000 0.000000 1.000000
vn 0.000000 0.000000 1.000000
vn 0.000000 0.000000 1.000000
vn 0.000000 0.000000 1.000000
vn 0.000000 0.000000 1.000000
vn 0.000000 0.000000 1.000000
vn 0.000000 0.000000 1.000000
vn 0.000000 0.000000 1.000000
vn 0.000000 0.000000 1.000000
vn 0.000000 0.000000 1.000000
vn 0.000000 0.000000 1.000000
vn 0.000000 0.000000 1.000000
vn 0.000000 0.000000 1.000000
vn 0.000000 0.000000 1.000000
vn 0.000000 0.000000 1.000000
vn 0.000000 0.000000 1.000000
vn 0.000000 0.000000 1.000000
vn 0.000000 0.000000 1.000000
vn 0.000000 0.000000 1.000000
vn 0.000000 0.000000 1.000000
vn 0.000000 0.000000 1.000000
vn 0.000000 0.000000 1.000000
vn 0.000000 0.000000 1.000000
vn 0.000000 0.000000 1.000000
vn 0.000000 0.000000 1.000000
vn 0.000000 0.000000 1.000000
vn 0.000000 0.000000 1.000000
vn 0.000000 0.000000 1.000000
vn 0.000000 0.000000 1.000000
vn 0.000000 0.000000 1.000000
vn 0.000000 0.000000 1.000000
vn 0.000000 0.000000 1.000000
vn 0.000000 0.000000 1.000000
vn 0.000000 0.000000 1.000000
vn 0.000000 0.000000 1.000000
vn 0.000000 0.000000 1.000000
vn 0.000000 0.000000 1.000000
vn 0.000000 0.000000 1.000000
vn 0.000000 0.000000 1.000000
vn 0.000000 0.000000 1.000000
vn 0.000000 0.000000 1.000000
vn 0.000000 0.000000 1.000000
vn 0.000000 0.000000 1.000000
vn 0.000000 0.000000 1.000000
vn 0.000000 0.000000 1.000000
vn 0.000000 0.000000 1.000000
vn 0.000000 0.000000 1.000000
vn 0.000000 0.000000 1.000000
vn 0.000000 0.000000 1.000000
vn 0.000000 0.000000 1.000000
vn 0.000000 0.000000 1.000000
vn 0.000000 0.000000 1.000000
vn 0.000000 0.000000 1.000000
vn 0.000000 0.000000 1.000000
vn 0.000000 0.000000 1.000000
vn 0.000000 0.000000 1.000000
vn 0.000000 0.000000 1.000000
vn 0.895222 -0.445620 -0.000000
vn 0.951057 -0.309017 -0.000000
vn 0.927696 -0.373336 -0.000000
vn 0.954344 -0.298709 -0.000000
vn 0.954344 -0.298709 -0.000000
vn 0.975000 -0.222205 -0.000000
vn 0.975000 -0.222205 -0.000000
vn 0.996855 -0.079247 -0.000000
vn 0.895222 -0.445620 -0.000000
vn 0.927696 -0.373336 -0.000000
vn 0.975000 -0.222205 -0.000000
vn 0.975000 -0.222205 -0.000000
vn 0.995945 0.089962 -0.000000
vn 0.999941 0.010820 -0.000000
vn 0.995945 0.089962 -0.000000
vn 0.999941 0.010820 -0.000000
vn 0.995945 0.089962 -0.000000
vn 0.995945 0.089962 -0.000000
vn 1.000000 -0.000000 -0.000000
vn 0.997659 -0.068390 -0.000000
vn 0.989111 -0.147171 -0.000000
vn 0.989111 -0.147171 -0.000000
vn 0.997659 -0.068390 -0.000000
vn 0.972554 0.232677 -0.000000
vn 0.919400 0.393323 -0.000000
vn 0.947657 0.319289 -0.000000
vn 0.919400 0.393323 -0.000000
vn 0.947657 0.319289 -0.000000
vn 0.919400 0.393323 -0.000000
vn 0.919400 0.393323 -0.000000
vn 0.951057 0.309017 -0.000000
vn 0.969964 0.243250 -0.000000
vn 0.986179 0.165684 -0.000000
vn 0.986179 0.165684 -0.000000
vn 0.969964 0.243250 -0.000000
vn 0.853053 0.521824 -0.000000
vn 0.752858 0.658183 -0.000000
vn 0.802610 0.596504 -0.000000
vn 0.752858 0.658183 -0.000000
vn 0.802610 0.596504 -0.000000
vn 0.752858 0.658183 -0.000000
vn 0.752858 0.658183 -0.000000
vn 0.809017 0.587785 -0.000000
vn 0.847322 0.531080 -0.000000
vn 0.886713 0.462321 -0.000000
vn 0.886713 0.462321 -0.000000
vn 0.847322 0.531080 -0.000000
vn 0.650049 0.759892 -0.000000
vn 0.512621 0.858615 -0.000000
vn 0.578997 0.815329 -0.000000
vn 0.512621 0.858615 -0.000000
vn 0.578997 0.815329 -0.000000
vn 0.512621 0.858615 -0.000000
vn 0.512621 0.858615 -0.000000
vn 0.587785 0.809017 -0.000000
vn 0.641738 0.766924 -0.000000
vn 0.700449 0.713703 -0.000000
vn 0.700449 0.713703 -0.000000
vn 0.641738 0.766924 -0.000000
vn 0.383414 0.923577 -0.000000
vn 0.222205 0.975000 -0.000000
vn 0.298709 0.954344 -0.000000
vn 0.222205 0.975000 -0.000000
vn 0.298709 0.954344 -0.000000
vn 0.222205 0.975000 -0.000000
vn 0.222205 0.975000 -0.000000
vn 0.309017 0.951057 -0.000000
vn 0.373336 0.927696 -0.000000
vn 0.445620 0.895222 -0.000000
vn 0.445620 0.895222 -0.000000
vn 0.373336 0.927696 -0.000000
vn 0.079247 0.996855 -0.000000
vn -0.089962 0.995945 -0.000000
vn -0.010820 0.999941 -0.000000
vn -0.089962 0.995945 -0.000000
vn -0.010820 0.999941 -0.000000
vn -0.089962 0.995945 -0.000000
vn -0.089962 0.995945 -0.000000
vn 0.000000 1.000000 -0.000000
vn 0.068390 0.997659 -0.000000
vn 0.147171 0.989111 -0.000000
vn 0.147171 0.989111 -0.000000
vn 0.068390 0.997659 -0.000000
vn -0.232677 0.972554 -0.000000
vn -0.393323 0.919400 -0.000000
vn -0.319289 0.947657 -0.000000
vn -0.393323 0.919400 -0.000000
vn -0.319289 0.947657 -0.000000
vn -0.393323 0.919400 -0.000000
vn -0.393323 0.919400 -0.000000
vn -0.309017 0.951057 -0.000000
vn -0.243250 0.969964 -0.000000
vn -0.165684 0.986179 -0.000000
vn -0.165684 0.986179 -0.000000
vn -0.243250 0.969964 -0.000000
vn -0.521824 0.853053 -0.000000
vn -0.658183 0.752858 -0.000000
vn -0.596504 0.802610 -0.000000
vn -0.658183 0.752858 -0.000000
vn -0.596504 0.802610 -0.000000
vn -0.658183 0.752858 -0.000000
vn -0.658183 0.752858 -0.000000
vn -0.587785 0.809017 -0.000000
vn -0.531080 0.847322 -0.000000
vn -0.462321 0.886713 -0.000000
vn -0.462321 0.886713 -0.000000
vn -0.531080 0.847322 -0.000000
vn -0.759892 0.650049 -0.000000
vn -0.858615 0.512621 -0.000000
vn -0.815329 0.578997 -0.000000
vn -0.858615 0.512621 -0.000000
vn -0.815329 0.578997 -0.000000
vn -0.858615 0.512621 -0.000000
vn -0.858615 0.512621 -0.000000
vn -0.809017 0.587785 -0.000000
vn -0.766924 0.641738 -0.000000
vn -0.713703 0.700449 -0.000000
vn -0.713703 0.700449 -0.000000
vn -0.766924 0.641738 -0.000000
vn -0.923577 0.383414 -0.000000
vn -0.975000 0.222205 -0.000000
vn -0.954344 0.298709 -0.000000
vn -0.975000 0.222205 -0.000000
vn -0.954344 0.298709 -0.000000
vn -0.975000 0.222205 -0.000000
vn -0.975000 0.222205 -0.000000
vn -0.951057 0.309017 -0.000000
vn -0.927696 0.373336 -0.000000
vn -0.895222 0.445620 -0.000000
vn -0.895222 0.445620 -0.000000
vn -0.927696 0.373336 -0.000000
vn -0.996855 0.079247 -0.000000
vn -0.995945 -0.089962 0.000000
vn -0.999941 -0.010820 0.000000
vn -0.995945 -0.089962 0.000000
vn -0.999941 -0.010820 0.000000
vn -0.995945 -0.089962 0.000000
vn -0.995945 -0.089962 0.000000
vn -1.000000 -0.000000 0.000000
vn -0.997659 0.068390 -0.000000
vn -0.989111 0.147171 -0.000000
vn -0.989111 0.147171 -0.000000
vn -0.997659 0.068390 -0.000000
vn -0.972554 -0.232677 0.000000
vn -0.919400 -0.393323 0.000000
vn -0.947657 -0.319289 0.000000
vn -0.919400 -0.393323 0.000000
vn -0.947657 -0.319289 0.000000
vn -0.919400 -0.393323 0.000000
vn -0.919400 -0.393323 0.000000
vn -0.951057 -0.309017 0.000000
vn -0.969964 -0.243250 0.000000
vn -0.986179 -0.165684 0.000000
vn -0.986179 -0.165684 0.000000
vn -0.969964 -0.243250 0.000000
vn -0.853053 -0.521824 0.000000
vn -0.752858 -0.658183 0.000000
vn -0.802610 -0.596504 0.000000
vn -0.752858 -0.658183 0.000000
vn -0.802610 -0.596504 0.000000
vn -0.752858 -0.658183 0.000000
vn -0.752858 -0.658183 0.000000
vn -0.809017 -0.587785 0.000000
vn -0.847322 -0.531080 0.000000
vn -0.886713 -0.462321 0.000000
vn -0.886713 -0.462321 0.000000
vn -0.847322 -0.531080 0.000000
vn -0.650049 -0.759892 0.000000
vn -0.512621 -0.858615 0.000000
vn -0.578997 -0.815329 0.000000
vn -0.512621 -0.858615 0.000000
vn -0.578997 -0.815329 0.000000
vn -0.512621 -0.858615 0.000000
vn -0.512621 -0.858615 0.000000
vn -0.587785 -0.809017 0.000000
vn -0.641738 -0.766924 0.000000
vn -0.700449 -0.713703 0.000000
vn -0.700449 -0.713703 0.000000
vn -0.641738 -0.766924 0.000000
vn -0.383414 -0.923577 0.000000
vn -0.222205 -0.975000 0.000000
vn -0.298709 -0.954344 0.000000
vn -0.222205 -0.975000 0.000000
vn -0.298709 -0.954344 0.000000
vn -0.222205 -0.975000 0.000000
vn -0.222205 -0.975000 0.000000
vn -0.309017 -0.951057 0.000000
vn -0.373336 -0.927696 0.000000
vn -0.445620 -0.895222 0.000000
vn -0.445620 -0.895222 0.000000
vn -0.373336 -0.927696 0.000000
vn -0.079247 -0.996855 0.000000
vn 0.089962 -0.995945 -0.000000
vn 0.010820 -0.999941 -0.000000
vn 0.089962 -0.995945 -0.000000
vn 0.010820 -0.999941 -0.000000
vn 0.089962 -0.995945 -0.000000
vn 0.089962 -0.995945 -0.000000
vn -0.000000 -1.000000 0.000000
vn -0.068390 -0.997659 0.000000
vn -0.147171 -0.989111 0.000000
vn -0.147171 -0.989111 0.000000
vn -0.068390 -0.997659 0.000000
vn 0.232677 -0.972554 -0.000000
vn 0.393323 -0.919400 -0.000000
vn 0.319289 -0.947657 -0.000000
vn 0.393323 -0.919400 -0.000000
vn 0.319289 -0.947657 -0.000000
vn 0.393323 -0.919400 -0.000000
vn 0.393323 -0.919400 -0.000000
vn 0.309017 -0.951057 -0.000000
vn 0.243250 -0.969964 -0.000000
vn 0.165684 -0.986179 -0.000000
vn 0.165684 -0.986179 -0.000000
vn 0.243250 -0.969964 -0.000000
vn 0.521824 -0.853053 -0.000000
vn 0.658183 -0.752858 -0.000000
vn 0.596504 -0.802610 -0.000000
vn 0.658183 -0.752858 -0.000000
vn 0.596504 -0.802610 -0.000000
vn 0.658183 -0.752858 -0.000000
vn 0.658183 -0.752858 -0.000000
vn 0.587785 -0.809017 -0.000000
vn 0.531080 -0.847322 -0.000000
vn 0.462321 -0.886713 -0.000000
vn 0.462321 -0.886713 -0.000000
vn 0.531080 -0.847322 -0.000000
vn 0.759892 -0.650049 -0.000000
vn -0.000000 -0.000000 -1.000000
vn -0.000000 -0.000000 -1.000000
vn -0.000000 -0.000000 -1.000000
vn -0.000000 -0.000000 -1.000000
vn -0.000000 -0.000000 -1.000000
vn -0.000000 -0.000000 -1.000000
vn -0.000000 -0.000000 -1.000000
vn -0.000000 -0.000000 -1.000000
vn -0.000000 -0.000000 -1.000000
vn -0.000000 -0.000000 -1.000000
vn -0.000000 -0.000000 -1.000000
vn -0.000000 -0.000000 -1.000000
vn -0.000000 -0.000000 -1.000000
vn -0.000000 -0.000000 -1.000000
vn -0.000000 -0.000000 -1.000000
vn -0.000000 -0.000000 -1.000000
vn -0.000000 -0.000000 -1.000000
vn -0.000000 -0.000000 -1.000000
vn -0.000000 -0.000000 -1.000000
vn -0.000000 -0.000000 -1.000000
vn -0.000000 -0.000000 -1.000000
vn -0.000000 -0.000000 -1.000000
vn -0.000000 -0.000000 -1.000000
vn -0.000000 -0.000000 -1.000000
vn -0.000000 -0.000000 -1.000000
vn -0.000000 -0.000000 -1.000000
vn -0.000000 -0.000000 -1.000000
vn -0.000000 -0.000000 -1.000000
vn -0.000000 -0.000000 -1.000000
vn -0.000000 -0.000000 -1.000000
vn -0.000000 -0.000000 -1.000000
vn -0.000000 -0.000000 -1.000000
vn -0.000000 -0.000000 -1.000000
vn -0.000000 -0.000000 -1.000000
vn -0.000000 -0.000000 -1.000000
vn -0.000000 -0.000000 -1.000000
vn -0.000000 -0.000000 -1.000000
vn -0.000000 -0.000000 -1.000000
vn -0.000000 -0.000000 -1.000000
vn -0.000000 -0.000000 -1.000000
vn -0.000000 -0.000000 -1.000000
vn -0.000000 -0.000000 -1.000000
vn -0.000000 -0.000000 -1.000000
vn -0.000000 -0.000000 -1.000000
vn -0.000000 -0.000000 -1.000000
vn -0.000000 -0.000000 -1.000000
vn -0.000000 -0.000000 -1.000000
vn -0.000000 -0.000000 -1.000000
vn -0.000000 -0.000000 -1.000000
vn -0.000000 -0.000000 -1.000000
vn -0.000000 -0.000000 -1.000000
vn -0.000000 -0.000000 -1.000000
vn -0.000000 -0.000000 -1.000000
vn -0.000000 -0.000000 -1.000000
vn -0.000000 -0.000000 -1.000000
vn -0.000000 -0.000000 -1.000000
vn -0.000000 -0.000000 -1.000000
vn -0.000000 -0.000000 -1.000000
vn -0.000000 -0.000000 -1.000000
vn -0.000000 -0.000000 -1.000000
vn -0.000000 -0.000000 -1.000000
vn -0.000000 -0.000000 -1.000000
vn -0.000000 -0.000000 -1.000000
vn -0.000000 -0.000000 -1.000000
vn -0.000000 -0.000000 -1.000000
vn -0.000000 -0.000000 -1.000000
vn -0.000000 -0.000000 -1.000000
vn -0.000000 -0.000000 -1.000000
vn -0.000000 -0.000000 -1.000000
vn -0.000000 -0.000000 -1.000000
vn -0.000000 -0.000000 -1.000000
vn -0.000000 -0.000000 -1.000000
vn -0.000000 -0.000000 -1.000000
vn -0.000000 -0.000000 -1.000000
vn -0.000000 -0.000000 -1.000000
vn -0.000000 -0.000000 -1.000000
vn -0.000000 -0.000000 -1.000000
vn -0.000000 -0.000000 -1.000000
vn -0.000000 -0.000000 -1.000000
vn -0.000000 -0.000000 -1.000000
vn -0.000000 -0.000000 -1.000000
vn -0.000000 -0.000000 -1.000000
vn -0.000000 -0.000000 -1.000000
vn -0.000000 -0.000000 -1.000000
vn -0.000000 -0.000000 -1.000000
vn -0.000000 -0.000000 -1.000000
vn -0.000000 -0.000000 -1.000000
vn -0.000000 -0.000000 -1.000000
vn -0.000000 -0.000000 -1.000000
vn -0.000000 -0.000000 -1.000000
vn -0.000000 -0.000000 -1.000000
vn -0.000000 -0.000000 -1.000000
vn -0.000000 -0.000000 -1.000000
vn -0.000000 -0.000000 -1.000000
vn -0.000000 -0.000000 -1.000000
vn -0.000000 -0.000000 -1.000000
vn -0.000000 -0.000000 -1.000000
vn -0.000000 -0.000000 -1.000000
vn -0.000000 -0.000000 -1.000000
vn -0.000000 -0.000000 -1.000000
vn -0.000000 -0.000000 -1.000000
vn -0.000000 -0.000000 -1.000000
vn -0.000000 -0.000000 -1.000000
vn -0.000000 -0.000000 -1.000000
vn -0.000000 -0.000000 -1.000000
vn -0.000000 -0.000000 -1.000000
vn -0.000000 -0.000000 -1.000000
vn -0.000000 -0.000000 -1.000000
vn -0.000000 -0.000000 -1.000000
vn -0.000000 -0.000000 -1.000000
vn -0.000000 -0.000000 -1.000000
vn -0.000000 -0.000000 -1.000000
vn -0.000000 -0.000000 -1.000000
vn -0.000000 -0.000000 -1.000000
vn -0.000000 -0.000000 -1.000000
vn -0.000000 -0.000000 -1.000000
vn -0.000000 -0.000000 -1.000000
vn -0.000000 -0.000000 -1.000000
vn -0.000000 -0.000000 -1.000000
vn -0.000000 -0.000000 -1.000000
vn -0.000000 -0.000000 -1.000000
vn -0.000000 -0.000000 -1.000000
vn -0.000000 -0.000000 -1.000000
vn -0.000000 -0.000000 -1.000000
vn -0.000000 -0.000000 -1.000000
vn -0.000000 -0.000000 -1.000000
vn -0.000000 -0.000000 -1.000000
vn -0.000000 -0.000000 -1.000000
vn -0.000000 -0.000000 -1.000000
vn -0.000000 -0.000000 -1.000000
vn -0.000000 -0.000000 -1.000000
vn -0.000000 -0.000000 -1.000000
vn -0.000000 -0.000000 -1.000000
vn -0.000000 -0.000000 -1.000000
vn -0.000000 -0.000000 -1.000000
vn -0.000000 -0.000000 -1.000000
vn -0.000000 -0.000000 -1.000000
vn -0.000000 -0.000000 -1.000000
vn -0.000000 -0.000000 -1.000000
vn -0.000000 -0.000000 -1.000000
vn -0.000000 -0.000000 -1.000000
vn -0.000000 -0.000000 -1.000000
vn -0.000000 -0.000000 -1.000000
vn -0.000000 -0.000000 -1.000000
vn -0.000000 -0.000000 -1.000000
vn -0.000000 -0.000000 -1.000000
vn -0.000000 -0.000000 -1.000000
vn -0.000000 -0.000000 -1.000000
vn -0.000000 -0.000000 -1.000000
vn -0.000000 -0.000000 -1.000000
vn -0.000000 -0.000000 -1.000000
vn -0.000000 -0.000000 -1.000000
vn -0.000000 -0.000000 -1.000000
vn -0.000000 -0.000000 -1.000000
vn -0.000000 -0.000000 -1.000000
vn -0.000000 -0.000000 -1.000000
vn -0.000000 -0.000000 -1.000000
vn -0.000000 -0.000000 -1.000000
vn -0.000000 -0.000000 -1.000000
vn -0.000000 -0.000000 -1.000000
vn -0.000000 -0.000000 -1.000000
vn -0.000000 -0.000000 -1.000000
vn -0.000000 -0.000000 -1.000000
vn -0.000000 -0.000000 -1.000000
vn -0.000000 -0.000000 -1.000000
vn -0.000000 -0.000000 -1.000000
vn -0.000000 -0.000000 -1.000000
vn -0.000000 -0.000000 -1.000000
vn -0.000000 -0.000000 -1.000000
vn -0.000000 -0.000000 -1.000000
vn -0.000000 -0.000000 -1.000000
vn -0.000000 -0.000000 -1.000000
vn -0.000000 -0.000000 -1.000000
vn -0.000000 -0.000000 -1.000000
vn -0.000000 -0.000000 -1.000000
vn -0.000000 -0.000000 -1.000000
vn -0.000000 -0.000000 -1.000000
vn -0.000000 -0.000000 -1.000000
vn -0.000000 -0.000000 -1.000000
vn -0.000000 -0.000000 -1.000000
vn -0.000000 -0.000000 -1.000000
vn -0.000000 -0.000000 -1.000000
vn -0.000000 -0.000000 -1.000000
vn -0.000000 -0.000000 -1.000000
vn -0.000000 -0.000000 -1.000000
vn -0.000000 -0.000000 -1.000000
vn -0.000000 -0.000000 -1.000000
vn -0.000000 -0.000000 -1.000000
vn -0.000000 -0.000000 -1.000000
vn -0.000000 -0.000000 -1.000000
vn -0.000000 -0.000000 -1.000000
vn -0.000000 -0.000000 -1.000000
vn -0.000000 -0.000000 -1.000000
vn -0.000000 -0.000000 -1.000000
vn -0.000000 -0.000000 -1.000000
vn -0.000000 -0.000000 -1.000000
vn -0.000000 -0.000000 -1.000000
vn -0.000000 -0.000000 -1.000000
vn -0.000000 -0.000000 -1.000000
vn -0.000000 -0.000000 -1.000000
vn -0.000000 -0.000000 -1.000000
vn -0.000000 -0.000000 -1.000000
vn -0.000000 -0.000000 -1.000000
vn -0.000000 -0.000000 -1.000000
vn -0.000000 -0.000000 -1.000000
vn -0.000000 -0.000000 -1.000000
vn -0.000000 -0.000000 -1.000000
vn -0.000000 -0.000000 -1.000000
vn -0.000000 -0.000000 -1.000000
vn -0.000000 -0.000000 -1.000000
vn -0.000000 -0.000000 -1.000000
vn -0.000000 -0.000000 -1.000000
vn -0.000000 -0.000000 -1.000000
vn -0.000000 -0.000000 -1.000000
vn -0.000000 -0.000000 -1.000000
vn -0.000000 -0.000000 -1.000000
vn -0.000000 -0.000000 -1.000000
vn -0.000000 -0.000000 -1.000000
vn -0.000000 -0.000000 -1.000000
vn -0.000000 -0.000000 -1.000000
vn -0.000000 -0.000000 -1.000000
vn -0.000000 -0.000000 -1.000000
vn -0.000000 -0.000000 -1.000000
vn -0.000000 -0.000000 -1.000000
vn -0.000000 -0.000000 -1.000000
vn -0.000000 -0.000000 -1.000000
vn -0.000000 -0.000000 -1.000000
vn -0.000000 -0.000000 -1.000000
vn -0.000000 -0.000000 -1.000000
vn -0.000000 -0.000000 -1.000000
vn -0.000000 -0.000000 -1.000000
vn -0.000000 -0.000000 -1.000000
vn -0.000000 -0.000000 -1.000000
vn -0.000000 -0.000000 -1.000000
vn -0.000000 -0.000000 -1.000000
vn -0.000000 -0.000000 -1.000000
vn -0.000000 -0.000000 -1.000000
vn -0.000000 -0.000000 -1.000000
vn -0.000000 -0.000000 -1.000000
vn -0.000000 -0.000000 -1.000000
vn -0.000000 -0.000000 -1.000000
vn -0.000000 -0.000000 -1.000000
vn -0.000000 -0.000000 -1.000000
vn -0.000000 -0.000000 -1.000000
vn -0.000000 -0.000000 -1.000000
vn -0.000000 -0.000000 -1.000000
vn -0.000000 -0.000000 -1.000000
vn -0.000000 -0.000000 -1.000000
vn -0.000000 -0.000000 -1.000000
vn -0.000000 -0.000000 -1.000000
vn -0.000000 -0.000000 -1.000000
vn -0.000000 -0.000000 -1.000000
vn -0.000000 -0.000000 -1.000000
vn -0.000000 -0.000000 -1.000000
vn -0.000000 -0.000000 -1.000000
vn -0.000000 -0.000000 -1.000000
vn -0.000000 -0.000000 -1.000000
vn -0.000000 -0.000000 -1.000000
vn -0.000000 -0.000000 -1.000000
vn -0.000000 -0.000000 -1.000000
vn -0.000000 -0.000000 -1.000000
vn -0.000000 -0.000000 -1.000000
vn -0.000000 -0.000000 -1.000000
vn -0.000000 -0.000000 -1.000000
vn -0.000000 -0.000000 -1.000000
vn -0.000000 -0.000000 -1.000000
vn -0.000000 -0.000000 -1.000000
vn -0.000000 -0.000000 -1.000000
vn -0.000000 -0.000000 -1.000000
vn -0.000000 -0.000000 -1.000000
vn -0.000000 -0.000000 -1.000000
vn -0.000000 -0.000000 -1.000000
vn -0.000000 -0.000000 -1.000000
vn -0.000000 -0.000000 -1.000000
vn -0.000000 -0.000000 -1.000000
vn -0.000000 -0.000000 -1.000000
vn -0.000000 -0.000000 -1.000000
vn -0.000000 -0.000000 -1.000000
vn -0.000000 -0.000000 -1.000000
vn -0.000000 -0.000000 -1.000000
vn -0.000000 -0.000000 -1.000000
vn -0.000000 -0.000000 -1.000000
vn -0.000000 -0.000000 -1.000000
vn -0.000000 -0.000000 -1.000000
vn -0.000000 -0.000000 -1.000000
vn -0.000000 -0.000000 -1.000000
vn -0.000000 -0.000000 -1.000000
vn -0.000000 -0.000000 -1.000000
vn -0.000000 -0.000000 -1.000000
vn -0.000000 -0.000000 -1.000000
vn -0.000000 -0.000000 -1.000000
vn -0.000000 -0.000000 -1.000000
vn -0.000000 -0.000000 -1.000000
vn -0.000000 -0.000000 -1.000000
vn -0.000000 -0.000000 -1.000000
vn -0.000000 -0.000000 -1.000000
vn -0.000000 -0.000000 -1.000000
vn -0.000000 -0.000000 -1.000000
vn -0.000000 -0.940206 -0.340606
vn -0.000000 -0.940206 -0.340606
vn -0.000000 -0.940206 -0.340606
vn -0.000000 -0.940206 -0.340606
vn -0.000000 -0.940206 0.340606
vn -0.000000 -0.940206 0.340606
vn -0.000000 -0.940206 0.340606
vn -0.000000 -0.940206 0.340606
vn 0.000000 0.940206 0.340606
vn 0.000000 0.940206 0.340606
vn 0.000000 0.940206 0.340606
vn -0.000000 0.940206 -0.340606
vn -0.000000 0.940206 -0.340606
vn -0.000000 0.940206 -0.340606
vn 1.000000 -0.000000 -0.000000
vn 1.000000 -0.000000 -0.000000
vn 1.000000 -0.000000 -0.000000
vn 1.000000 -0.000000 -0.000000
vn 1.000000 -0.000000 -0.000000
vn 1.000000 -0.000000 -0.000000
vn 1.000000 -0.000000 -0.000000
vn 1.000000 -0.000000 -0.000000
vn 0.984808 0.173648 -0.000000
vn 0.984808 0.173648 -0.000000
vn 1.000000 0.000000 -0.000000
vn 1.000000 0.000000 -0.000000
vn 0.984808 -0.173648 0.000000
vn 0.984808 -0.173648 0.000000
vn 0.939693 -0.342020 0.000000
vn 0.939693 -0.342020 0.000000
vn 0.866025 -0.500000 0.000000
vn 0.866025 -0.500000 0.000000
vn 0.766044 -0.642788 0.000000
vn 0.766044 -0.642788 0.000000
vn 0.642788 -0.766044 0.000000
vn 0.642788 -0.766044 0.000000
vn 0.500000 -0.866025 0.000000
vn 0.500000 -0.866025 0.000000
vn 0.342020 -0.939693 0.000000
vn 0.342020 -0.939693 0.000000
vn 0.173648 -0.984808 0.000000
vn 0.173648 -0.984808 0.000000
vn -0.000000 -1.000000 0.000000
vn -0.000000 -1.000000 0.000000
vn -0.173648 -0.984808 0.000000
vn -0.173648 -0.984808 0.000000
vn -0.342020 -0.939693 0.000000
vn -0.342020 -0.939693 0.000000
vn -0.500000 -0.866025 0.000000
vn -0.500000 -0.866025 0.000000
vn -0.642788 -0.766044 0.000000
vn -0.642788 -0.766044 0.000000
vn -0.766044 -0.642788 0.000000
vn -0.766044 -0.642788 0.000000
vn -0.866025 -0.500000 0.000000
vn -0.866025 -0.500000 0.000000
vn -0.939693 -0.342020 0.000000
vn -0.939693 -0.342020 0.000000
vn -0.984808 -0.173648 0.000000
vn -0.984808 -0.173648 0.000000
vn -1.000000 0.000000 0.000000
vn -1.000000 0.000000 0.000000
vn -0.984808 0.173648 0.000000
vn -0.984808 0.173648 0.000000
vn -0.939693 0.342020 0.000000
vn -0.939693 0.342020 0.000000
vn -0.866025 0.500000 0.000000
vn -0.866025 0.500000 0.000000
vn -0.766044 0.642788 0.000000
vn -0.766044 0.642788 0.000000
vn -0.642788 0.766044 0.000000
vn -0.642788 0.766044 0.000000
vn -0.500000 0.866025 0.000000
vn -0.500000 0.866025 0.000000
vn -0.342020 0.939693 0.000000
vn -0.342020 0.939693 0.000000
vn -0.173648 0.984808 0.000000
vn -0.173648 0.984808 0.000000
vn -0.000000 1.000000 0.000000
vn -0.000000 1.000000 0.000000
vn 0.173648 0.984808 -0.000000
vn 0.173648 0.984808 -0.000000
vn 0.342020 0.939693 -0.000000
vn 0.342020 0.939693 -0.000000
vn 0.500000 0.866025 -0.000000
vn 0.500000 0.866025 -0.000000
vn 0.642788 0.766044 -0.000000
vn 0.642788 0.766044 -0.000000
vn 0.766044 0.642788 -0.000000
vn 0.766044 0.642788 -0.000000
vn 0.866025 0.500000 -0.000000
vn 0.866025 0.500000 -0.000000
vn 0.939693 0.342020 -0.000000
vn 0.939693 0.342020 -0.000000
vn -0.965926 -0.258819 0.000000
vn -0.965926 -0.258819 0.000000
vn -1.000000 -0.000000 0.000000
vn -1.000000 -0.000000 0.000000
vn -0.965926 0.258819 0.000000
vn -0.965926 0.258819 0.000000
vn -0.866025 0.500000 0.000000
vn -0.866025 0.500000 0.000000
vn -0.707107 0.707107 0.000000
vn -0.707107 0.707107 0.000000
vn -0.500000 0.866025 0.000000
vn -0.500000 0.866025 0.000000
vn -0.258819 0.965926 0.000000
vn -0.258819 0.965926 0.000000
vn 0.000000 1.000000 -0.000000
vn 0.000000 1.000000 -0.000000
vn 0.258819 0.965926 -0.000000
vn 0.258819 0.965926 -0.000000
vn 0.500000 0.866025 -0.000000
vn 0.500000 0.866025 -0.000000
vn 0.707107 0.707107 -0.000000
vn 0.707107 0.707107 -0.000000
vn 0.866025 0.500000 -0.000000
vn 0.866025 0.500000 -0.000000
vn 0.965926 0.258819 -0.000000
vn 0.965926 0.258819 -0.000000
vn 1.000000 0.000000 -0.000000
vn 1.000000 0.000000 -0.000000
vn 0.965926 -0.258819 0.000000
vn 0.965926 -0.258819 0.000000
vn 0.866025 -0.500000 0.000000
vn 0.866025 -0.500000 0.000000
vn 0.707107 -0.707107 0.000000
vn 0.707107 -0.707107 0.000000
vn 0.500000 -0.866025 0.000000
vn 0.500000 -0.866025 0.000000
vn 0.258819 -0.965926 0.000000
vn 0.258819 -0.965926 0.000000
vn 0.000000 -1.000000 0.000000
vn 0.000000 -1.000000 0.000000
vn -0.258819 -0.965926 0.000000
vn -0.258819 -0.965926 0.000000
vn -0.500000 -0.866025 0.000000
vn -0.500000 -0.866025 0.000000
vn -0.707107 -0.707107 0.000000
vn -0.707107 -0.707107 0.000000
vn -0.866025 -0.500000 0.000000
vn -0.866025 -0.500000 0.000000
vn -0.965926 -0.258819 0.000000
vn -0.965926 -0.258819 0.000000
vn -1.000000 -0.000000 0.000000
vn -1.000000 -0.000000 0.000000
vn -0.965926 0.258819 0.000000
vn -0.965926 0.258819 0.000000
vn -0.866025 0.500000 0.000000
vn -0.866025 0.500000 0.000000
vn -0.707107 0.707107 0.000000
vn -0.707107 0.707107 0.000000
vn -0.500000 0.866025 0.000000
vn -0.500000 0.866025 0.000000
vn -0.258819 0.965926 0.000000
vn -0.258819 0.965926 0.000000
vn 0.000000 1.000000 -0.000000
vn 0.000000 1.000000 -0.000000
vn 0.258819 0.965926 -0.000000
vn 0.258819 0.965926 -0.000000
vn 0.500000 0.866025 -0.000000
vn 0.500000 0.866025 -0.000000
vn 0.707107 0.707107 -0.000000
vn 0.707107 0.707107 -0.000000
vn 0.866025 0.500000 -0.000000
vn 0.866025 0.500000 -0.000000
vn 0.965926 0.258819 -0.000000
vn 0.965926 0.258819 -0.000000
vn 1.000000 0.000000 -0.000000
vn 1.000000 0.000000 -0.000000
vn 0.965926 -0.258819 0.000000
vn 0.965926 -0.258819 0.000000
vn 0.866025 -0.500000 0.000000
vn 0.866025 -0.500000 0.000000
vn 0.707107 -0.707107 0.000000
vn 0.707107 -0.707107 0.000000
vn 0.500000 -0.866025 0.000000
vn 0.500000 -0.866025 0.000000
vn 0.258819 -0.965926 0.000000
vn 0.258819 -0.965926 0.000000
vn 0.000000 -1.000000 0.000000
vn 0.000000 -1.000000 0.000000
vn -0.258819 -0.965926 0.000000
vn -0.258819 -0.965926 0.000000
vn -0.500000 -0.866025 0.000000
vn -0.500000 -0.866025 0.000000
vn -0.707107 -0.707107 0.000000
vn -0.707107 -0.707107 0.000000
vn -0.866025 -0.500000 0.000000
vn -0.866025 -0.500000 0.000000
vn -0.981929 -0.189251 0.000000
vn -0.981929 -0.189251 0.000000
vn -1.000000 -0.000000 0.000000
vn -1.000000 -0.000000 0.000000
vn -0.981929 0.189251 0.000000
vn -0.981929 0.189251 0.000000
vn -0.928368 0.371662 0.000000
vn -0.928368 0.371662 0.000000
vn -0.841254 0.540641 0.000000
vn -0.841254 0.540641 0.000000
vn -0.723734 0.690079 0.000000
vn -0.723734 0.690079 0.000000
vn -0.580057 0.814576 0.000000
vn -0.580057 0.814576 0.000000
vn -0.415415 0.909632 0.000000
vn -0.415415 0.909632 0.000000
vn -0.235759 0.971812 0.000000
vn -0.235759 0.971812 0.000000
vn -0.047582 0.998867 0.000000
vn -0.047582 0.998867 0.000000
vn 0.142315 0.989821 -0.000000
vn 0.142315 0.989821 -0.000000
vn 0.327068 0.945001 -0.000000
vn 0.327068 0.945001 -0.000000
vn 0.500000 0.866025 -0.000000
vn 0.500000 0.866025 -0.000000
vn 0.654861 0.755750 -0.000000
vn 0.654861 0.755750 -0.000000
vn 0.786053 0.618159 -0.000000
vn 0.786053 0.618159 -0.000000
vn 0.888835 0.458227 -0.000000
vn 0.888835 0.458227 -0.000000
vn 0.959493 0.281733 -0.000000
vn 0.959493 0.281733 -0.000000
vn 0.995472 0.095056 -0.000000
vn 0.995472 0.095056 -0.000000
vn 0.995472 -0.095056 0.000000
vn 0.995472 -0.095056 0.000000
vn 0.959493 -0.281733 0.000000
vn 0.959493 -0.281733 0.000000
vn 0.888835 -0.458227 0.000000
vn 0.888835 -0.458227 0.000000
vn 0.786053 -0.618159 0.000000
vn 0.786053 -0.618159 0.000000
vn 0.654861 -0.755750 0.000000
vn 0.654861 -0.755750 0.000000
vn 0.500000 -0.866025 0.000000
vn 0.500000 -0.866025 0.000000
vn 0.327068 -0.945001 0.000000
vn 0.327068 -0.945001 0.000000
vn 0.142315 -0.989821 0.000000
vn 0.142315 -0.989821 0.000000
vn -0.047582 -0.998867 0.000000
vn -0.047582 -0.998867 0.000000
vn -0.235759 -0.971812 0.000000
vn -0.235759 -0.971812 0.000000
vn -0.415415 -0.909632 0.000000
vn -0.415415 -0.909632 0.000000
vn -0.580057 -0.814576 0.000000
vn -0.580057 -0.814576 0.000000
vn -0.723734 -0.690079 0.000000
vn -0.723734 -0.690079 0.000000
vn -0.841254 -0.540641 0.000000
vn -0.841254 -0.540641 0.000000
vn -0.928368 -0.371662 0.000000
vn -0.928368 -0.371662 0.000000
vn -0.965926 -0.258819 0.000000
vn -0.965926 -0.258819 0.000000
vn -1.000000 -0.000000 0.000000
vn -1.000000 -0.000000 0.000000
vn -0.965926 0.258819 0.000000
vn -0.965926 0.258819 0.000000
vn -0.866025 0.500000 0.000000
vn -0.866025 0.500000 0.000000
vn -0.707107 0.707107 0.000000
vn -0.707107 0.707107 0.000000
vn -0.500000 0.866025 0.000000
vn -0.500000 0.866025 0.000000
vn -0.258819 0.965926 0.000000
vn -0.258819 0.965926 0.000000
vn 0.000000 1.000000 -0.000000
vn 0.000000 1.000000 -0.000000
vn 0.258819 0.965926 -0.000000
vn 0.258819 0.965926 -0.000000
vn 0.500000 0.866025 -0.000000
vn 0.500000 0.866025 -0.000000
vn 0.707107 0.707107 -0.000000
vn 0.707107 0.707107 -0.000000
vn 0.866025 0.500000 -0.000000
vn 0.866025 0.500000 -0.000000
vn 0.965926 0.258819 -0.000000
vn 0.965926 0.258819 -0.000000
vn 1.000000 0.000000 -0.000000
vn 1.000000 0.000000 -0.000000
vn 0.965926 -0.258819 0.000000
vn 0.965926 -0.258819 0.000000
vn 0.866025 -0.500000 0.000000
vn 0.866025 -0.500000 0.000000
vn 0.707107 -0.707107 0.000000
vn 0.707107 -0.707107 0.000000
vn 0.500000 -0.866025 0.000000
vn 0.500000 -0.866025 0.000000
vn 0.258819 -0.965926 0.000000
vn 0.258819 -0.965926 0.000000
vn 0.000000 -1.000000 0.000000
vn 0.000000 -1.000000 0.000000
vn -0.258819 -0.965926 0.000000
vn -0.258819 -0.965926 0.000000
vn -0.500000 -0.866025 0.000000
vn -0.500000 -0.866025 0.000000
vn -0.707107 -0.707107 0.000000
vn -0.707107 -0.707107 0.000000
vn -0.866025 -0.500000 0.000000
vn -0.866025 -0.500000 0.000000
vn -0.965926 -0.258819 0.000000
vn -0.965926 -0.258819 0.000000
vn -1.000000 -0.000000 0.000000
vn -1.000000 -0.000000 0.000000
vn -0.965926 0.258819 0.000000
vn -0.965926 0.258819 0.000000
vn -0.866025 0.500000 0.000000
vn -0.866025 0.500000 0.000000
vn -0.707107 0.707107 0.000000
vn -0.707107 0.707107 0.000000
vn -0.500000 0.866025 0.000000
vn -0.500000 0.866025 0.000000
vn -0.258819 0.965926 0.000000
vn -0.258819 0.965926 0.000000
vn 0.000000 1.000000 -0.000000
vn 0.000000 1.000000 -0.000000
vn 0.258819 0.965926 -0.000000
vn 0.258819 0.965926 -0.000000
vn 0.500000 0.866025 -0.000000
vn 0.500000 0.866025 -0.000000
vn 0.707107 0.707107 -0.000000
vn 0.707107 0.707107 -0.000000
vn 0.866025 0.500000 -0.000000
vn 0.866025 0.500000 -0.000000
vn 0.965926 0.258819 -0.000000
vn 0.965926 0.258819 -0.000000
vn 1.000000 0.000000 -0.000000
vn 1.000000 0.000000 -0.000000
vn 0.965926 -0.258819 0.000000
vn 0.965926 -0.258819 0.000000
vn 0.866025 -0.500000 0.000000
vn 0.866025 -0.500000 0.000000
vn 0.707107 -0.707107 0.000000
vn 0.707107 -0.707107 0.000000
vn 0.500000 -0.866025 0.000000
vn 0.500000 -0.866025 0.000000
vn 0.258819 -0.965926 0.000000
vn 0.258819 -0.965926 0.000000
vn 0.000000 -1.000000 0.000000
vn 0.000000 -1.000000 0.000000
vn -0.258819 -0.965926 0.000000
vn -0.258819 -0.965926 0.000000
vn -0.500000 -0.866025 0.000000
vn -0.500000 -0.866025 0.000000
vn -0.707107 -0.707107 0.000000
vn -0.707107 -0.707107 0.000000
vn -0.866025 -0.500000 0.000000
vn -0.866025 -0.500000 0.000000
vn 0.000000 0.000000 1.000000
vn 0.000000 0.000000 1.000000
vn 0.000000 0.000000 1.000000
vn 0.000000 0.000000 1.000000
vn 0.000000 0.000000 1.000000
vn 0.000000 0.000000 1.000000
vn 0.000000 0.000000 1.000000
vn 0.000000 0.000000 1.000000
vn 0.000000 0.000000 1.000000
vn 0.000000 0.000000 1.000000
vn 0.000000 0.000000 1.000000
vn 0.000000 0.000000 1.000000
vn 0.000000 0.000000 1.000000
vn 0.000000 0.000000 1.000000
vn 0.000000 0.000000 1.000000
vn 0.000000 0.000000 1.000000
vn 0.000000 0.000000 1.000000
vn 0.000000 0.000000 1.000000
vn 0.000000 0.000000 1.000000
vn 0.000000 0.000000 1.000000
vn 0.000000 0.000000 1.000000
vn 0.000000 0.000000 1.000000
vn 0.000000 0.000000 1.000000
vn 0.000000 0.000000 1.000000
vn 0.000000 0.000000 1.000000
vn 0.000000 0.000000 1.000000
vn 0.000000 0.000000 1.000000
vn 0.000000 0.000000 1.000000
vn 0.000000 0.000000 1.000000
vn 0.000000 0.000000 1.000000
vn 0.000000 0.000000 1.000000
vn 0.000000 0.000000 1.000000
vn 0.000000 0.000000 1.000000
vn 0.000000 0.000000 1.000000
vn 0.000000 0.000000 1.000000
vn 0.000000 0.000000 1.000000
vn 0.000000 0.000000 1.000000
vn 0.000000 0.000000 1.000000
vn 0.000000 0.000000 1.000000
vn 0.000000 0.000000 1.000000
vn 0.000000 0.000000 1.000000
vn 0.000000 0.000000 1.000000
vn 0.000000 0.000000 1.000000
vn 0.000000 0.000000 1.000000
vn 0.000000 0.000000 1.000000
vn 0.000000 0.000000 1.000000
vn 0.000000 0.000000 1.000000
vn 0.000000 0.000000 1.000000
vn 0.000000 0.000000 1.000000
vn 0.000000 0.000000 1.000000
vn 0.000000 0.000000 1.000000
vn 0.000000 0.000000 1.000000
vn 0.000000 0.000000 1.000000
vn 0.000000 0.000000 1.000000
vn 0.000000 0.000000 1.000000
vn 0.000000 0.000000 1.000000
vn 0.000000 0.000000 1.000000
vn 0.000000 0.000000 1.000000
vn 0.000000 0.000000 1.000000
vn 0.000000 0.000000 1.000000
vn 0.000000 0.000000 1.000000
vn 0.000000 0.000000 1.000000
vn 0.000000 0.000000 1.000000
vn 0.000000 0.000000 1.000000
vn 0.000000 0.000000 1.000000
vn 0.000000 0.000000 1.000000
vn 0.000000 0.000000 1.000000
vn 0.000000 0.000000 1.000000
vn 0.000000 0.000000 1.000000
vn 0.000000 0.000000 1.000000
vn 0.000000 0.000000 1.000000
vn 0.000000 0.000000 1.000000
vn 0.000000 0.000000 1.000000
vn 0.000000 0.000000 1.000000
vn 0.000000 0.000000 1.000000
vn 0.000000 0.000000 1.000000
vn 0.000000 0.000000 1.000000
vn 0.000000 0.000000 1.000000
vn 0.000000 0.000000 1.000000
vn 0.000000 0.000000 1.000000
vn 0.000000 0.000000 1.000000
vn 0.000000 0.000000 1.000000
vn 0.000000 0.000000 1.000000
vn 0.000000 0.000000 1.000000
vn 0.000000 0.000000 1.000000
vn 0.000000 0.000000 1.000000
vn 0.000000 0.000000 1.000000
vn 0.000000 0.000000 1.000000
vn 0.000000 0.000000 1.000000
vn 0.000000 0.000000 1.000000
vn 0.000000 0.000000 1.000000
vn 0.000000 0.000000 1.000000
vn 0.000000 0.000000 1.000000
vn 0.000000 0.000000 1.000000
vn 0.000000 0.000000 1.000000
vn 0.000000 0.000000 1.000000
vn 0.000000 0.000000 1.000000
vn 0.000000 0.000000 1.000000
vn 0.000000 0.000000 1.000000
vn 0.000000 0.000000 1.000000
vn 0.000000 0.000000 1.000000
vn 0.000000 0.000000 1.000000
vn 0.000000 0.000000 1.000000
vn 0.000000 0.000000 1.000000
vn 0.000000 0.000000 1.000000
vn 0.000000 0.000000 1.000000
vn 0.000000 0.000000 1.000000
vn 0.000000 0.000000 1.000000
vn 0.000000 0.000000 1.000000
vn 0.000000 0.000000 1.000000
vn 0.000000 0.000000 1.000000
vn 0.000000 0.000000 1.000000
vn 0.000000 0.000000 1.000000
vn 0.000000 0.000000 1.000000
vn 0.000000 0.000000 1.000000
vn 0.000000 0.000000 1.000000
vn 0.000000 0.000000 1.000000
vn 0.000000 0.000000 1.000000
vn 0.000000 0.000000 1.000000
vn 0.000000 0.000000 1.000000
vn 0.000000 0.000000 1.000000
vn 0.000000 0.000000 1.000000
vn 0.000000 0.000000 1.000000
vn 0.000000 0.000000 1.000000
vn 0.000000 0.000000 1.000000
vn 0.000000 0.000000 1.000000
vn 0.000000 0.000000 1.000000
vn 0.000000 0.000000 1.000000
vn 0.000000 0.000000 1.000000
vn 0.000000 0.000000 1.000000
vn 0.000000 0.000000 1.000000
vn 0.000000 0.000000 1.000000
vn 0.000000 0.000000 1.000000
vn 0.000000 0.000000 1.000000
vn 0.000000 0.000000 1.000000
vn 0.000000 0.000000 1.000000
vn 0.000000 0.000000 1.000000
vn 0.000000 0.000000 1.000000
vn 0.000000 0.000000 1.000000
vn 0.000000 0.000000 1.000000
vn 0.000000 0.000000 1.000000
vn 0.000000 0.000000 1.000000
vn 0.000000 0.000000 1.000000
vn 0.000000 0.000000 1.000000
vn 0.000000 0.000000 1.000000
vn 0.000000 0.000000 1.000000
vn 0.000000 0.000000 1.000000
vn 0.000000 0.000000 1.000000
vn 0.000000 0.000000 1.000000
vn 0.000000 0.000000 1.000000
vn 0.000000 0.000000 1.000000
vn 0.000000 0.000000 1.000000
vn 0.000000 0.000000 1.000000
vn 0.000000 0.000000 1.000000
vn 0.000000 0.000000 1.000000
vn 0.000000 0.000000 1.000000
vn 0.000000 0.000000 1.000000
vn 0.000000 0.000000 1.000000
vn 0.000000 0.000000 1.000000
vn 0.000000 0.000000 1.000000
vn 0.000000 0.000000 1.000000
vn 0.000000 0.000000 1.000000
vn 0.000000 0.000000 1.000000
vn 0.000000 0.000000 1.000000
vn 0.000000 0.000000 1.000000
vn -0.000000 -0.000000 -1.000000
vn -0.000000 -0.000000 -1.000000
vn -0.000000 -0.000000 -1.000000
vn -0.000000 -0.000000 -1.000000
vn -0.000000 -0.000000 -1.000000
vn -0.000000 -0.000000 -1.000000
vn -0.000000 -0.000000 -1.000000
vn -0.000000 -0.000000 -1.000000
vn -0.000000 -0.000000 -1.000000
vn -0.000000 -0.000000 -1.000000
vn -0.000000 -0.000000 -1.000000
vn -0.000000 -0.000000 -1.000000
vn -0.000000 -0.000000 -1.000000
vn -0.000000 -0.000000 -1.000000
vn -0.000000 -0.000000 -1.000000
vn -0.000000 -0.000000 -1.000000
vn -0.000000 -0.000000 -1.000000
vn -0.000000 -0.000000 -1.000000
vn -0.000000 -0.000000 -1.000000
vn -0.000000 -0.000000 -1.000000
vn -0.000000 -0.000000 -1.000000
vn -0.000000 -0.000000 -1.000000
vn -0.000000 -0.000000 -1.000000
vn -0.000000 -0.000000 -1.000000
vn -0.000000 -0.000000 -1.000000
vn -0.000000 -0.000000 -1.000000
vn -0.000000 -0.000000 -1.000000
vn -0.000000 -0.000000 -1.000000
vn -0.000000 -0.000000 -1.000000
vn -0.000000 -0.000000 -1.000000
vn -0.000000 -0.000000 -1.000000
vn -0.000000 -0.000000 -1.000000
vn -0.000000 -0.000000 -1.000000
vn -0.000000 -0.000000 -1.000000
vn -0.000000 -0.000000 -1.000000
vn -0.000000 -0.000000 -1.000000
vn -0.000000 -0.000000 -1.000000
vn -0.000000 -0.000000 -1.000000
vn -0.000000 -0.000000 -1.000000
vn -0.000000 -0.000000 -1.000000
vn -0.000000 -0.000000 -1.000000
vn -0.000000 -0.000000 -1.000000
vn -0.000000 -0.000000 -1.000000
vn -0.000000 -0.000000 -1.000000
vn -0.000000 -0.000000 -1.000000
vn -0.000000 -0.000000 -1.000000
vn -0.000000 -0.000000 -1.000000
vn -0.000000 -0.000000 -1.000000
vn -0.000000 -0.000000 -1.000000
vn -0.000000 -0.000000 -1.000000
vn -0.000000 -0.000000 -1.000000
vn -0.000000 -0.000000 -1.000000
vn -0.000000 -0.000000 -1.000000
vn -0.000000 -0.000000 -1.000000
vn -0.000000 -0.000000 -1.000000
vn -0.000000 -0.000000 -1.000000
vn -0.000000 -0.000000 -1.000000
vn -0.000000 -0.000000 -1.000000
vn -0.000000 -0.000000 -1.000000
vn -0.000000 -0.000000 -1.000000
vn -0.000000 -0.000000 -1.000000
vn -0.000000 -0.000000 -1.000000
vn -0.000000 -0.000000 -1.000000
vn -0.000000 -0.000000 -1.000000
vn -0.000000 -0.000000 -1.000000
vn -0.000000 -0.000000 -1.000000
vn -0.000000 -0.000000 -1.000000
vn -0.000000 -0.000000 -1.000000
vn -0.000000 -0.000000 -1.000000
vn -0.000000 -0.000000 -1.000000
vn -0.000000 -0.000000 -1.000000
vn -0.000000 -0.000000 -1.000000
vn -0.000000 -0.000000 -1.000000
vn -0.000000 -0.000000 -1.000000
vn -0.000000 -0.000000 -1.000000
vn -0.000000 -0.000000 -1.000000
vn -0.000000 -0.000000 -1.000000
vn -0.000000 -0.000000 -1.000000
vn -0.000000 -0.000000 -1.000000
vn -0.000000 -0.000000 -1.000000
vn -0.000000 -0.000000 -1.000000
vn -0.000000 -0.000000 -1.000000
vn -0.000000 -0.000000 -1.000000
vn -0.000000 -0.000000 -1.000000
vn -0.000000 -0.000000 -1.000000
vn -0.000000 -0.000000 -1.000000
vn -0.000000 -0.000000 -1.000000
vn -0.000000 -0.000000 -1.000000
vn -0.000000 -0.000000 -1.000000
vn -0.000000 -0.000000 -1.000000
vn -0.000000 -0.000000 -1.000000
vn -0.000000 -0.000000 -1.000000
vn -0.000000 -0.000000 -1.000000
vn -0.000000 -0.000000 -1.000000
vn -0.000000 -0.000000 -1.000000
vn -0.000000 -0.000000 -1.000000
vn -0.000000 -0.000000 -1.000000
vn -0.000000 -0.000000 -1.000000
vn -0.000000 -0.000000 -1.000000
vn -0.000000 -0.000000 -1.000000
vn -0.000000 -0.000000 -1.000000
vn -0.000000 -0.000000 -1.000000
vn -0.000000 -0.000000 -1.000000
vn -0.000000 -0.000000 -1.000000
vn -0.000000 -0.000000 -1.000000
vn -0.000000 -0.000000 -1.000000
vn -0.000000 -0.000000 -1.000000
vn -0.000000 -0.000000 -1.000000
vn -0.000000 -0.000000 -1.000000
vn -0.000000 -0.000000 -1.000000
vn -0.000000 -0.000000 -1.000000
vn -0.000000 -0.000000 -1.000000
vn -0.000000 -0.000000 -1.000000
vn -0.000000 -0.000000 -1.000000
vn -0.000000 -0.000000 -1.000000
vn -0.000000 -0.000000 -1.000000
vn -0.000000 -0.000000 -1.000000
vn -0.000000 -0.000000 -1.000000
vn -0.000000 -0.000000 -1.000000
vn -0.000000 -0.000000 -1.000000
vn -0.000000 -0.000000 -1.000000
vn -0.000000 -0.000000 -1.000000
vn -0.000000 -0.000000 -1.000000
vn -0.000000 -0.000000 -1.000000
vn -0.000000 -0.000000 -1.000000
vn -0.000000 -0.000000 -1.000000
vn -0.000000 -0.000000 -1.000000
vn -0.000000 -0.000000 -1.000000
vn -0.000000 -0.000000 -1.000000
vn -0.000000 -0.000000 -1.000000
vn -0.000000 -0.000000 -1.000000
vn -0.000000 -0.000000 -1.000000
vn -0.000000 -0.000000 -1.000000
vn -0.000000 -0.000000 -1.000000
vn -0.000000 -0.000000 -1.000000
vn -0.000000 -0.000000 -1.000000
vn -0.000000 -0.000000 -1.000000
vn -0.000000 -0.000000 -1.000000
vn -0.000000 -0.000000 -1.000000
vn -0.000000 -0.000000 -1.000000
vn -0.000000 -0.000000 -1.000000
vn -0.000000 -0.000000 -1.000000
vn -0.000000 -0.000000 -1.000000
vn -0.000000 -0.000000 -1.000000
vn -0.000000 -0.000000 -1.000000
vn -0.000000 -0.000000 -1.000000
vn -0.000000 -0.000000 -1.000000
vn -0.000000 -0.000000 -1.000000
vn -0.000000 -0.000000 -1.000000
vn -0.000000 -0.000000 -1.000000
vn -0.000000 -0.000000 -1.000000
vn -0.000000 -0.000000 -1.000000
vn -0.000000 -0.000000 -1.000000
vn -0.000000 -0.000000 -1.000000
vn -0.000000 -0.000000 -1.000000
vn -0.000000 -0.000000 -1.000000
vn -0.000000 -0.000000 -1.000000
vn -0.000000 -0.000000 -1.000000
vn -0.000000 -0.000000 -1.000000
vn -0.000000 -0.000000 -1.000000
vn -0.000000 -0.000000 -1.000000
vn -0.000000 -0.000000 -1.000000
vn -0.000000 -0.000000 -1.000000
vn -0.000000 -0.000000 -1.000000
vn -0.000000 -0.000000 -1.000000
vn 0.984808 0.173648 -0.000000
vn 0.984808 0.173648 -0.000000
vn 1.000000 0.000000 -0.000000
vn 1.000000 0.000000 -0.000000
vn 0.984808 -0.173648 0.000000
vn 0.984808 -0.173648 0.000000
vn 0.939693 -0.342020 0.000000
vn 0.939693 -0.342020 0.000000
vn 0.866025 -0.500000 0.000000
vn 0.866025 -0.500000 0.000000
vn 0.766044 -0.642788 0.000000
vn 0.766044 -0.642788 0.000000
vn 0.642788 -0.766044 0.000000
vn 0.642788 -0.766044 0.000000
vn 0.500000 -0.866025 0.000000
vn 0.500000 -0.866025 0.000000
vn 0.342020 -0.939693 0.000000
vn 0.342020 -0.939693 0.000000
vn 0.173648 -0.984808 0.000000
vn 0.173648 -0.984808 0.000000
vn -0.000000 -1.000000 0.000000
vn 0.000000 -1.000000 0.000000
vn -0.173648 -0.984808 0.000000
vn -0.173648 -0.984808 0.000000
vn -0.342020 -0.939693 0.000000
vn -0.342020 -0.939693 0.000000
vn -0.500000 -0.866025 0.000000
vn -0.500000 -0.866025 0.000000
vn -0.642788 -0.766044 0.000000
vn -0.642788 -0.766044 0.000000
vn -0.766044 -0.642788 0.000000
vn -0.766044 -0.642788 0.000000
vn -0.866025 -0.500000 0.000000
vn -0.866025 -0.500000 0.000000
vn -0.939693 -0.342020 0.000000
vn -0.939693 -0.342020 0.000000
vn -0.984808 -0.173648 0.000000
vn -0.984808 -0.173648 0.000000
vn -1.000000 0.000000 0.000000
vn -1.000000 -0.000000 0.000000
vn -0.984808 0.173648 0.000000
vn -0.984808 0.173648 0.000000
vn -0.939693 0.342020 0.000000
vn -0.939693 0.342020 0.000000
vn -0.866025 0.500000 0.000000
vn -0.866025 0.500000 0.000000
vn -0.766044 0.642788 0.000000
vn -0.766044 0.642788 0.000000
vn -0.642788 0.766044 0.000000
vn -0.642788 0.766044 0.000000
vn -0.500000 0.866025 0.000000
vn -0.500000 0.866025 0.000000
vn -0.342020 0.939693 0.000000
vn -0.342020 0.939693 0.000000
vn -0.173648 0.984808 0.000000
vn -0.173648 0.984808 0.000000
vn -0.000000 1.000000 0.000000
vn 0.000000 1.000000 -0.000000
vn 0.173648 0.984808 -0.000000
vn 0.173648 0.984808 -0.000000
vn 0.342020 0.939693 -0.000000
vn 0.342020 0.939693 -0.000000
vn 0.500000 0.866025 -0.000000
vn 0.500000 0.866025 -0.000000
vn 0.642788 0.766044 -0.000000
vn 0.642788 0.766044 -0.000000
vn 0.766044 0.642788 -0.000000
vn 0.766044 0.642788 -0.000000
vn 0.866025 0.500000 -0.000000
vn 0.866025 0.500000 -0.000000
vn 0.939693 0.342020 -0.000000
vn 0.939693 0.342020 -0.000000
vn -0.981929 -0.189251 0.000000
vn -0.981929 -0.189251 0.000000
vn -1.000000 -0.000000 0.000000
vn -1.000000 -0.000000 0.000000
vn -0.981929 0.189251 0.000000
vn -0.981929 0.189251 0.000000
vn -0.928368 0.371662 0.000000
vn -0.928368 0.371662 0.000000
vn -0.841254 0.540641 0.000000
vn -0.841254 0.540641 0.000000
vn -0.723734 0.690079 0.000000
vn -0.723734 0.690079 0.000000
vn -0.580057 0.814576 0.000000
vn -0.580057 0.814576 0.000000
vn -0.415415 0.909632 0.000000
vn -0.415415 0.909632 0.000000
vn -0.235759 0.971812 0.000000
vn -0.235759 0.971812 0.000000
vn -0.047582 0.998867 0.000000
vn -0.047582 0.998867 0.000000
vn 0.142315 0.989821 -0.000000
vn 0.142315 0.989821 -0.000000
vn 0.327068 0.945001 -0.000000
vn 0.327068 0.945001 -0.000000
vn 0.500000 0.866025 -0.000000
vn 0.500000 0.866025 -0.000000
vn 0.654861 0.755750 -0.000000
vn 0.654861 0.755750 -0.000000
vn 0.786053 0.618159 -0.000000
vn 0.786053 0.618159 -0.000000
vn 0.888835 0.458227 -0.000000
vn 0.888835 0.458227 -0.000000
vn 0.959493 0.281733 -0.000000
vn 0.959493 0.281733 -0.000000
vn 0.995472 0.095056 -0.000000
vn 0.995472 0.095056 -0.000000
vn 0.995472 -0.095056 0.000000
vn 0.995472 -0.095056 0.000000
vn 0.959493 -0.281733 0.000000
vn 0.959493 -0.281733 0.000000
vn 0.888835 -0.458227 0.000000
vn 0.888835 -0.458227 0.000000
vn 0.786053 -0.618159 0.000000
vn 0.786053 -0.618159 0.000000
vn 0.654861 -0.755750 0.000000
vn 0.654861 -0.755750 0.000000
vn 0.500000 -0.866025 0.000000
vn 0.500000 -0.866025 0.000000
vn 0.327068 -0.945001 0.000000
vn 0.327068 -0.945001 0.000000
vn 0.142315 -0.989821 0.000000
vn 0.142315 -0.989821 0.000000
vn -0.047582 -0.998867 0.000000
vn -0.047582 -0.998867 0.000000
vn -0.235759 -0.971812 0.000000
vn -0.235759 -0.971812 0.000000
vn -0.415415 -0.909632 0.000000
vn -0.415415 -0.909632 0.000000
vn -0.580057 -0.814576 0.000000
vn -0.580057 -0.814576 0.000000
vn -0.723734 -0.690079 0.000000
vn -0.723734 -0.690079 0.000000
vn -0.841254 -0.540641 0.000000
vn -0.841254 -0.540641 0.000000
vn -0.928368 -0.371662 0.000000
vn -0.928368 -0.371662 0.000000
vn -0.965926 -0.258819 0.000000
vn -0.965926 -0.258819 0.000000
vn -1.000000 -0.000000 0.000000
vn -1.000000 -0.000000 0.000000
vn -0.965926 0.258819 0.000000
vn -0.965926 0.258819 0.000000
vn -0.866025 0.500000 0.000000
vn -0.866025 0.500000 0.000000
vn -0.707107 0.707107 0.000000
vn -0.707107 0.707107 0.000000
vn -0.500000 0.866025 0.000000
vn -0.500000 0.866025 0.000000
vn -0.258819 0.965926 0.000000
vn -0.258819 0.965926 0.000000
vn 0.000000 1.000000 -0.000000
vn 0.000000 1.000000 -0.000000
vn 0.258819 0.965926 -0.000000
vn 0.258819 0.965926 -0.000000
vn 0.500000 0.866025 -0.000000
vn 0.500000 0.866025 -0.000000
vn 0.707107 0.707107 -0.000000
vn 0.707107 0.707107 -0.000000
vn 0.866025 0.500000 -0.000000
vn 0.866025 0.500000 -0.000000
vn 0.965926 0.258819 -0.000000
vn 0.965926 0.258819 -0.000000
vn 1.000000 0.000000 -0.000000
vn 1.000000 0.000000 -0.000000
vn 0.965926 -0.258819 0.000000
vn 0.965926 -0.258819 0.000000
vn 0.866025 -0.500000 0.000000
vn 0.866025 -0.500000 0.000000
vn 0.707107 -0.707107 0.000000
vn 0.707107 -0.707107 0.000000
vn 0.500000 -0.866025 0.000000
vn 0.500000 -0.866025 0.000000
vn 0.258819 -0.965926 0.000000
vn 0.258819 -0.965926 0.000000
vn 0.000000 -1.000000 0.000000
vn 0.000000 -1.000000 0.000000
vn -0.258819 -0.965926 0.000000
vn -0.258819 -0.965926 0.000000
vn -0.500000 -0.866025 0.000000
vn -0.500000 -0.866025 0.000000
vn -0.707107 -0.707107 0.000000
vn -0.707107 -0.707107 0.000000
vn -0.866025 -0.500000 0.000000
vn -0.866025 -0.500000 0.000000
vn -0.965926 -0.258819 0.000000
vn -0.965926 -0.258819 0.000000
vn -1.000000 -0.000000 0.000000
vn -1.000000 -0.000000 0.000000
vn -0.965926 0.258819 0.000000
vn -0.965926 0.258819 0.000000
vn -0.866025 0.500000 0.000000
vn -0.866025 0.500000 0.000000
vn -0.707107 0.707107 0.000000
vn -0.707107 0.707107 0.000000
vn -0.500000 0.866025 0.000000
vn -0.500000 0.866025 0.000000
vn -0.258819 0.965926 0.000000
vn -0.258819 0.965926 0.000000
vn 0.000000 1.000000 -0.000000
vn 0.000000 1.000000 -0.000000
vn 0.258819 0.965926 -0.000000
vn 0.258819 0.965926 -0.000000
vn 0.500000 0.866025 -0.000000
vn 0.500000 0.866025 -0.000000
vn 0.707107 0.707107 -0.000000
vn 0.707107 0.707107 -0.000000
vn 0.866025 0.500000 -0.000000
vn 0.866025 0.500000 -0.000000
vn 0.965926 0.258819 -0.000000
vn 0.965926 0.258819 -0.000000
vn 1.000000 0.000000 -0.000000
vn 1.000000 0.000000 -0.000000
vn 0.965926 -0.258819 0.000000
vn 0.965926 -0.258819 0.000000
vn 0.866025 -0.500000 0.000000
vn 0.866025 -0.500000 0.000000
vn 0.707107 -0.707107 0.000000
vn 0.707107 -0.707107 0.000000
vn 0.500000 -0.866025 0.000000
vn 0.500000 -0.866025 0.000000
vn 0.258819 -0.965926 0.000000
vn 0.258819 -0.965926 0.000000
vn 0.000000 -1.000000 0.000000
vn 0.000000 -1.000000 0.000000
vn -0.258819 -0.965926 0.000000
vn -0.258819 -0.965926 0.000000
vn -0.500000 -0.866025 0.000000
vn -0.500000 -0.866025 0.000000
vn -0.707107 -0.707107 0.000000
vn -0.707107 -0.707107 0.000000
vn -0.866025 -0.500000 0.000000
vn -0.866025 -0.500000 0.000000
vn -0.965926 -0.258819 0.000000
vn -0.965926 -0.258819 0.000000
vn -1.000000 -0.000000 0.000000
vn -1.000000 -0.000000 0.000000
vn -0.965926 0.258819 0.000000
vn -0.965926 0.258819 0.000000
vn -0.866025 0.500000 0.000000
vn -0.866025 0.500000 0.000000
vn -0.707107 0.707107 0.000000
vn -0.707107 0.707107 0.000000
vn -0.500000 0.866025 0.000000
vn -0.500000 0.866025 0.000000
vn -0.258819 0.965926 0.000000
vn -0.258819 0.965926 0.000000
vn 0.000000 1.000000 -0.000000
vn 0.000000 1.000000 -0.000000
vn 0.258819 0.965926 -0.000000
vn 0.258819 0.965926 -0.000000
vn 0.500000 0.866025 -0.000000
vn 0.500000 0.866025 -0.000000
vn 0.707107 0.707107 -0.000000
vn 0.707107 0.707107 -0.000000
vn 0.866025 0.500000 -0.000000
vn 0.866025 0.500000 -0.000000
vn 0.965926 0.258819 -0.000000
vn 0.965926 0.258819 -0.000000
vn 1.000000 0.000000 -0.000000
vn 1.000000 0.000000 -0.000000
vn 0.965926 -0.258819 0.000000
vn 0.965926 -0.258819 0.000000
vn 0.866025 -0.500000 0.000000
vn 0.866025 -0.500000 0.000000
vn 0.707107 -0.707107 0.000000
vn 0.707107 -0.707107 0.000000
vn 0.500000 -0.866025 0.000000
vn 0.500000 -0.866025 0.000000
vn 0.258819 -0.965926 0.000000
vn 0.258819 -0.965926 0.000000
vn 0.000000 -1.000000 0.000000
vn 0.000000 -1.000000 0.000000
vn -0.258819 -0.965926 0.000000
vn -0.258819 -0.965926 0.000000
vn -0.500000 -0.866025 0.000000
vn -0.500000 -0.866025 0.000000
vn -0.707107 -0.707107 0.000000
vn -0.707107 -0.707107 0.000000
vn -0.866025 -0.500000 0.000000
vn -0.866025 -0.500000 0.000000
vn -0.965926 -0.258819 0.000000
vn -0.965926 -0.258819 0.000000
vn -1.000000 -0.000000 0.000000
vn -1.000000 -0.000000 0.000000
vn -0.965926 0.258819 0.000000
vn -0.965926 0.258819 0.000000
vn -0.866025 0.500000 0.000000
vn -0.866025 0.500000 0.000000
vn -0.707107 0.707107 0.000000
vn -0.707107 0.707107 0.000000
vn -0.500000 0.866025 0.000000
vn -0.500000 0.866025 0.000000
vn -0.258819 0.965926 0.000000
vn -0.258819 0.965926 0.000000
vn 0.000000 1.000000 -0.000000
vn 0.000000 1.000000 -0.000000
vn 0.258819 0.965926 -0.000000
vn 0.258819 0.965926 -0.000000
vn 0.500000 0.866025 -0.000000
vn 0.500000 0.866025 -0.000000
vn 0.707107 0.707107 -0.000000
vn 0.707107 0.707107 -0.000000
vn 0.866025 0.500000 -0.000000
vn 0.866025 0.500000 -0.000000
vn 0.965926 0.258819 -0.000000
vn 0.965926 0.258819 -0.000000
vn 1.000000 0.000000 -0.000000
vn 1.000000 0.000000 -0.000000
vn 0.965926 -0.258819 0.000000
vn 0.965926 -0.258819 0.000000
vn 0.866025 -0.500000 0.000000
vn 0.866025 -0.500000 0.000000
vn 0.707107 -0.707107 0.000000
vn 0.707107 -0.707107 0.000000
vn 0.500000 -0.866025 0.000000
vn 0.500000 -0.866025 0.000000
vn 0.258819 -0.965926 0.000000
vn 0.258819 -0.965926 0.000000
vn 0.000000 -1.000000 0.000000
vn 0.000000 -1.000000 0.000000
vn -0.258819 -0.965926 0.000000
vn -0.258819 -0.965926 0.000000
vn -0.500000 -0.866025 0.000000
vn -0.500000 -0.866025 0.000000
vn -0.707107 -0.707107 0.000000
vn -0.707107 -0.707107 0.000000
vn -0.866025 -0.500000 0.000000
vn -0.866025 -0.500000 0.000000
vn 0.000000 0.000000 1.000000
vn 0.000000 0.000000 1.000000
vn 0.000000 0.000000 1.000000
vn 0.000000 0.000000 1.000000
vn 0.000000 0.000000 1.000000
vn 0.000000 0.000000 1.000000
vn 0.000000 0.000000 1.000000
vn 0.000000 0.000000 1.000000
vn 0.000000 0.000000 1.000000
vn 0.000000 0.000000 1.000000
vn 0.000000 0.000000 1.000000
vn 0.000000 0.000000 1.000000
vn 0.000000 0.000000 1.000000
vn 0.000000 0.000000 1.000000
vn 0.000000 0.000000 1.000000
vn 0.000000 0.000000 1.000000
vn 0.000000 0.000000 1.000000
vn 0.000000 0.000000 1.000000
vn 0.000000 0.000000 1.000000
vn 0.000000 0.000000 1.000000
vn 0.000000 0.000000 1.000000
vn 0.000000 0.000000 1.000000
vn 0.000000 0.000000 1.000000
vn 0.000000 0.000000 1.000000
vn 0.000000 0.000000 1.000000
vn 0.000000 0.000000 1.000000
vn 0.000000 0.000000 1.000000
vn 0.000000 0.000000 1.000000
vn 0.000000 0.000000 1.000000
vn 0.000000 0.000000 1.000000
vn 0.000000 0.000000 1.000000
vn 0.000000 0.000000 1.000000
vn 0.000000 0.000000 1.000000
vn 0.000000 0.000000 1.000000
vn 0.000000 0.000000 1.000000
vn 0.000000 0.000000 1.000000
vn 0.000000 0.000000 1.000000
vn 0.000000 0.000000 1.000000
vn 0.000000 0.000000 1.000000
vn 0.000000 0.000000 1.000000
vn 0.000000 0.000000 1.000000
vn 0.000000 0.000000 1.000000
vn 0.000000 0.000000 1.000000
vn 0.000000 0.000000 1.000000
vn 0.000000 0.000000 1.000000
vn 0.000000 0.000000 1.000000
vn 0.000000 0.000000 1.000000
vn 0.000000 0.000000 1.000000
vn 0.000000 0.000000 1.000000
vn 0.000000 0.000000 1.000000
vn 0.000000 0.000000 1.000000
vn 0.000000 0.000000 1.000000
vn 0.000000 0.000000 1.000000
vn 0.000000 0.000000 1.000000
vn 0.000000 0.000000 1.000000
vn 0.000000 0.000000 1.000000
vn 0.000000 0.000000 1.000000
vn 0.000000 0.000000 1.000000
vn 0.000000 0.000000 1.000000
vn 0.000000 0.000000 1.000000
vn 0.000000 0.000000 1.000000
vn 0.000000 0.000000 1.000000
vn 0.000000 0.000000 1.000000
vn 0.000000 0.000000 1.000000
vn 0.000000 0.000000 1.000000
vn 0.000000 0.000000 1.000000
vn 0.000000 0.000000 1.000000
vn 0.000000 0.000000 1.000000
vn 0.000000 0.000000 1.000000
vn 0.000000 0.000000 1.000000
vn 0.000000 0.000000 1.000000
vn 0.000000 0.000000 1.000000
vn 0.000000 0.000000 1.000000
vn 0.000000 0.000000 1.000000
vn 0.000000 0.000000 1.000000
vn 0.000000 0.000000 1.000000
vn 0.000000 0.000000 1.000000
vn 0.000000 0.000000 1.000000
vn 0.000000 0.000000 1.000000
vn 0.000000 0.000000 1.000000
vn 0.000000 0.000000 1.000000
vn 0.000000 0.000000 1.000000
vn 0.000000 0.000000 1.000000
vn 0.000000 0.000000 1.000000
vn 0.000000 0.000000 1.000000
vn 0.000000 0.000000 1.000000
vn 0.000000 0.000000 1.000000
vn 0.000000 0.000000 1.000000
vn 0.000000 0.000000 1.000000
vn 0.000000 0.000000 1.000000
vn 0.000000 0.000000 1.000000
vn 0.000000 0.000000 1.000000
vn 0.000000 0.000000 1.000000
vn 0.000000 0.000000 1.000000
vn 0.000000 0.000000 1.000000
vn 0.000000 0.000000 1.000000
vn 0.000000 0.000000 1.000000
vn 0.000000 0.000000 1.000000
vn 0.000000 0.000000 1.000000
vn 0.000000 0.000000 1.000000
vn 0.000000 0.000000 1.000000
vn 0.000000 0.000000 1.000000
vn 0.000000 0.000000 1.000000
vn 0.000000 0.000000 1.000000
vn 0.000000 0.000000 1.000000
vn 0.000000 0.000000 1.000000
vn 0.000000 0.000000 1.000000
vn 0.000000 0.000000 1.000000
vn 0.000000 0.000000 1.000000
vn 0.000000 0.000000 1.000000
vn 0.000000 0.000000 1.000000
vn 0.000000 0.000000 1.000000
vn 0.000000 0.000000 1.000000
vn 0.000000 0.000000 1.000000
vn 0.000000 0.000000 1.000000
vn 0.000000 0.000000 1.000000
vn 0.000000 0.000000 1.000000
vn 0.000000 0.000000 1.000000
vn 0.000000 0.000000 1.000000
vn 0.000000 0.000000 1.000000
vn 0.000000 0.000000 1.000000
vn 0.000000 0.000000 1.000000
vn 0.000000 0.000000 1.000000
vn 0.000000 0.000000 1.000000
vn 0.000000 0.000000 1.000000
vn 0.000000 0.000000 1.000000
vn 0.000000 0.000000 1.000000
vn 0.000000 0.000000 1.000000
vn 0.000000 0.000000 1.000000
vn 0.000000 0.000000 1.000000
vn 0.000000 0.000000 1.000000
vn 0.000000 0.000000 1.000000
vn 0.000000 0.000000 1.000000
vn 0.000000 0.000000 1.000000
vn 0.000000 0.000000 1.000000
vn 0.000000 0.000000 1.000000
vn 0.000000 0.000000 1.000000
vn 0.000000 0.000000 1.000000
vn 0.000000 0.000000 1.000000
vn 0.000000 0.000000 1.000000
vn 0.000000 0.000000 1.000000
vn 0.000000 0.000000 1.000000
vn 0.000000 0.000000 1.000000
vn 0.000000 0.000000 1.000000
vn 0.000000 0.000000 1.000000
vn 0.000000 0.000000 1.000000
vn 0.000000 0.000000 1.000000
vn 0.000000 0.000000 1.000000
vn 0.000000 0.000000 1.000000
vn 0.000000 0.000000 1.000000
vn 0.000000 0.000000 1.000000
vn 0.000000 0.000000 1.000000
vn 0.000000 0.000000 1.000000
vn 0.000000 0.000000 1.000000
vn 0.000000 0.000000 1.000000
vn 0.000000 0.000000 1.000000
vn 0.000000 0.000000 1.000000
vn 0.000000 0.000000 1.000000
vn 0.000000 0.000000 1.000000
vn 0.000000 0.000000 1.000000
vn 0.000000 0.000000 1.000000
vn 0.000000 0.000000 1.000000
vn 0.000000 0.000000 1.000000
vn 0.000000 0.000000 1.000000
vn 0.000000 0.000000 1.000000
vn -0.000000 -0.000000 -1.000000
vn -0.000000 -0.000000 -1.000000
vn -0.000000 -0.000000 -1.000000
vn -0.000000 -0.000000 -1.000000
vn -0.000000 -0.000000 -1.000000
vn -0.000000 -0.000000 -1.000000
vn -0.000000 -0.000000 -1.000000
vn -0.000000 -0.000000 -1.000000
vn -0.000000 -0.000000 -1.000000
vn -0.000000 -0.000000 -1.000000
vn -0.000000 -0.000000 -1.000000
vn -0.000000 -0.000000 -1.000000
vn -0.000000 -0.000000 -1.000000
vn -0.000000 -0.000000 -1.000000
vn -0.000000 -0.000000 -1.000000
vn -0.000000 -0.000000 -1.000000
vn -0.000000 -0.000000 -1.000000
vn -0.000000 -0.000000 -1.000000
vn -0.000000 -0.000000 -1.000000
vn -0.000000 -0.000000 -1.000000
vn -0.000000 -0.000000 -1.000000
vn -0.000000 -0.000000 -1.000000
vn -0.000000 -0.000000 -1.000000
vn -0.000000 -0.000000 -1.000000
vn -0.000000 -0.000000 -1.000000
vn -0.000000 -0.000000 -1.000000
vn -0.000000 -0.000000 -1.000000
vn -0.000000 -0.000000 -1.000000
vn -0.000000 -0.000000 -1.000000
vn -0.000000 -0.000000 -1.000000
vn -0.000000 -0.000000 -1.000000
vn -0.000000 -0.000000 -1.000000
vn -0.000000 -0.000000 -1.000000
vn -0.000000 -0.000000 -1.000000
vn -0.000000 -0.000000 -1.000000
vn -0.000000 -0.000000 -1.000000
vn -0.000000 -0.000000 -1.000000
vn -0.000000 -0.000000 -1.000000
vn -0.000000 -0.000000 -1.000000
vn -0.000000 -0.000000 -1.000000
vn -0.000000 -0.000000 -1.000000
vn -0.000000 -0.000000 -1.000000
vn -0.000000 -0.000000 -1.000000
vn -0.000000 -0.000000 -1.000000
vn -0.000000 -0.000000 -1.000000
vn -0.000000 -0.000000 -1.000000
vn -0.000000 -0.000000 -1.000000
vn -0.000000 -0.000000 -1.000000
vn -0.000000 -0.000000 -1.000000
vn -0.000000 -0.000000 -1.000000
vn -0.000000 -0.000000 -1.000000
vn -0.000000 -0.000000 -1.000000
vn -0.000000 -0.000000 -1.000000
vn -0.000000 -0.000000 -1.000000
vn -0.000000 -0.000000 -1.000000
vn -0.000000 -0.000000 -1.000000
vn -0.000000 -0.000000 -1.000000
vn -0.000000 -0.000000 -1.000000
vn -0.000000 -0.000000 -1.000000
vn -0.000000 -0.000000 -1.000000
vn -0.000000 -0.000000 -1.000000
vn -0.000000 -0.000000 -1.000000
vn -0.000000 -0.000000 -1.000000
vn -0.000000 -0.000000 -1.000000
vn -0.000000 -0.000000 -1.000000
vn -0.000000 -0.000000 -1.000000
vn -0.000000 -0.000000 -1.000000
vn -0.000000 -0.000000 -1.000000
vn -0.000000 -0.000000 -1.000000
vn -0.000000 -0.000000 -1.000000
vn -0.000000 -0.000000 -1.000000
vn -0.000000 -0.000000 -1.000000
vn -0.000000 -0.000000 -1.000000
vn -0.000000 -0.000000 -1.000000
vn -0.000000 -0.000000 -1.000000
vn -0.000000 -0.000000 -1.000000
vn -0.000000 -0.000000 -1.000000
vn -0.000000 -0.000000 -1.000000
vn -0.000000 -0.000000 -1.000000
vn -0.000000 -0.000000 -1.000000
vn -0.000000 -0.000000 -1.000000
vn -0.000000 -0.000000 -1.000000
vn -0.000000 -0.000000 -1.000000
vn -0.000000 -0.000000 -1.000000
vn -0.000000 -0.000000 -1.000000
vn -0.000000 -0.000000 -1.000000
vn -0.000000 -0.000000 -1.000000
vn -0.000000 -0.000000 -1.000000
vn -0.000000 -0.000000 -1.000000
vn -0.000000 -0.000000 -1.000000
vn -0.000000 -0.000000 -1.000000
vn -0.000000 -0.000000 -1.000000
vn -0.000000 -0.000000 -1.000000
vn -0.000000 -0.000000 -1.000000
vn -0.000000 -0.000000 -1.000000
vn -0.000000 -0.000000 -1.000000
vn -0.000000 -0.000000 -1.000000
vn -0.000000 -0.000000 -1.000000
vn -0.000000 -0.000000 -1.000000
vn -0.000000 -0.000000 -1.000000
vn -0.000000 -0.000000 -1.000000
vn -0.000000 -0.000000 -1.000000
vn -0.000000 -0.000000 -1.000000
vn -0.000000 -0.000000 -1.000000
vn -0.000000 -0.000000 -1.000000
vn -0.000000 -0.000000 -1.000000
vn -0.000000 -0.000000 -1.000000
vn -0.000000 -0.000000 -1.000000
vn -0.000000 -0.000000 -1.000000
vn -0.000000 -0.000000 -1.000000
vn -0.000000 -0.000000 -1.000000
vn -0.000000 -0.000000 -1.000000
vn -0.000000 -0.000000 -1.000000
vn -0.000000 -0.000000 -1.000000
vn -0.000000 -0.000000 -1.000000
vn -0.000000 -0.000000 -1.000000
vn -0.000000 -0.000000 -1.000000
vn -0.000000 -0.000000 -1.000000
vn -0.000000 -0.000000 -1.000000
vn -0.000000 -0.000000 -1.000000
vn -0.000000 -0.000000 -1.000000
vn -0.000000 -0.000000 -1.000000
vn -0.000000 -0.000000 -1.000000
vn -0.000000 -0.000000 -1.000000
vn -0.000000 -0.000000 -1.000000
vn -0.000000 -0.000000 -1.000000
vn -0.000000 -0.000000 -1.000000
vn -0.000000 -0.000000 -1.000000
vn -0.000000 -0.000000 -1.000000
vn -0.000000 -0.000000 -1.000000
vn -0.000000 -0.000000 -1.000000
vn -0.000000 -0.000000 -1.000000
vn -0.000000 -0.000000 -1.000000
vn -0.000000 -0.000000 -1.000000
vn -0.000000 -0.000000 -1.000000
vn -0.000000 -0.000000 -1.000000
vn -0.000000 -0.000000 -1.000000
vn -0.000000 -0.000000 -1.000000
vn -0.000000 -0.000000 -1.000000
vn -0.000000 -0.000000 -1.000000
vn -0.000000 -0.000000 -1.000000
vn -0.000000 -0.000000 -1.000000
vn -0.000000 -0.000000 -1.000000
vn -0.000000 -0.000000 -1.000000
vn -0.000000 -0.000000 -1.000000
vn -0.000000 -0.000000 -1.000000
vn -0.000000 -0.000000 -1.000000
vn -0.000000 -0.000000 -1.000000
vn -0.000000 -0.000000 -1.000000
vn -0.000000 -0.000000 -1.000000
vn -0.000000 -0.000000 -1.000000
vn -0.000000 -0.000000 -1.000000
vn -0.000000 -0.000000 -1.000000
vn -0.000000 -0.000000 -1.000000
vn -0.000000 -0.000000 -1.000000
vn -0.000000 -0.000000 -1.000000
vn -0.000000 -0.000000 -1.000000
vn -0.000000 -0.000000 -1.000000
vn -0.000000 -0.000000 -1.000000
vn -0.000000 -0.000000 -1.000000
vn -0.000000 -0.000000 -1.000000
vn -0.000000 -0.000000 -1.000000
vn -0.000000 -0.000000 -1.000000
vn -0.000000 -0.000000 -1.000000
vn -0.000000 -0.000000 -1.000000
vn 0.714948 0.699178 -0.000000
vn 0.714948 0.699178 -0.000000
vn 0.779480 0.626427 -0.000000
vn 0.779480 0.626427 -0.000000
vn 0.836640 0.547753 -0.000000
vn 0.885889 0.463898 -0.000000
vn 0.885889 0.463898 -0.000000
vn 0.836640 0.547753 -0.000000
vn -0.466136 0.884713 0.000000
vn -0.466136 0.884713 0.000000
vn -0.466136 0.884713 0.000000
vn -0.466136 0.884713 0.000000
vn -0.910596 -0.413298 0.000000
vn -0.910596 -0.413298 0.000000
vn -0.846775 -0.531951 0.000000
vn -0.846775 -0.531951 0.000000
vn -0.767584 -0.640949 0.000000
vn -0.767584 -0.640949 0.000000
vn -0.674459 -0.738312 0.000000
vn -0.674459 -0.738312 0.000000
vn 0.697368 -0.716713 0.000000
vn 0.697368 -0.716713 0.000000
vn 0.697368 -0.716713 0.000000
vn 0.697368 -0.716713 0.000000
vn 0.897133 -0.441760 0.000000
vn 0.897133 -0.441760 0.000000
vn 0.897133 -0.441760 0.000000
vn 0.897133 -0.441760 0.000000
vn 0.493757 0.869600 -0.000000
vn 0.493757 0.869600 -0.000000
vn 0.372382 0.928079 -0.000000
vn 0.372382 0.928079 -0.000000
vn 0.244248 0.969713 -0.000000
vn 0.244248 0.969713 -0.000000
vn 0.111680 0.993744 -0.000000
vn 0.111680 0.993744 -0.000000
vn -0.985456 0.169930 0.000000
vn -0.985456 0.169930 0.000000
vn -0.985456 0.169930 0.000000
vn -0.985456 0.169930 0.000000
vn -0.167438 -0.985883 0.000000
vn -0.167438 -0.985883 0.000000
vn -0.262408 -0.964957 0.000000
vn -0.262408 -0.964957 0.000000
vn -0.354895 -0.934906 0.000000
vn -0.444027 -0.896013 0.000000
vn -0.444027 -0.896013 0.000000
vn -0.354895 -0.934906 0.000000
vn -0.714948 -0.699178 0.000000
vn -0.714948 -0.699178 0.000000
vn -0.779480 -0.626427 0.000000
vn -0.779480 -0.626427 0.000000
vn -0.836640 -0.547753 0.000000
vn -0.885889 -0.463898 0.000000
vn -0.885889 -0.463898 0.000000
vn -0.836640 -0.547753 0.000000
vn 0.466136 -0.884713 0.000000
vn 0.466136 -0.884713 0.000000
vn 0.466136 -0.884713 0.000000
vn 0.466136 -0.884713 0.000000
vn 0.910596 0.413298 -0.000000
vn 0.910596 0.413298 -0.000000
vn 0.846775 0.531951 -0.000000
vn 0.846775 0.531951 -0.000000
vn 0.767584 0.640949 -0.000000
vn 0.767584 0.640949 -0.000000
vn 0.674459 0.738312 -0.000000
vn 0.674459 0.738312 -0.000000
vn -0.697368 0.716713 0.000000
vn -0.697368 0.716713 0.000000
vn -0.697368 0.716713 0.000000
vn -0.697368 0.716713 0.000000
vn -0.897133 0.441760 0.000000
vn -0.897133 0.441760 0.000000
vn -0.897133 0.441760 0.000000
vn -0.897133 0.441760 0.000000
vn 0.110168 -0.993913 0.000000
vn 0.110168 -0.993913 0.000000
vn 0.036789 -0.999323 0.000000
vn 0.036789 -0.999323 0.000000
vn -0.036789 -0.999323 0.000000
vn -0.110168 -0.993913 0.000000
vn -0.110168 -0.993913 0.000000
vn -0.036789 -0.999323 0.000000
vn 0.897133 0.441760 -0.000000
vn 0.897133 0.441760 -0.000000
vn 0.897133 0.441760 -0.000000
vn 0.897133 0.441760 -0.000000
vn 0.041630 0.999133 -0.000000
vn 0.041630 0.999133 -0.000000
vn 0.013880 0.999904 -0.000000
vn 0.013880 0.999904 -0.000000
vn -0.013880 0.999904 -0.000000
vn -0.013880 0.999904 -0.000000
vn -0.041630 0.999133 -0.000000
vn -0.041630 0.999133 -0.000000
vn 0.142910 -0.989736 0.000000
vn 0.142910 -0.989736 0.000000
vn 0.142910 -0.989736 0.000000
vn 0.142910 -0.989736 0.000000
vn 0.937368 -0.348342 -0.000000
vn 0.937368 -0.348342 -0.000000
vn 0.946676 -0.322188 -0.000000
vn 0.946676 -0.322188 -0.000000
vn 0.955254 -0.295786 -0.000000
vn 0.955254 -0.295786 -0.000000
vn 0.963096 -0.269157 -0.000000
vn 0.963096 -0.269157 -0.000000
vn 0.697368 0.716713 -0.000000
vn 0.697368 0.716713 -0.000000
vn 0.697368 0.716713 -0.000000
vn 0.697368 0.716713 -0.000000
vn -0.979311 0.202360 0.000000
vn -0.979311 0.202360 0.000000
vn -0.961781 0.273819 0.000000
vn -0.961781 0.273819 0.000000
vn -0.939044 0.343796 0.000000
vn -0.911223 0.411912 0.000000
vn -0.911223 0.411912 0.000000
vn -0.939044 0.343796 0.000000
vn 0.444027 -0.896013 0.000000
vn 0.444027 -0.896013 0.000000
vn 0.354895 -0.934906 0.000000
vn 0.354895 -0.934906 0.000000
vn 0.262408 -0.964957 0.000000
vn 0.167438 -0.985883 0.000000
vn 0.167438 -0.985883 0.000000
vn 0.262408 -0.964957 0.000000
vn 0.985456 0.169930 -0.000000
vn 0.985456 0.169930 -0.000000
vn 0.985456 0.169930 -0.000000
vn 0.985456 0.169930 -0.000000
vn -0.111680 0.993744 -0.000000
vn -0.111680 0.993744 -0.000000
vn -0.244248 0.969713 -0.000000
vn -0.244248 0.969713 -0.000000
vn -0.372382 0.928079 -0.000000
vn -0.372382 0.928079 -0.000000
vn -0.493757 0.869600 -0.000000
vn -0.493757 0.869600 -0.000000
vn -0.897133 -0.441760 0.000000
vn -0.897133 -0.441760 0.000000
vn -0.897133 -0.441760 0.000000
vn -0.897133 -0.441760 0.000000
vn -0.989371 -0.145411 0.000000
vn -0.989371 -0.145411 0.000000
vn -0.998817 -0.048624 0.000000
vn -0.998817 -0.048624 0.000000
vn -0.998817 0.048624 0.000000
vn -0.989371 0.145411 0.000000
vn -0.989371 0.145411 0.000000
vn -0.998817 0.048624 0.000000
vn -0.142910 -0.989736 0.000000
vn -0.142910 -0.989736 0.000000
vn -0.142910 -0.989736 0.000000
vn -0.142910 -0.989736 0.000000
vn 0.979618 -0.200870 -0.000000
vn 0.979618 -0.200870 -0.000000
vn 0.997728 -0.067364 -0.000000
vn 0.997728 -0.067364 -0.000000
vn 0.997728 0.067364 -0.000000
vn 0.997728 0.067364 -0.000000
vn 0.979618 0.200870 -0.000000
vn 0.979618 0.200870 -0.000000
vn -0.142910 0.989736 0.000000
vn -0.142910 0.989736 0.000000
vn -0.142910 0.989736 0.000000
vn -0.142910 0.989736 0.000000
vn -0.444027 0.896013 0.000000
vn -0.444027 0.896013 0.000000
vn -0.354895 0.934906 0.000000
vn -0.354895 0.934906 0.000000
vn -0.262408 0.964957 0.000000
vn -0.167438 0.985883 0.000000
vn -0.167438 0.985883 0.000000
vn -0.262408 0.964957 0.000000
vn -0.985456 -0.169930 0.000000
vn -0.985456 -0.169930 0.000000
vn -0.985456 -0.169930 0.000000
vn -0.985456 -0.169930 0.000000
vn 0.111680 -0.993744 -0.000000
vn 0.111680 -0.993744 -0.000000
vn 0.244248 -0.969713 -0.000000
vn 0.244248 -0.969713 -0.000000
vn 0.372382 -0.928079 -0.000000
vn 0.372382 -0.928079 -0.000000
vn 0.493757 -0.869600 -0.000000
vn 0.493757 -0.869600 -0.000000
vn 0.897133 0.441760 -0.000000
vn 0.897133 0.441760 -0.000000
vn 0.897133 0.441760 -0.000000
vn 0.897133 0.441760 -0.000000
vn 0.984808 0.173648 -0.000000
vn 0.984808 0.173648 -0.000000
vn 1.000000 0.000000 -0.000000
vn 1.000000 0.000000 -0.000000
vn 0.984808 -0.173648 0.000000
vn 0.984808 -0.173648 0.000000
vn 0.939693 -0.342020 0.000000
vn 0.939693 -0.342020 0.000000
vn 0.866025 -0.500000 0.000000
vn 0.866025 -0.500000 0.000000
vn 0.766044 -0.642788 0.000000
vn 0.766044 -0.642788 0.000000
vn 0.642788 -0.766044 0.000000
vn 0.642788 -0.766044 0.000000
vn 0.500000 -0.866025 0.000000
vn 0.500000 -0.866025 0.000000
vn 0.342020 -0.939693 0.000000
vn 0.342020 -0.939693 0.000000
vn 0.173648 -0.984808 0.000000
vn 0.173648 -0.984808 0.000000
vn -0.000000 -1.000000 0.000000
vn -0.000000 -1.000000 0.000000
vn -0.173648 -0.984808 0.000000
vn -0.173648 -0.984808 0.000000
vn -0.342020 -0.939693 0.000000
vn -0.342020 -0.939693 0.000000
vn -0.500000 -0.866025 0.000000
vn -0.500000 -0.866025 0.000000
vn -0.642788 -0.766044 0.000000
vn -0.642788 -0.766044 0.000000
vn -0.766044 -0.642788 0.000000
vn -0.766044 -0.642788 0.000000
vn -0.866025 -0.500000 0.000000
vn -0.866025 -0.500000 0.000000
vn -0.939693 -0.342020 0.000000
vn -0.939693 -0.342020 0.000000
vn -0.984808 -0.173648 0.000000
vn -0.984808 -0.173648 0.000000
vn -1.000000 0.000000 0.000000
vn -1.000000 0.000000 0.000000
vn -0.984808 0.173648 0.000000
vn -0.984808 0.173648 0.000000
vn -0.939693 0.342020 0.000000
vn -0.939693 0.342020 0.000000
vn -0.866025 0.500000 0.000000
vn -0.866025 0.500000 0.000000
vn -0.766044 0.642788 0.000000
vn -0.766044 0.642788 0.000000
vn -0.642788 0.766044 0.000000
vn -0.642788 0.766044 0.000000
vn -0.500000 0.866025 0.000000
vn -0.500000 0.866025 0.000000
vn -0.342020 0.939693 0.000000
vn -0.342020 0.939693 0.000000
vn -0.173648 0.984808 0.000000
vn -0.173648 0.984808 0.000000
vn -0.000000 1.000000 0.000000
vn -0.000000 1.000000 0.000000
vn 0.173648 0.984808 -0.000000
vn 0.173648 0.984808 -0.000000
vn 0.342020 0.939693 -0.000000
vn 0.342020 0.939693 -0.000000
vn 0.500000 0.866025 -0.000000
vn 0.500000 0.866025 -0.000000
vn 0.642788 0.766044 -0.000000
vn 0.642788 0.766044 -0.000000
vn 0.766044 0.642788 -0.000000
vn 0.766044 0.642788 -0.000000
vn 0.866025 0.500000 -0.000000
vn 0.866025 0.500000 -0.000000
vn 0.939693 0.342020 -0.000000
vn 0.939693 0.342020 -0.000000
vn -0.897133 -0.441760 0.000000
vn -0.897133 -0.441760 0.000000
vn -0.897133 -0.441760 0.000000
vn -0.897133 -0.441760 0.000000
vn -0.041630 -0.999133 0.000000
vn -0.041630 -0.999133 0.000000
vn -0.013880 -0.999904 0.000000
vn -0.013880 -0.999904 0.000000
vn 0.013880 -0.999904 -0.000000
vn 0.013880 -0.999904 -0.000000
vn 0.041630 -0.999133 -0.000000
vn 0.041630 -0.999133 -0.000000
vn 0.897133 -0.441760 0.000000
vn 0.897133 -0.441760 0.000000
vn 0.897133 -0.441760 0.000000
vn 0.897133 -0.441760 0.000000
vn -0.110168 0.993913 0.000000
vn -0.110168 0.993913 0.000000
vn -0.036789 0.999323 0.000000
vn -0.036789 0.999323 0.000000
vn 0.036789 0.999323 -0.000000
vn 0.110168 0.993913 -0.000000
vn 0.110168 0.993913 -0.000000
vn 0.036789 0.999323 -0.000000
vn 0.167438 0.985883 -0.000000
vn 0.167438 0.985883 -0.000000
vn 0.262408 0.964957 -0.000000
vn 0.262408 0.964957 -0.000000
vn 0.354895 0.934906 -0.000000
vn 0.444027 0.896013 -0.000000
vn 0.444027 0.896013 -0.000000
vn 0.354895 0.934906 -0.000000
vn -0.897133 0.441760 0.000000
vn -0.897133 0.441760 0.000000
vn -0.897133 0.441760 0.000000
vn -0.897133 0.441760 0.000000
vn -0.493757 -0.869600 0.000000
vn -0.493757 -0.869600 0.000000
vn -0.372382 -0.928079 0.000000
vn -0.372382 -0.928079 0.000000
vn -0.244248 -0.969713 0.000000
vn -0.244248 -0.969713 0.000000
vn -0.111680 -0.993744 0.000000
vn -0.111680 -0.993744 0.000000
vn 0.985456 -0.169930 0.000000
vn 0.985456 -0.169930 0.000000
vn 0.985456 -0.169930 0.000000
vn 0.985456 -0.169930 0.000000
vn -0.985456 0.169930 0.000000
vn -0.985456 0.169930 0.000000
vn -0.985456 0.169930 0.000000
vn -0.985456 0.169930 0.000000
vn -0.620955 -0.783846 0.000000
vn -0.620955 -0.783846 0.000000
vn -0.598958 -0.800780 0.000000
vn -0.598958 -0.800780 0.000000
vn -0.576499 -0.817098 0.000000
vn -0.576499 -0.817098 0.000000
vn -0.553596 -0.832785 0.000000
vn -0.553596 -0.832785 0.000000
vn 0.466136 -0.884713 0.000000
vn 0.466136 -0.884713 0.000000
vn 0.466136 -0.884713 0.000000
vn 0.466136 -0.884713 0.000000
vn 0.495079 0.868848 -0.000000
vn 0.495079 0.868848 -0.000000
vn 0.557624 0.830093 -0.000000
vn 0.557624 0.830093 -0.000000
vn 0.617150 0.786845 -0.000000
vn 0.673336 0.739337 -0.000000
vn 0.673336 0.739337 -0.000000
vn 0.617150 0.786845 -0.000000
vn -0.697368 0.716713 0.000000
vn -0.697368 0.716713 0.000000
vn -0.697368 0.716713 0.000000
vn -0.697368 0.716713 0.000000
vn -0.963096 -0.269157 0.000000
vn -0.963096 -0.269157 0.000000
vn -0.955254 -0.295786 0.000000
vn -0.955254 -0.295786 0.000000
vn -0.946676 -0.322188 0.000000
vn -0.946676 -0.322188 0.000000
vn -0.937368 -0.348342 0.000000
vn -0.937368 -0.348342 0.000000
vn -0.142910 -0.989736 0.000000
vn -0.142910 -0.989736 0.000000
vn -0.142910 -0.989736 0.000000
vn -0.142910 -0.989736 0.000000
vn 0.911223 0.411912 -0.000000
vn 0.911223 0.411912 -0.000000
vn 0.939044 0.343796 -0.000000
vn 0.939044 0.343796 -0.000000
vn 0.961781 0.273819 -0.000000
vn 0.979311 0.202360 -0.000000
vn 0.979311 0.202360 -0.000000
vn 0.961781 0.273819 -0.000000
vn 0.989371 0.145411 -0.000000
vn 0.989371 0.145411 -0.000000
vn 0.998817 0.048624 -0.000000
vn 0.998817 0.048624 -0.000000
vn 0.998817 -0.048624 0.000000
vn 0.989371 -0.145411 0.000000
vn 0.989371 -0.145411 0.000000
vn 0.998817 -0.048624 0.000000
vn 0.142910 0.989736 -0.000000
vn 0.142910 0.989736 -0.000000
vn 0.142910 0.989736 -0.000000
vn 0.142910 0.989736 -0.000000
vn -0.979618 0.200870 -0.000000
vn -0.979618 0.200870 -0.000000
vn -0.997728 0.067364 -0.000000
vn -0.997728 0.067364 -0.000000
vn -0.997728 -0.067364 0.000000
vn -0.997728 -0.067364 0.000000
vn -0.979618 -0.200870 0.000000
vn -0.979618 -0.200870 0.000000
vn 0.142910 -0.989736 0.000000
vn 0.142910 -0.989736 0.000000
vn 0.142910 -0.989736 0.000000
vn 0.142910 -0.989736 0.000000
vn 0.697368 -0.716713 0.000000
vn 0.697368 -0.716713 0.000000
vn 0.697368 -0.716713 0.000000
vn 0.697368 -0.716713 0.000000
vn 0.963096 0.269157 -0.000000
vn 0.963096 0.269157 -0.000000
vn 0.955254 0.295786 -0.000000
vn 0.955254 0.295786 -0.000000
vn 0.946676 0.322188 -0.000000
vn 0.946676 0.322188 -0.000000
vn 0.937368 0.348342 -0.000000
vn 0.937368 0.348342 -0.000000
vn 0.142910 0.989736 -0.000000
vn 0.142910 0.989736 -0.000000
vn 0.142910 0.989736 -0.000000
vn 0.142910 0.989736 -0.000000
vn -0.911223 -0.411912 0.000000
vn -0.911223 -0.411912 0.000000
vn -0.939044 -0.343796 0.000000
vn -0.939044 -0.343796 0.000000
vn -0.961781 -0.273819 0.000000
vn -0.979311 -0.202360 0.000000
vn -0.979311 -0.202360 0.000000
vn -0.961781 -0.273819 0.000000
vn 0.466136 0.884713 -0.000000
vn 0.466136 0.884713 -0.000000
vn 0.466136 0.884713 -0.000000
vn 0.466136 0.884713 -0.000000
vn -0.553596 0.832785 -0.000000
vn -0.553596 0.832785 -0.000000
vn -0.576499 0.817098 -0.000000
vn -0.576499 0.817098 -0.000000
vn -0.598958 0.800780 -0.000000
vn -0.598958 0.800780 -0.000000
vn -0.620955 0.783846 -0.000000
vn -0.620955 0.783846 -0.000000
vn -0.985456 -0.169930 0.000000
vn -0.985456 -0.169930 0.000000
vn -0.985456 -0.169930 0.000000
vn -0.985456 -0.169930 0.000000
vn 0.673336 -0.739337 0.000000
vn 0.673336 -0.739337 0.000000
vn 0.617150 -0.786845 0.000000
vn 0.617150 -0.786845 0.000000
vn 0.557624 -0.830093 0.000000
vn 0.495079 -0.868848 0.000000
vn 0.495079 -0.868848 0.000000
vn 0.557624 -0.830093 0.000000
vn 0.885889 -0.463898 0.000000
vn 0.885889 -0.463898 0.000000
vn 0.836640 -0.547753 0.000000
vn 0.836640 -0.547753 0.000000
vn 0.779480 -0.626427 0.000000
vn 0.714948 -0.699178 0.000000
vn 0.714948 -0.699178 0.000000
vn 0.779480 -0.626427 0.000000
vn 0.697368 0.716713 -0.000000
vn 0.697368 0.716713 -0.000000
vn 0.697368 0.716713 -0.000000
vn 0.697368 0.716713 -0.000000
vn -0.674459 0.738312 -0.000000
vn -0.674459 0.738312 -0.000000
vn -0.767584 0.640949 -0.000000
vn -0.767584 0.640949 -0.000000
vn -0.846775 0.531951 -0.000000
vn -0.846775 0.531951 -0.000000
vn -0.910596 0.413298 -0.000000
vn -0.910596 0.413298 -0.000000
vn -0.466136 -0.884713 0.000000
vn -0.466136 -0.884713 0.000000
vn -0.466136 -0.884713 0.000000
vn -0.466136 -0.884713 0.000000
vn 0.985456 -0.169930 0.000000
vn 0.985456 -0.169930 0.000000
vn 0.985456 -0.169930 0.000000
vn 0.985456 -0.169930 0.000000
vn 0.620955 0.783846 -0.000000
vn 0.620955 0.783846 -0.000000
vn 0.598958 0.800780 -0.000000
vn 0.598958 0.800780 -0.000000
vn 0.576499 0.817098 -0.000000
vn 0.576499 0.817098 -0.000000
vn 0.553596 0.832785 -0.000000
vn 0.553596 0.832785 -0.000000
vn -0.466136 0.884713 0.000000
vn -0.466136 0.884713 0.000000
vn -0.466136 0.884713 0.000000
vn -0.466136 0.884713 0.000000
vn -0.495079 -0.868848 0.000000
vn -0.495079 -0.868848 0.000000
vn -0.557624 -0.830093 0.000000
vn -0.557624 -0.830093 0.000000
vn -0.617150 -0.786845 0.000000
vn -0.673336 -0.739337 0.000000
vn -0.673336 -0.739337 0.000000
vn -0.617150 -0.786845 0.000000
vn -0.885889 0.463898 0.000000
vn -0.885889 0.463898 0.000000
vn -0.836640 0.547753 0.000000
vn -0.836640 0.547753 0.000000
vn -0.779480 0.626427 0.000000
vn -0.714948 0.699178 0.000000
vn -0.714948 0.699178 0.000000
vn -0.779480 0.626427 0.000000
vn -0.697368 -0.716713 0.000000
vn -0.697368 -0.716713 0.000000
vn -0.697368 -0.716713 0.000000
vn -0.697368 -0.716713 0.000000
vn 0.674459 -0.738312 -0.000000
vn 0.674459 -0.738312 -0.000000
vn 0.767584 -0.640949 -0.000000
vn 0.767584 -0.640949 -0.000000
vn 0.846775 -0.531951 -0.000000
vn 0.846775 -0.531951 -0.000000
vn 0.910596 -0.413298 -0.000000
vn 0.910596 -0.413298 -0.000000
vn 0.466136 0.884713 -0.000000
vn 0.466136 0.884713 -0.000000
vn 0.466136 0.884713 -0.000000
vn 0.466136 0.884713 -0.000000
vn -0.142910 0.989736 0.000000
vn -0.142910 0.989736 0.000000
vn -0.142910 0.989736 0.000000
vn -0.142910 0.989736 0.000000
vn -0.937368 0.348342 -0.000000
vn -0.937368 0.348342 -0.000000
vn -0.946676 0.322188 -0.000000
vn -0.946676 0.322188 -0.000000
vn -0.955254 0.295786 -0.000000
vn -0.955254 0.295786 -0.000000
vn -0.963096 0.269157 -0.000000
vn -0.963096 0.269157 -0.000000
vn -0.697368 -0.716713 0.000000
vn -0.697368 -0.716713 0.000000
vn -0.697368 -0.716713 0.000000
vn -0.697368 -0.716713 0.000000
vn 0.979311 -0.202360 0.000000
vn 0.979311 -0.202360 0.000000
vn 0.961781 -0.273819 0.000000
vn 0.961781 -0.273819 0.000000
vn 0.939044 -0.343796 0.000000
vn 0.911223 -0.411912 0.000000
vn 0.911223 -0.411912 0.000000
vn 0.939044 -0.343796 0.000000
vn -0.466136 -0.884713 0.000000
vn -0.466136 -0.884713 0.000000
vn -0.466136 -0.884713 0.000000
vn -0.466136 -0.884713 0.000000
vn 0.553596 -0.832785 -0.000000
vn 0.553596 -0.832785 -0.000000
vn 0.576499 -0.817098 -0.000000
vn 0.576499 -0.817098 -0.000000
vn 0.598958 -0.800780 -0.000000
vn 0.598958 -0.800780 -0.000000
vn 0.620955 -0.783846 -0.000000
vn 0.620955 -0.783846 -0.000000
vn 0.985456 0.169930 -0.000000
vn 0.985456 0.169930 -0.000000
vn 0.985456 0.169930 -0.000000
vn 0.985456 0.169930 -0.000000
vn -0.673336 0.739337 0.000000
vn -0.673336 0.739337 0.000000
vn -0.617150 0.786845 0.000000
vn -0.617150 0.786845 0.000000
vn -0.557624 0.830093 0.000000
vn -0.495079 0.868848 0.000000
vn -0.495079 0.868848 0.000000
vn -0.557624 0.830093 0.000000
vn 0.858615 -0.512621 -0.000000
vn 0.815329 -0.578997 -0.000000
vn 0.858615 -0.512621 -0.000000
vn 0.815329 -0.578997 -0.000000
vn 0.858615 -0.512621 -0.000000
vn 0.858615 -0.512621 -0.000000
vn 0.809017 -0.587785 -0.000000
vn 0.766924 -0.641738 -0.000000
vn 0.713703 -0.700449 -0.000000
vn 0.713703 -0.700449 -0.000000
vn 0.766924 -0.641738 -0.000000
vn 0.923577 -0.383414 -0.000000
usemtl Steel_-_Satin
f 1/1/1 2/2/2 4/3/3
f 4/3/3 2/2/2 3/4/4
f 1/5/5 4/6/6 5/7/7
f 5/7/7 4/6/6 6/8/8
f 7/9/9 8/10/10 9/11/11
f 8/12/12 10/13/13 9/14/14
f 11/15/15 7/16/16 3/17/17
f 3/17/17 7/16/16 9/18/18
f 3/17/17 9/18/18 4/19/19
f 4/19/19 9/18/18 6/20/20
f 6/20/20 9/18/18 10/21/21
f 6/20/20 10/21/21 12/22/22
f 13/23/23 14/24/24 16/25/25
f 16/25/25 14/24/24 15/26/26
f 13/27/27 16/28/28 17/29/29
f 17/29/29 16/28/28 18/30/30
f 19/31/31 20/32/32 21/33/33
f 20/34/34 22/35/35 21/36/36
f 23/37/37 19/38/38 15/39/39
f 15/39/39 19/38/38 21/40/40
f 15/39/39 21/40/40 16/41/41
f 16/41/41 21/40/40 18/42/42
f 18/42/42 21/40/40 22/43/43
f 18/42/42 22/43/43 24/44/44
f 25/45/45 26/46/46 28/47/47
f 28/47/47 26/46/46 27/48/48
f 25/49/49 28/50/50 29/51/51
f 29/51/51 28/50/50 30/52/52
f 31/53/53 32/54/54 33/55/55
f 32/56/56 34/57/57 33/58/58
f 35/59/59 31/60/60 27/61/61
f 27/61/61 31/60/60 33/62/62
f 27/61/61 33/62/62 28/63/63
f 28/63/63 33/62/62 30/64/64
f 30/64/64 33/62/62 34/65/65
f 30/64/64 34/65/65 36/66/66
f 37/67/67 38/68/68 40/69/69
f 40/69/69 38/68/68 39/70/70
f 37/71/71 40/72/72 41/73/73
f 41/73/73 40/72/72 42/74/74
f 43/75/75 44/76/76 45/77/77
f 44/78/78 46/79/79 45/80/80
f 47/81/81 43/82/82 39/83/83
f 39/83/83 43/82/82 45/84/84
f 39/83/83 45/84/84 40/85/85
f 40/85/85 45/84/84 42/86/86
f 42/86/86 45/84/84 46/87/87
f 42/86/86 46/87/87 48/88/88
f 49/89/89 50/90/90 52/91/91
f 52/91/91 50/90/90 51/92/92
f 49/93/93 52/94/94 53/95/95
f 53/95/95 52/94/94 54/96/96
f 55/97/97 56/98/98 57/99/99
f 56/100/100 58/101/101 57/102/102
f 59/103/103 55/104/104 51/105/105
f 51/105/105 55/104/104 57/106/106
f 51/105/105 57/106/106 52/107/107
f 52/107/107 57/106/106 54/108/108
f 54/108/108 57/106/106 58/109/109
f 54/108/108 58/109/109 60/110/110
f 61/111/111 62/112/112 64/113/113
f 64/113/113 62/112/112 63/114/114
f 61/115/115 64/116/116 65/117/117
f 65/117/117 64/116/116 66/118/118
f 67/119/119 68/120/120 69/121/121
f 68/122/122 70/123/123 69/124/124
f 71/125/125 67/126/126 63/127/127
f 63/127/127 67/126/126 69/128/128
f 63/127/127 69/128/128 64/129/129
f 64/129/129 69/128/128 66/130/130
f 66/130/130 69/128/128 70/131/131
f 66/130/130 70/131/131 72/132/132
f 73/133/133 74/134/134 76/135/135
f 76/135/135 74/134/134 75/136/136
f 73/137/137 76/138/138 77/139/139
f 77/139/139 76/138/138 78/140/140
f 79/141/141 80/142/142 81/143/143
f 80/144/144 82/145/145 81/146/146
f 83/147/147 79/148/148 75/149/149
f 75/149/149 79/148/148 81/150/150
f 75/149/149 81/150/150 76/151/151
f 76/151/151 81/150/150 78/152/152
f 78/152/152 81/150/150 82/153/153
f 78/152/152 82/153/153 84/154/154
f 85/155/155 86/156/156 88/157/157
f 88/157/157 86/156/156 87/158/158
f 85/159/159 88/160/160 89/161/161
f 89/161/161 88/160/160 90/162/162
f 91/163/163 92/164/164 93/165/165
f 92/166/166 94/167/167 93/168/168
f 95/169/169 91/170/170 87/171/171
f 87/171/171 91/170/170 93/172/172
f 87/171/171 93/172/172 88/173/173
f 88/173/173 93/172/172 90/174/174
f 90/174/174 93/172/172 94/175/175
f 90/174/174 94/175/175 96/176/176
f 97/177/177 98/178/178 100/179/179
f 100/179/179 98/178/178 99/180/180
f 97/181/181 100/182/182 101/183/183
f 101/183/183 100/182/182 102/184/184
f 103/185/185 104/186/186 105/187/187
f 104/188/188 106/189/189 105/190/190
f 107/191/191 103/192/192 99/193/193
f 99/193/193 103/192/192 105/194/194
f 99/193/193 105/194/194 100/195/195
f 100/195/195 105/194/194 102/196/196
f 102/196/196 105/194/194 106/197/197
f 102/196/196 106/197/197 108/198/198
f 109/199/199 110/200/200 112/201/201
f 112/201/201 110/200/200 111/202/202
f 109/203/203 112/204/204 113/205/205
f 113/205/205 112/204/204 114/206/206
f 115/207/207 116/208/208 117/209/209
f 116/210/210 118/211/211 117/212/212
f 119/213/213 115/214/214 111/215/215
f 111/215/215 115/214/214 117/216/216
f 111/215/215 117/216/216 112/217/217
f 112/217/217 117/216/216 114/218/218
f 114/218/218 117/216/216 118/219/219
f 114/218/218 118/219/219 120/220/220
f 121/221/221 122/222/222 124/223/223
f 124/223/223 122/222/222 123/224/224
f 121/225/225 124/226/226 125/227/227
f 125/227/227 124/226/226 126/228/228
f 127/229/229 128/230/230 129/231/231
f 128/232/232 130/233/233 129/234/234
f 131/235/235 127/236/236 123/237/237
f 123/237/237 127/236/236 129/238/238
f 123/237/237 129/238/238 124/239/239
f 124/239/239 129/238/238 126/240/240
f 126/240/240 129/238/238 130/241/241
f 126/240/240 130/241/241 132/242/242
f 133/243/243 134/244/244 136/245/245
f 136/245/245 134/244/244 135/246/246
f 133/247/247 136/248/248 137/249/249
f 137/249/249 136/248/248 138/250/250
f 139/251/251 140/252/252 141/253/253
f 140/254/254 142/255/255 141/256/256
f 143/257/257 139/258/258 135/259/259
f 135/259/259 139/258/258 141/260/260
f 135/259/259 141/260/260 136/261/261
f 136/261/261 141/260/260 138/262/262
f 138/262/262 141/260/260 142/263/263
f 138/262/262 142/263/263 144/264/264
f 145/265/265 146/266/266 148/267/267
f 148/267/267 146/266/266 147/268/268
f 145/269/269 148/270/270 149/271/271
f 149/271/271 148/270/270 150/272/272
f 151/273/273 152/274/274 153/275/275
f 152/276/276 154/277/277 153/278/278
f 155/279/279 151/280/280 147/281/281
f 147/281/281 151/280/280 153/282/282
f 147/281/281 153/282/282 148/283/283
f 148/283/283 153/282/282 150/284/284
f 150/284/284 153/282/282 154/285/285
f 150/284/284 154/285/285 156/286/286
f 157/287/287 158/288/288 160/289/289
f 160/289/289 158/288/288 159/290/290
f 157/291/291 160/292/292 161/293/293
f 161/293/293 160/292/292 162/294/294
f 163/295/295 164/296/296 165/297/297
f 164/298/298 166/299/299 165/300/300
f 167/301/301 163/302/302 159/303/303
f 159/303/303 163/302/302 165/304/304
f 159/303/303 165/304/304 160/305/305
f 160/305/305 165/304/304 162/306/306
f 162/306/306 165/304/304 166/307/307
f 162/306/306 166/307/307 168/308/308
f 169/309/309 170/310/310 172/311/311
f 172/311/311 170/310/310 171/312/312
f 169/313/313 172/314/314 173/315/315
f 173/315/315 172/314/314 174/316/316
f 175/317/317 176/318/318 177/319/319
f 176/320/320 178/321/321 177/322/322
f 179/323/323 175/324/324 171/325/325
f 171/325/325 175/324/324 177/326/326
f 171/325/325 177/326/326 172/327/327
f 172/327/327 177/326/326 174/328/328
f 174/328/328 177/326/326 178/329/329
f 174/328/328 178/329/329 180/330/330
f 181/331/331 182/332/332 184/333/333
f 184/333/333 182/332/332 183/334/334
f 181/335/335 184/336/336 185/337/337
f 185/337/337 184/336/336 186/338/338
f 187/339/339 188/340/340 189/341/341
f 188/342/342 190/343/343 189/344/344
f 191/345/345 187/346/346 183/347/347
f 183/347/347 187/346/346 189/348/348
f 183/347/347 189/348/348 184/349/349
f 184/349/349 189/348/348 186/350/350
f 186/350/350 189/348/348 190/351/351
f 186/350/350 190/351/351 192/352/352
f 193/353/353 194/354/354 196/355/355
f 196/355/355 194/354/354 195/356/356
f 193/357/357 196/358/358 197/359/359
f 197/359/359 196/358/358 198/360/360
f 199/361/361 200/362/362 201/363/363
f 200/364/364 202/365/365 201/366/366
f 203/367/367 199/368/368 195/369/369
f 195/369/369 199/368/368 201/370/370
f 195/369/369 201/370/370 196/371/371
f 196/371/371 201/370/370 198/372/372
f 198/372/372 201/370/370 202/373/373
f 198/372/372 202/373/373 204/374/374
f 205/375/375 206/376/376 208/377/377
f 208/377/377 206/376/376 207/378/378
f 205/379/379 208/380/380 209/381/381
f 209/381/381 208/380/380 210/382/382
f 211/383/383 212/384/384 213/385/385
f 212/386/386 214/387/387 213/388/388
f 215/389/389 211/390/390 207/391/391
f 207/391/391 211/390/390 213/392/392
f 207/391/391 213/392/392 208/393/393
f 208/393/393 213/392/392 210/394/394
f 210/394/394 213/392/392 214/395/395
f 210/394/394 214/395/395 216/396/396
f 217/397/397 218/398/398 220/399/399
f 220/399/399 218/398/398 219/400/400
f 217/401/401 220/402/402 221/403/403
f 221/403/403 220/402/402 222/404/404
f 223/405/405 224/406/406 225/407/407
f 224/408/408 226/409/409 225/410/410
f 227/411/411 223/412/412 219/413/413
f 219/413/413 223/412/412 225/414/414
f 219/413/413 225/414/414 220/415/415
f 220/415/415 225/414/414 222/416/416
f 222/416/416 225/414/414 226/417/417
f 222/416/416 226/417/417 228/418/418
f 3/419/419 293/420/420 11/421/421
f 11/421/421 293/420/420 294/422/422
f 11/421/421 294/422/422 271/423/423
f 271/423/423 294/422/422 295/424/424
f 271/423/423 295/424/424 270/425/425
f 270/425/425 295/424/424 288/426/426
f 270/425/425 288/426/426 15/427/427
f 15/427/427 288/426/426 272/428/428
f 15/427/427 272/428/428 23/429/429
f 23/429/429 272/428/428 273/430/430
f 23/429/429 273/430/430 269/431/431
f 269/431/431 273/430/430 274/432/432
f 269/431/431 274/432/432 268/433/433
f 268/433/433 274/432/432 275/434/434
f 268/433/433 275/434/434 26/435/435
f 26/435/435 275/434/434 27/436/436
f 27/436/436 275/434/434 409/437/437
f 27/436/436 409/437/437 35/438/438
f 35/438/438 409/437/437 410/439/439
f 35/438/438 410/439/439 267/440/440
f 267/440/440 410/439/439 411/441/441
f 267/440/440 411/441/441 266/442/442
f 266/442/442 411/441/441 404/443/443
f 266/442/442 404/443/443 39/444/444
f 39/444/444 404/443/443 360/445/445
f 39/444/444 360/445/445 47/446/446
f 47/446/446 360/445/445 361/447/447
f 47/446/446 361/447/447 265/448/448
f 265/448/448 361/447/447 362/449/449
f 265/448/448 362/449/449 264/450/450
f 264/450/450 362/449/449 363/451/451
f 264/450/450 363/451/451 50/452/452
f 50/452/452 363/451/451 51/453/453
f 51/453/453 363/451/451 357/454/454
f 51/453/453 357/454/454 59/455/455
f 59/455/455 357/454/454 358/456/456
f 59/455/455 358/456/456 263/457/457
f 263/457/457 358/456/456 359/458/458
f 263/457/457 359/458/458 262/459/459
f 262/459/459 359/458/458 352/460/460
f 262/459/459 352/460/460 63/461/461
f 63/461/461 352/460/460 344/462/462
f 63/461/461 344/462/462 71/463/463
f 71/463/463 344/462/462 345/464/464
f 71/463/463 345/464/464 261/465/465
f 261/465/465 345/464/464 346/466/466
f 261/465/465 346/466/466 260/467/467
f 260/467/467 346/466/466 347/468/468
f 260/467/467 347/468/468 74/469/469
f 74/469/469 347/468/468 75/470/470
f 75/470/470 347/468/468 465/471/471
f 75/470/470 465/471/471 83/472/472
f 83/472/472 465/471/471 466/473/473
f 83/472/472 466/473/473 259/474/474
f 259/474/474 466/473/473 467/475/475
f 259/474/474 467/475/475 258/476/476
f 258/476/476 467/475/475 460/477/477
f 258/476/476 460/477/477 87/478/478
f 87/478/478 460/477/477 336/479/479
f 87/478/478 336/479/479 95/480/480
f 95/480/480 336/479/479 337/481/481
f 95/480/480 337/481/481 257/482/482
f 257/482/482 337/481/481 338/483/483
f 257/482/482 338/483/483 256/484/484
f 256/484/484 338/483/483 339/485/485
f 256/484/484 339/485/485 98/486/486
f 98/486/486 339/485/485 99/487/487
f 99/487/487 339/485/485 333/488/488
f 99/487/487 333/488/488 107/489/489
f 107/489/489 333/488/488 334/490/490
f 107/489/489 334/490/490 255/491/491
f 255/491/491 334/490/490 335/492/492
f 255/491/491 335/492/492 254/493/493
f 254/493/493 335/492/492 328/494/494
f 254/493/493 328/494/494 111/495/495
f 111/495/495 328/494/494 280/496/496
f 111/495/495 280/496/496 119/497/497
f 119/497/497 280/496/496 281/498/498
f 119/497/497 281/498/498 253/499/499
f 253/499/499 281/498/498 282/500/500
f 253/499/499 282/500/500 252/501/501
f 252/501/501 282/500/500 283/502/502
f 252/501/501 283/502/502 122/503/503
f 122/503/503 283/502/502 123/504/504
f 123/504/504 283/502/502 309/505/505
f 123/504/504 309/505/505 131/506/506
f 131/506/506 309/505/505 310/507/507
f 131/506/506 310/507/507 251/508/508
f 251/508/508 310/507/507 311/509/509
f 251/508/508 311/509/509 250/510/510
f 250/510/510 311/509/509 304/511/511
f 250/510/510 304/511/511 135/512/512
f 135/512/512 304/511/511 312/513/513
f 135/512/512 312/513/513 143/514/514
f 143/514/514 312/513/513 313/515/515
f 143/514/514 313/515/515 249/516/516
f 249/516/516 313/515/515 314/517/517
f 249/516/516 314/517/517 248/518/518
f 248/518/518 314/517/517 315/519/519
f 248/518/518 315/519/519 146/520/520
f 146/520/520 315/519/519 147/521/521
f 147/521/521 315/519/519 425/522/522
f 147/521/521 425/522/522 155/523/523
f 155/523/523 425/522/522 426/524/524
f 155/523/523 426/524/524 247/525/525
f 247/525/525 426/524/524 427/526/526
f 247/525/525 427/526/526 246/527/527
f 246/527/527 427/526/526 420/528/528
f 246/527/527 420/528/528 159/529/529
f 159/529/529 420/528/528 440/530/530
f 159/529/529 440/530/530 167/531/531
f 167/531/531 440/530/530 441/532/532
f 167/531/531 441/532/532 245/533/533
f 245/533/533 441/532/532 468/534/534
f 245/533/533 468/534/534 244/535/535
f 244/535/535 468/534/534 442/536/536
f 244/535/535 442/536/536 443/537/537
f 293/420/420 3/419/419 431/538/538
f 431/538/538 3/419/419 2/539/539
f 431/538/538 2/539/539 229/540/540
f 431/538/538 229/540/540 430/541/541
f 430/541/541 229/540/540 230/542/542
f 430/541/541 230/542/542 429/543/543
f 429/543/543 230/542/542 231/544/544
f 429/543/543 231/544/544 428/545/545
f 428/545/545 231/544/544 232/546/546
f 428/545/545 232/546/546 412/547/547
f 412/547/547 232/546/546 234/548/548
f 412/547/547 234/548/548 419/549/549
f 419/549/549 234/548/548 235/550/550
f 419/549/549 235/550/550 418/551/551
f 418/551/551 235/550/550 227/552/552
f 418/551/551 227/552/552 417/553/553
f 417/553/553 227/552/552 219/554/554
f 417/553/553 219/554/554 323/555/555
f 323/555/555 219/554/554 218/556/556
f 323/555/555 218/556/556 236/557/557
f 232/546/546 233/558/558 234/548/548
f 323/555/555 236/557/557 322/559/559
f 322/559/559 236/557/557 237/560/560
f 322/559/559 237/560/560 321/561/561
f 321/561/561 237/560/560 215/562/562
f 321/561/561 215/562/562 320/563/563
f 320/563/563 215/562/562 207/564/564
f 320/563/563 207/564/564 444/565/565
f 444/565/565 207/564/564 238/566/566
f 444/565/565 238/566/566 451/567/567
f 451/567/567 238/566/566 239/568/568
f 451/567/567 239/568/568 450/569/569
f 450/569/569 239/568/568 203/570/570
f 450/569/569 203/570/570 449/571/571
f 449/571/571 203/570/570 195/572/572
f 449/571/571 195/572/572 299/573/573
f 299/573/573 195/572/572 194/574/574
f 299/573/573 194/574/574 240/575/575
f 207/564/564 206/576/576 238/566/566
f 299/573/573 240/575/575 298/577/577
f 298/577/577 240/575/575 241/578/578
f 298/577/577 241/578/578 297/579/579
f 297/579/579 241/578/578 191/580/580
f 297/579/579 191/580/580 296/581/581
f 296/581/581 191/580/580 183/582/582
f 296/581/581 183/582/582 455/583/583
f 455/583/583 183/582/582 242/584/584
f 455/583/583 242/584/584 454/585/585
f 454/585/585 242/584/584 243/586/586
f 454/585/585 243/586/586 453/587/587
f 453/587/587 243/586/586 179/588/588
f 453/587/587 179/588/588 452/589/589
f 452/589/589 179/588/588 171/590/590
f 452/589/589 171/590/590 443/537/537
f 443/537/537 171/590/590 170/591/591
f 443/537/537 170/591/591 244/535/535
f 183/582/582 182/592/592 242/584/584
f 159/529/529 158/593/593 246/527/527
f 135/512/512 134/594/594 250/510/510
f 111/495/495 110/595/595 254/493/493
f 87/478/478 86/596/596 258/476/476
f 63/461/461 62/597/597 262/459/459
f 39/444/444 38/598/598 266/442/442
f 15/427/427 14/599/599 270/425/425
f 409/437/437 275/434/434 408/600/600
f 408/600/600 275/434/434 276/601/601
f 408/600/600 276/601/601 392/602/602
f 392/602/602 276/601/601 277/603/603
f 392/602/602 277/603/603 391/604/604
f 391/604/604 277/603/603 278/605/605
f 391/604/604 278/605/605 279/606/606
f 391/604/604 279/606/606 289/607/607
f 289/607/607 279/606/606 272/428/428
f 289/607/607 272/428/428 288/426/426
f 309/505/505 283/502/502 308/608/608
f 308/608/608 283/502/502 284/609/609
f 308/608/608 284/609/609 370/610/610
f 370/610/610 284/609/609 285/611/611
f 370/610/610 285/611/611 286/612/612
f 286/612/612 287/613/613 370/610/610
f 370/610/610 287/613/613 369/614/614
f 369/614/614 287/613/613 329/615/615
f 369/614/614 329/615/615 330/616/616
f 287/613/613 280/496/496 329/615/615
f 329/615/615 280/496/496 328/494/494
f 391/604/604 289/607/607 390/617/617
f 390/617/617 289/607/607 290/618/618
f 390/617/617 290/618/618 291/619/619
f 390/617/617 291/619/619 389/620/620
f 389/620/620 291/619/619 292/621/621
f 389/620/620 292/621/621 388/622/622
f 388/622/622 292/621/621 432/623/623
f 388/622/622 432/623/623 433/624/624
f 432/623/623 292/621/621 431/538/538
f 431/538/538 292/621/621 293/420/420
f 449/571/571 299/573/573 448/625/625
f 448/625/625 299/573/573 300/626/626
f 448/625/625 300/626/626 381/627/627
f 381/627/627 300/626/626 301/628/628
f 381/627/627 301/628/628 302/629/629
f 381/627/627 302/629/629 380/630/630
f 380/630/630 302/629/629 303/631/631
f 380/630/630 303/631/631 456/632/632
f 456/632/632 303/631/631 296/581/581
f 456/632/632 296/581/581 455/583/583
f 304/511/511 305/633/633 312/513/513
f 312/513/513 305/633/633 319/634/634
f 319/634/634 305/633/633 373/635/635
f 319/634/634 373/635/635 318/636/636
f 318/636/636 373/635/635 317/637/637
f 317/637/637 373/635/635 374/638/638
f 317/637/637 374/638/638 316/639/639
f 316/639/639 374/638/638 424/640/640
f 316/639/639 424/640/640 315/519/519
f 315/519/519 424/640/640 425/522/522
f 373/635/635 305/633/633 372/641/641
f 372/641/641 305/633/633 306/642/642
f 372/641/641 306/642/642 307/643/643
f 372/641/641 307/643/643 371/644/644
f 371/644/644 307/643/643 308/608/608
f 371/644/644 308/608/608 370/610/610
f 417/553/553 323/555/555 416/645/645
f 416/645/645 323/555/555 324/646/646
f 416/645/645 324/646/646 385/647/647
f 385/647/647 324/646/646 384/648/648
f 384/648/648 324/646/646 325/649/649
f 384/648/648 325/649/649 326/650/650
f 326/650/650 327/651/651 384/648/648
f 384/648/648 327/651/651 445/652/652
f 384/648/648 445/652/652 383/653/653
f 383/653/653 445/652/652 446/654/654
f 383/653/653 446/654/654 382/655/655
f 382/655/655 446/654/654 447/656/656
f 382/655/655 447/656/656 448/625/625
f 327/651/651 320/563/563 445/652/652
f 445/652/652 320/563/563 444/565/565
f 369/614/614 330/616/616 368/657/657
f 368/657/657 330/616/616 331/658/658
f 368/657/657 331/658/658 403/659/659
f 403/659/659 331/658/658 332/660/660
f 403/659/659 332/660/660 340/661/661
f 340/661/661 332/660/660 339/485/485
f 339/485/485 332/660/660 333/488/488
f 403/659/659 340/661/661 402/662/662
f 402/662/662 340/661/661 341/663/663
f 402/662/662 341/663/663 342/664/664
f 342/664/664 343/665/665 402/662/662
f 402/662/662 343/665/665 461/666/666
f 402/662/662 461/666/666 401/667/667
f 401/667/667 461/666/666 462/668/668
f 401/667/667 462/668/668 400/669/669
f 400/669/669 462/668/668 463/670/670
f 400/669/669 463/670/670 464/671/671
f 343/665/665 336/479/479 461/666/666
f 461/666/666 336/479/479 460/477/477
f 465/471/471 347/468/468 464/671/671
f 464/671/671 347/468/468 348/672/672
f 464/671/671 348/672/672 399/673/673
f 399/673/673 348/672/672 349/674/674
f 399/673/673 349/674/674 350/675/675
f 399/673/673 350/675/675 398/676/676
f 398/676/676 350/675/675 351/677/677
f 398/676/676 351/677/677 353/678/678
f 353/678/678 351/677/677 344/462/462
f 353/678/678 344/462/462 352/460/460
f 353/678/678 354/679/679 398/676/676
f 398/676/676 354/679/679 397/680/680
f 397/680/680 354/679/679 355/681/681
f 397/680/680 355/681/681 396/682/682
f 396/682/682 355/681/681 356/683/683
f 396/682/682 356/683/683 395/684/684
f 395/684/684 356/683/683 364/685/685
f 395/684/684 364/685/685 365/686/686
f 364/685/685 356/683/683 363/451/451
f 363/451/451 356/683/683 357/454/454
f 365/686/686 366/687/687 395/684/684
f 395/684/684 366/687/687 367/688/688
f 395/684/684 367/688/688 405/689/689
f 405/689/689 367/688/688 360/445/445
f 405/689/689 360/445/445 404/443/443
f 424/640/640 374/638/638 423/690/690
f 423/690/690 374/638/638 375/691/691
f 423/690/690 375/691/691 422/692/692
f 422/692/692 375/691/691 376/693/693
f 422/692/692 376/693/693 421/694/694
f 421/694/694 376/693/693 377/695/695
f 421/694/694 377/695/695 439/696/696
f 439/696/696 377/695/695 438/697/697
f 438/697/697 377/695/695 469/698/698
f 438/697/697 469/698/698 437/699/699
f 437/699/699 469/698/698 377/695/695
f 437/699/699 377/695/695 436/700/700
f 436/700/700 377/695/695 459/701/701
f 436/700/700 459/701/701 443/537/537
f 443/537/537 459/701/701 452/589/589
f 377/695/695 378/702/702 459/701/701
f 459/701/701 378/702/702 458/703/703
f 458/703/703 378/702/702 379/704/704
f 458/703/703 379/704/704 457/705/705
f 457/705/705 379/704/704 380/630/630
f 457/705/705 380/630/630 456/632/632
f 381/627/627 382/655/655 448/625/625
f 416/645/645 385/647/647 415/706/706
f 415/706/706 385/647/647 386/707/707
f 415/706/706 386/707/707 414/708/708
f 414/708/708 386/707/707 387/709/709
f 414/708/708 387/709/709 413/710/710
f 413/710/710 387/709/709 435/711/711
f 413/710/710 435/711/711 428/545/545
f 387/709/709 388/622/622 435/711/711
f 435/711/711 388/622/622 434/712/712
f 434/712/712 388/622/622 433/624/624
f 408/600/600 392/602/602 407/713/713
f 407/713/713 392/602/602 393/714/714
f 407/713/713 393/714/714 406/715/715
f 406/715/715 393/714/714 394/716/716
f 406/715/715 394/716/716 405/689/689
f 405/689/689 394/716/716 395/684/684
f 399/673/673 400/669/669 464/671/671
f 412/547/547 413/710/710 428/545/545
f 420/528/528 421/694/694 440/530/530
f 440/530/530 421/694/694 439/696/696
f 441/532/532 442/536/536 468/534/534
f 2/717/717 1/718/718 229/719/719
f 229/719/719 1/718/718 230/720/720
f 230/720/720 1/718/718 471/721/721
f 230/720/720 471/721/721 475/722/722
f 475/722/722 471/721/721 473/723/723
f 475/722/722 473/723/723 474/724/724
f 5/725/725 470/726/726 1/718/718
f 1/718/718 470/726/726 471/721/721
f 471/721/721 472/727/727 473/723/723
f 475/722/722 231/728/728 230/720/720
f 227/729/729 235/730/730 223/731/731
f 223/731/731 235/730/730 479/732/732
f 223/731/731 479/732/732 226/733/733
f 226/733/733 479/732/732 228/734/734
f 479/732/732 235/730/730 476/735/735
f 476/735/735 235/730/730 234/736/736
f 476/735/735 234/736/736 233/737/737
f 477/738/738 478/739/739 476/735/735
f 476/735/735 478/739/739 479/732/732
f 226/733/733 224/740/740 223/731/731
f 215/741/741 237/742/742 211/743/743
f 211/743/743 237/742/742 481/744/744
f 211/743/743 481/744/744 214/745/745
f 214/745/745 481/744/744 216/746/746
f 481/744/744 237/742/742 217/747/747
f 217/747/747 237/742/742 236/748/748
f 217/747/747 236/748/748 218/749/749
f 221/750/750 480/751/751 217/747/747
f 217/747/747 480/751/751 481/744/744
f 214/745/745 212/752/752 211/743/743
f 203/753/753 239/754/754 199/755/755
f 199/755/755 239/754/754 483/756/756
f 199/755/755 483/756/756 202/757/757
f 202/757/757 483/756/756 204/758/758
f 483/756/756 239/754/754 205/759/759
f 205/759/759 239/754/754 238/760/760
f 205/759/759 238/760/760 206/761/761
f 209/762/762 482/763/763 205/759/759
f 205/759/759 482/763/763 483/756/756
f 202/757/757 200/764/764 199/755/755
f 191/765/765 241/766/766 187/767/767
f 187/767/767 241/766/766 485/768/768
f 187/767/767 485/768/768 190/769/769
f 190/769/769 485/768/768 192/770/770
f 485/768/768 241/766/766 193/771/771
f 193/771/771 241/766/766 240/772/772
f 193/771/771 240/772/772 194/773/773
f 197/774/774 484/775/775 193/771/771
f 193/771/771 484/775/775 485/768/768
f 190/769/769 188/776/776 187/767/767
f 179/777/777 243/778/778 175/779/779
f 175/779/779 243/778/778 487/780/780
f 175/779/779 487/780/780 178/781/781
f 178/781/781 487/780/780 180/782/782
f 487/780/780 243/778/778 181/783/783
f 181/783/783 243/778/778 242/784/784
f 181/783/783 242/784/784 182/785/785
f 185/786/786 486/787/787 181/783/783
f 181/783/783 486/787/787 487/780/780
f 178/781/781 176/788/788 175/779/779
f 167/789/789 245/790/790 163/791/791
f 163/791/791 245/790/790 489/792/792
f 163/791/791 489/792/792 166/793/793
f 166/793/793 489/792/792 168/794/794
f 489/792/792 245/790/790 169/795/795
f 169/795/795 245/790/790 244/796/796
f 169/795/795 244/796/796 170/797/797
f 173/798/798 488/799/799 169/795/795
f 169/795/795 488/799/799 489/792/792
f 166/793/793 164/800/800 163/791/791
f 155/801/801 247/802/802 151/803/803
f 151/803/803 247/802/802 491/804/804
f 151/803/803 491/804/804 154/805/805
f 154/805/805 491/804/804 156/806/806
f 491/804/804 247/802/802 157/807/807
f 157/807/807 247/802/802 246/808/808
f 157/807/807 246/808/808 158/809/809
f 161/810/810 490/811/811 157/807/807
f 157/807/807 490/811/811 491/804/804
f 154/805/805 152/812/812 151/803/803
f 143/813/813 249/814/814 139/815/815
f 139/815/815 249/814/814 493/816/816
f 139/815/815 493/816/816 142/817/817
f 142/817/817 493/816/816 144/818/818
f 493/816/816 249/814/814 145/819/819
f 145/819/819 249/814/814 248/820/820
f 145/819/819 248/820/820 146/821/821
f 149/822/822 492/823/823 145/819/819
f 145/819/819 492/823/823 493/816/816
f 142/817/817 140/824/824 139/815/815
f 131/825/825 251/826/826 127/827/827
f 127/827/827 251/826/826 495/828/828
f 127/827/827 495/828/828 130/829/829
f 130/829/829 495/828/828 132/830/830
f 495/828/828 251/826/826 133/831/831
f 133/831/831 251/826/826 250/832/832
f 133/831/831 250/832/832 134/833/833
f 137/834/834 494/835/835 133/831/831
f 133/831/831 494/835/835 495/828/828
f 130/829/829 128/836/836 127/827/827
f 119/837/837 253/838/838 115/839/839
f 115/839/839 253/838/838 497/840/840
f 115/839/839 497/840/840 118/841/841
f 118/841/841 497/840/840 120/842/842
f 497/840/840 253/838/838 121/843/843
f 121/843/843 253/838/838 252/844/844
f 121/843/843 252/844/844 122/845/845
f 125/846/846 496/847/847 121/843/843
f 121/843/843 496/847/847 497/840/840
f 118/841/841 116/848/848 115/839/839
f 107/849/849 255/850/850 103/851/851
f 103/851/851 255/850/850 499/852/852
f 103/851/851 499/852/852 106/853/853
f 106/853/853 499/852/852 108/854/854
f 499/852/852 255/850/850 109/855/855
f 109/855/855 255/850/850 254/856/856
f 109/855/855 254/856/856 110/857/857
f 113/858/858 498/859/859 109/855/855
f 109/855/855 498/859/859 499/852/852
f 106/853/853 104/860/860 103/851/851
f 95/861/861 257/862/862 91/863/863
f 91/863/863 257/862/862 501/864/864
f 91/863/863 501/864/864 94/865/865
f 94/865/865 501/864/864 96/866/866
f 501/864/864 257/862/862 97/867/867
f 97/867/867 257/862/862 256/868/868
f 97/867/867 256/868/868 98/869/869
f 101/870/870 500/871/871 97/867/867
f 97/867/867 500/871/871 501/864/864
f 94/865/865 92/872/872 91/863/863
f 83/873/873 259/874/874 79/875/875
f 79/875/875 259/874/874 503/876/876
f 79/875/875 503/876/876 82/877/877
f 82/877/877 503/876/876 84/878/878
f 503/876/876 259/874/874 85/879/879
f 85/879/879 259/874/874 258/880/880
f 85/879/879 258/880/880 86/881/881
f 89/882/882 502/883/883 85/879/879
f 85/879/879 502/883/883 503/876/876
f 82/877/877 80/884/884 79/875/875
f 71/885/885 261/886/886 67/887/887
f 67/887/887 261/886/886 505/888/888
f 67/887/887 505/888/888 70/889/889
f 70/889/889 505/888/888 72/890/890
f 505/888/888 261/886/886 73/891/891
f 73/891/891 261/886/886 260/892/892
f 73/891/891 260/892/892 74/893/893
f 77/894/894 504/895/895 73/891/891
f 73/891/891 504/895/895 505/888/888
f 70/889/889 68/896/896 67/887/887
f 59/897/897 263/898/898 55/899/899
f 55/899/899 263/898/898 507/900/900
f 55/899/899 507/900/900 58/901/901
f 58/901/901 507/900/900 60/902/902
f 507/900/900 263/898/898 61/903/903
f 61/903/903 263/898/898 262/904/904
f 61/903/903 262/904/904 62/905/905
f 65/906/906 506/907/907 61/903/903
f 61/903/903 506/907/907 507/900/900
f 58/901/901 56/908/908 55/899/899
f 47/909/909 265/910/910 43/911/911
f 43/911/911 265/910/910 509/912/912
f 43/911/911 509/912/912 46/913/913
f 46/913/913 509/912/912 48/914/914
f 509/912/912 265/910/910 49/915/915
f 49/915/915 265/910/910 264/916/916
f 49/915/915 264/916/916 50/917/917
f 53/918/918 508/919/919 49/915/915
f 49/915/915 508/919/919 509/912/912
f 46/913/913 44/920/920 43/911/911
f 35/921/921 267/922/922 31/923/923
f 31/923/923 267/922/922 511/924/924
f 31/923/923 511/924/924 34/925/925
f 34/925/925 511/924/924 36/926/926
f 511/924/924 267/922/922 37/927/927
f 37/927/927 267/922/922 266/928/928
f 37/927/927 266/928/928 38/929/929
f 41/930/930 510/931/931 37/927/927
f 37/927/927 510/931/931 511/924/924
f 34/925/925 32/932/932 31/923/923
f 23/933/933 269/934/934 19/935/935
f 19/935/935 269/934/934 513/936/936
f 19/935/935 513/936/936 22/937/937
f 22/937/937 513/936/936 24/938/938
f 513/936/936 269/934/934 25/939/939
f 25/939/939 269/934/934 268/940/940
f 25/939/939 268/940/940 26/941/941
f 29/942/942 512/943/943 25/939/939
f 25/939/939 512/943/943 513/936/936
f 22/937/937 20/944/944 19/935/935
f 12/945/945 537/946/946 6/947/947
f 6/947/947 537/946/946 673/948/948
f 6/947/947 673/948/948 5/949/949
f 5/949/949 673/948/948 470/950/950
f 470/950/950 673/948/948 674/951/951
f 470/950/950 674/951/951 471/952/952
f 471/952/952 674/951/951 675/953/953
f 471/952/952 675/953/953 472/954/954
f 472/954/954 675/953/953 676/955/955
f 472/954/954 676/955/955 516/956/956
f 516/956/956 676/955/955 658/957/957
f 516/956/956 658/957/957 478/958/958
f 478/958/958 658/957/957 659/959/959
f 478/958/958 659/959/959 479/960/960
f 479/960/960 659/959/959 660/961/961
f 479/960/960 660/961/961 228/962/962
f 228/962/962 660/961/961 661/963/963
f 228/962/962 661/963/963 222/964/964
f 222/964/964 661/963/963 565/965/965
f 222/964/964 565/965/965 221/966/966
f 221/966/966 565/965/965 480/967/967
f 480/967/967 565/965/965 566/968/968
f 480/967/967 566/968/968 481/969/969
f 481/969/969 566/968/968 567/970/970
f 481/969/969 567/970/970 216/971/971
f 216/971/971 567/970/970 568/972/972
f 216/971/971 568/972/972 210/973/973
f 210/973/973 568/972/972 690/974/974
f 210/973/973 690/974/974 482/975/975
f 482/975/975 690/974/974 691/976/976
f 482/975/975 691/976/976 483/977/977
f 483/977/977 691/976/976 692/978/978
f 483/977/977 692/978/978 204/979/979
f 204/979/979 692/978/978 693/980/980
f 204/979/979 693/980/980 198/981/981
f 198/981/981 693/980/980 541/982/982
f 198/981/981 541/982/982 197/983/983
f 197/983/983 541/982/982 484/984/984
f 484/984/984 541/982/982 542/985/985
f 484/984/984 542/985/985 485/986/986
f 485/986/986 542/985/985 543/987/987
f 485/986/986 543/987/987 192/988/988
f 192/988/988 543/987/987 544/989/989
f 192/988/988 544/989/989 186/990/990
f 186/990/990 544/989/989 697/991/991
f 186/990/990 697/991/991 486/992/992
f 486/992/992 697/991/991 698/993/993
f 486/992/992 698/993/993 487/994/994
f 487/994/994 698/993/993 699/995/995
f 487/994/994 699/995/995 180/996/996
f 180/996/996 699/995/995 700/997/997
f 180/996/996 700/997/997 174/998/998
f 174/998/998 700/997/997 685/999/999
f 174/998/998 685/999/999 173/1000/1000
f 173/1000/1000 685/999/999 488/1001/1001
f 488/1001/1001 685/999/999 686/1002/1002
f 488/1001/1001 686/1002/1002 489/1003/1003
f 489/1003/1003 686/1002/1002 687/1004/1004
f 489/1003/1003 687/1004/1004 168/1005/1005
f 168/1005/1005 687/1004/1004 688/1006/1006
f 168/1005/1005 688/1006/1006 162/1007/1007
f 162/1007/1007 688/1006/1006 666/1008/1008
f 162/1007/1007 666/1008/1008 490/1009/1009
f 490/1009/1009 666/1008/1008 667/1010/1010
f 490/1009/1009 667/1010/1010 491/1011/1011
f 491/1011/1011 667/1010/1010 668/1012/1012
f 491/1011/1011 668/1012/1012 156/1013/1013
f 156/1013/1013 668/1012/1012 669/1014/1014
f 156/1013/1013 669/1014/1014 150/1015/1015
f 150/1015/1015 669/1014/1014 557/1016/1016
f 150/1015/1015 557/1016/1016 149/1017/1017
f 149/1017/1017 557/1016/1016 492/1018/1018
f 492/1018/1018 557/1016/1016 558/1019/1019
f 492/1018/1018 558/1019/1019 493/1020/1020
f 493/1020/1020 558/1019/1019 559/1021/1021
f 493/1020/1020 559/1021/1021 144/1022/1022
f 144/1022/1022 559/1021/1021 560/1023/1023
f 144/1022/1022 560/1023/1023 138/1024/1024
f 138/1024/1024 560/1023/1023 550/1025/1025
f 138/1024/1024 550/1025/1025 494/1026/1026
f 494/1026/1026 550/1025/1025 551/1027/1027
f 494/1026/1026 551/1027/1027 495/1028/1028
f 495/1028/1028 551/1027/1027 552/1029/1029
f 495/1028/1028 552/1029/1029 132/1030/1030
f 132/1030/1030 552/1029/1029 553/1031/1031
f 132/1030/1030 553/1031/1031 126/1032/1032
f 126/1032/1032 553/1031/1031 525/1033/1033
f 126/1032/1032 525/1033/1033 125/1034/1034
f 125/1034/1034 525/1033/1033 496/1035/1035
f 496/1035/1035 525/1033/1033 526/1036/1036
f 496/1035/1035 526/1036/1036 497/1037/1037
f 497/1037/1037 526/1036/1036 527/1038/1038
f 497/1037/1037 527/1038/1038 120/1039/1039
f 120/1039/1039 527/1038/1038 528/1040/1040
f 120/1039/1039 528/1040/1040 114/1041/1041
f 114/1041/1041 528/1040/1040 574/1042/1042
f 114/1041/1041 574/1042/1042 498/1043/1043
f 498/1043/1043 574/1042/1042 575/1044/1044
f 498/1043/1043 575/1044/1044 499/1045/1045
f 499/1045/1045 575/1044/1044 576/1046/1046
f 499/1045/1045 576/1046/1046 108/1047/1047
f 108/1047/1047 576/1046/1046 577/1048/1048
f 108/1047/1047 577/1048/1048 102/1049/1049
f 102/1049/1049 577/1048/1048 581/1050/1050
f 102/1049/1049 581/1050/1050 101/1051/1051
f 101/1051/1051 581/1050/1050 500/1052/1052
f 500/1052/1052 581/1050/1050 582/1053/1053
f 500/1052/1052 582/1053/1053 501/1054/1054
f 501/1054/1054 582/1053/1053 583/1055/1055
f 501/1054/1054 583/1055/1055 96/1056/1056
f 96/1056/1056 583/1055/1055 584/1057/1057
f 96/1056/1056 584/1057/1057 90/1058/1058
f 90/1058/1058 584/1057/1057 706/1059/1059
f 90/1058/1058 706/1059/1059 502/1060/1060
f 502/1060/1060 706/1059/1059 707/1061/1061
f 502/1060/1060 707/1061/1061 503/1062/1062
f 503/1062/1062 707/1061/1061 708/1063/1063
f 503/1062/1062 708/1063/1063 84/1064/1064
f 84/1064/1064 708/1063/1063 709/1065/1065
f 84/1064/1064 709/1065/1065 78/1066/1066
f 78/1066/1066 709/1065/1065 589/1067/1067
f 78/1066/1066 589/1067/1067 77/1068/1068
f 77/1068/1068 589/1067/1067 504/1069/1069
f 504/1069/1069 589/1067/1067 590/1070/1070
f 504/1069/1069 590/1070/1070 505/1071/1071
f 505/1071/1071 590/1070/1070 591/1072/1072
f 505/1071/1071 591/1072/1072 72/1073/1073
f 72/1073/1073 591/1072/1072 592/1074/1074
f 72/1073/1073 592/1074/1074 66/1075/1075
f 66/1075/1075 592/1074/1074 598/1076/1076
f 66/1075/1075 598/1076/1076 506/1077/1077
f 506/1077/1077 598/1076/1076 599/1078/1078
f 506/1077/1077 599/1078/1078 507/1079/1079
f 507/1079/1079 599/1078/1078 600/1080/1080
f 507/1079/1079 600/1080/1080 60/1081/1081
f 60/1081/1081 600/1080/1080 601/1082/1082
f 60/1081/1081 601/1082/1082 54/1083/1083
f 54/1083/1083 601/1082/1082 605/1084/1084
f 54/1083/1083 605/1084/1084 53/1085/1085
f 53/1085/1085 605/1084/1084 508/1086/1086
f 508/1086/1086 605/1084/1084 606/1087/1087
f 508/1086/1086 606/1087/1087 509/1088/1088
f 509/1088/1088 606/1087/1087 713/1089/1089
f 509/1088/1088 713/1089/1089 607/1090/1090
f 607/1090/1090 713/1089/1089 606/1087/1087
f 537/946/946 12/945/945 536/1091/1091
f 536/1091/1091 12/945/945 514/1092/1092
f 536/1091/1091 514/1092/1092 535/1093/1093
f 535/1093/1093 514/1092/1092 515/1094/1094
f 535/1093/1093 515/1094/1094 534/1095/1095
f 534/1095/1095 515/1094/1094 18/1096/1096
f 534/1095/1095 18/1096/1096 520/1097/1097
f 520/1097/1097 18/1096/1096 24/1098/1098
f 520/1097/1097 24/1098/1098 519/1099/1099
f 519/1099/1099 24/1098/1098 513/1100/1100
f 519/1099/1099 513/1100/1100 518/1101/1101
f 518/1101/1101 513/1100/1100 512/1102/1102
f 518/1101/1101 512/1102/1102 517/1103/1103
f 517/1103/1103 512/1102/1102 29/1104/1104
f 517/1103/1103 29/1104/1104 30/1105/1105
f 515/1094/1094 17/1106/1106 18/1096/1096
f 517/1103/1103 30/1105/1105 653/1107/1107
f 653/1107/1107 30/1105/1105 36/1108/1108
f 653/1107/1107 36/1108/1108 652/1109/1109
f 652/1109/1109 36/1108/1108 511/1110/1110
f 652/1109/1109 511/1110/1110 651/1111/1111
f 651/1111/1111 511/1110/1110 510/1112/1112
f 651/1111/1111 510/1112/1112 650/1113/1113
f 650/1113/1113 510/1112/1112 42/1114/1114
f 650/1113/1113 42/1114/1114 608/1115/1115
f 608/1115/1115 42/1114/1114 48/1116/1116
f 608/1115/1115 48/1116/1116 607/1090/1090
f 607/1090/1090 48/1116/1116 509/1088/1088
f 510/1112/1112 41/1117/1117 42/1114/1114
f 506/1077/1077 65/1118/1118 66/1075/1075
f 502/1060/1060 89/1119/1119 90/1058/1058
f 498/1043/1043 113/1120/1120 114/1041/1041
f 494/1026/1026 137/1121/1121 138/1024/1024
f 490/1009/1009 161/1122/1122 162/1007/1007
f 486/992/992 185/1123/1123 186/990/990
f 482/975/975 209/1124/1124 210/973/973
f 478/958/958 477/1125/1125 516/956/956
f 534/1095/1095 520/1097/1097 533/1126/1126
f 533/1126/1126 520/1097/1097 521/1127/1127
f 533/1126/1126 521/1127/1127 626/1128/1128
f 626/1128/1128 521/1127/1127 522/1129/1129
f 626/1128/1128 522/1129/1129 523/1130/1130
f 626/1128/1128 523/1130/1130 625/1131/1131
f 625/1131/1131 523/1130/1130 524/1132/1132
f 625/1131/1131 524/1132/1132 654/1133/1133
f 654/1133/1133 524/1132/1132 517/1103/1103
f 654/1133/1133 517/1103/1103 653/1107/1107
f 574/1042/1042 528/1040/1040 573/1134/1134
f 573/1134/1134 528/1040/1040 529/1135/1135
f 573/1134/1134 529/1135/1135 648/1136/1136
f 648/1136/1136 529/1135/1135 647/1137/1137
f 647/1137/1137 529/1135/1135 530/1138/1138
f 647/1137/1137 530/1138/1138 531/1139/1139
f 531/1139/1139 532/1140/1140 647/1137/1137
f 647/1137/1137 532/1140/1140 554/1141/1141
f 647/1137/1137 554/1141/1141 646/1142/1142
f 646/1142/1142 554/1141/1141 555/1143/1143
f 646/1142/1142 555/1143/1143 645/1144/1144
f 645/1144/1144 555/1143/1143 556/1145/1145
f 645/1144/1144 556/1145/1145 549/1146/1146
f 532/1140/1140 525/1033/1033 554/1141/1141
f 554/1141/1141 525/1033/1033 553/1031/1031
f 537/946/946 538/1147/1147 673/948/948
f 673/948/948 538/1147/1147 680/1148/1148
f 680/1148/1148 538/1147/1147 629/1149/1149
f 680/1148/1148 629/1149/1149 679/1150/1150
f 679/1150/1150 629/1149/1149 678/1151/1151
f 678/1151/1151 629/1149/1149 677/1152/1152
f 677/1152/1152 629/1149/1149 630/1153/1153
f 677/1152/1152 630/1153/1153 657/1154/1154
f 657/1154/1154 630/1153/1153 664/1155/1155
f 664/1155/1155 630/1153/1153 631/1156/1156
f 664/1155/1155 631/1156/1156 663/1157/1157
f 663/1157/1157 631/1156/1156 632/1158/1158
f 663/1157/1157 632/1158/1158 662/1159/1159
f 662/1159/1159 632/1158/1158 572/1160/1160
f 662/1159/1159 572/1160/1160 565/965/965
f 629/1149/1149 538/1147/1147 628/1161/1161
f 628/1161/1161 538/1147/1147 539/1162/1162
f 628/1161/1161 539/1162/1162 627/1163/1163
f 627/1163/1163 539/1162/1162 540/1164/1164
f 627/1163/1163 540/1164/1164 533/1126/1126
f 697/991/991 544/989/989 704/1165/1165
f 704/1165/1165 544/989/989 545/1166/1166
f 704/1165/1165 545/1166/1166 637/1167/1167
f 637/1167/1167 545/1166/1166 546/1168/1168
f 637/1167/1167 546/1168/1168 636/1169/1169
f 636/1169/1169 546/1168/1168 547/1170/1170
f 636/1169/1169 547/1170/1170 548/1171/1171
f 636/1169/1169 548/1171/1171 694/1172/1172
f 694/1172/1172 548/1171/1171 541/982/982
f 694/1172/1172 541/982/982 693/980/980
f 550/1025/1025 560/1023/1023 549/1146/1146
f 549/1146/1146 560/1023/1023 561/1173/1173
f 549/1146/1146 561/1173/1173 644/1174/1174
f 644/1174/1174 561/1173/1173 562/1175/1175
f 644/1174/1174 562/1175/1175 563/1176/1176
f 644/1174/1174 563/1176/1176 643/1177/1177
f 643/1177/1177 563/1176/1176 564/1178/1178
f 643/1177/1177 564/1178/1178 670/1179/1179
f 670/1179/1179 564/1178/1178 557/1016/1016
f 670/1179/1179 557/1016/1016 669/1014/1014
f 690/974/974 568/972/972 689/1180/1180
f 689/1180/1180 568/972/972 569/1181/1181
f 689/1180/1180 569/1181/1181 633/1182/1182
f 633/1182/1182 569/1181/1181 570/1183/1183
f 633/1182/1182 570/1183/1183 571/1184/1184
f 571/1184/1184 572/1160/1160 633/1182/1182
f 633/1182/1182 572/1160/1160 632/1158/1158
f 577/1048/1048 578/1185/1185 581/1050/1050
f 581/1050/1050 578/1185/1185 588/1186/1186
f 588/1186/1186 578/1185/1185 614/1187/1187
f 588/1186/1186 614/1187/1187 615/1188/1188
f 578/1185/1185 579/1189/1189 614/1187/1187
f 614/1187/1187 579/1189/1189 613/1190/1190
f 613/1190/1190 579/1189/1189 580/1191/1191
f 613/1190/1190 580/1191/1191 648/1136/1136
f 648/1136/1136 580/1191/1191 573/1134/1134
f 706/1059/1059 584/1057/1057 705/1192/1192
f 705/1192/1192 584/1057/1057 585/1193/1193
f 705/1192/1192 585/1193/1193 615/1188/1188
f 615/1188/1188 585/1193/1193 586/1194/1194
f 615/1188/1188 586/1194/1194 587/1195/1195
f 587/1195/1195 588/1186/1186 615/1188/1188
f 598/1076/1076 592/1074/1074 597/1196/1196
f 597/1196/1196 592/1074/1074 593/1197/1197
f 597/1196/1196 593/1197/1197 619/1198/1198
f 619/1198/1198 593/1197/1197 594/1199/1199
f 619/1198/1198 594/1199/1199 618/1200/1200
f 618/1200/1200 594/1199/1199 595/1201/1201
f 618/1200/1200 595/1201/1201 596/1202/1202
f 618/1200/1200 596/1202/1202 710/1203/1203
f 710/1203/1203 596/1202/1202 589/1067/1067
f 710/1203/1203 589/1067/1067 709/1065/1065
f 601/1082/1082 602/1204/1204 605/1084/1084
f 605/1084/1084 602/1204/1204 612/1205/1205
f 612/1205/1205 602/1204/1204 622/1206/1206
f 612/1205/1205 622/1206/1206 611/1207/1207
f 611/1207/1207 622/1206/1206 610/1208/1208
f 610/1208/1208 622/1206/1206 609/1209/1209
f 609/1209/1209 622/1206/1206 649/1210/1210
f 609/1209/1209 649/1210/1210 608/1115/1115
f 608/1115/1115 649/1210/1210 650/1113/1113
f 622/1206/1206 602/1204/1204 621/1211/1211
f 621/1211/1211 602/1204/1204 603/1212/1212
f 621/1211/1211 603/1212/1212 620/1213/1213
f 620/1213/1213 603/1212/1212 604/1214/1214
f 620/1213/1213 604/1214/1214 619/1198/1198
f 619/1198/1198 604/1214/1214 597/1196/1196
f 615/1188/1188 616/1215/1215 705/1192/1192
f 705/1192/1192 616/1215/1215 712/1216/1216
f 712/1216/1216 616/1215/1215 617/1217/1217
f 712/1216/1216 617/1217/1217 711/1218/1218
f 711/1218/1218 617/1217/1217 710/1203/1203
f 710/1203/1203 617/1217/1217 618/1200/1200
f 622/1206/1206 623/1219/1219 649/1210/1210
f 649/1210/1210 623/1219/1219 656/1220/1220
f 656/1220/1220 623/1219/1219 624/1221/1221
f 656/1220/1220 624/1221/1221 655/1222/1222
f 655/1222/1222 624/1221/1221 625/1131/1131
f 655/1222/1222 625/1131/1131 654/1133/1133
f 626/1128/1128 627/1163/1163 533/1126/1126
f 633/1182/1182 634/1223/1223 689/1180/1180
f 689/1180/1180 634/1223/1223 696/1224/1224
f 696/1224/1224 634/1223/1223 635/1225/1225
f 696/1224/1224 635/1225/1225 695/1226/1226
f 695/1226/1226 635/1225/1225 694/1172/1172
f 694/1172/1172 635/1225/1225 636/1169/1169
f 704/1165/1165 637/1167/1167 703/1227/1227
f 703/1227/1227 637/1167/1167 638/1228/1228
f 703/1227/1227 638/1228/1228 702/1229/1229
f 702/1229/1229 638/1228/1228 639/1230/1230
f 702/1229/1229 639/1230/1230 701/1231/1231
f 701/1231/1231 639/1230/1230 640/1232/1232
f 701/1231/1231 640/1232/1232 684/1233/1233
f 684/1233/1233 640/1232/1232 683/1234/1234
f 683/1234/1234 640/1232/1232 714/1235/1235
f 683/1234/1234 714/1235/1235 682/1236/1236
f 682/1236/1236 714/1235/1235 640/1232/1232
f 682/1236/1236 640/1232/1232 681/1237/1237
f 681/1237/1237 640/1232/1232 665/1238/1238
f 681/1237/1237 665/1238/1238 688/1006/1006
f 688/1006/1006 665/1238/1238 666/1008/1008
f 640/1232/1232 641/1239/1239 665/1238/1238
f 665/1238/1238 641/1239/1239 672/1240/1240
f 672/1240/1240 641/1239/1239 642/1241/1241
f 672/1240/1240 642/1241/1241 671/1242/1242
f 671/1242/1242 642/1241/1241 643/1177/1177
f 671/1242/1242 643/1177/1177 670/1179/1179
f 644/1174/1174 645/1144/1144 549/1146/1146
f 677/1152/1152 657/1154/1154 676/955/955
f 676/955/955 657/1154/1154 658/957/957
f 661/963/963 662/1159/1159 565/965/965
f 684/1233/1233 685/999/999 701/1231/1231
f 701/1231/1231 685/999/999 700/997/997
f 476/1243/1243 233/1244/1244 715/1245/1245
f 715/1245/1245 233/1244/1244 232/1246/1246
f 476/1247/1247 715/1248/1248 477/1249/1249
f 477/1249/1249 715/1248/1248 516/1250/1250
f 475/1251/1251 474/1252/1252 716/1253/1253
f 474/1254/1254 473/1255/1255 716/1256/1256
f 231/1257/1257 475/1258/1258 232/1259/1259
f 232/1259/1259 475/1258/1258 716/1260/1260
f 232/1259/1259 716/1260/1260 715/1261/1261
f 715/1261/1261 716/1260/1260 516/1262/1262
f 516/1262/1262 716/1260/1260 473/1263/1263
f 516/1262/1262 473/1263/1263 472/1264/1264
f 403/1265/1265 734/1266/1266 368/1267/1267
f 368/1267/1267 734/1266/1266 735/1268/1268
f 368/1269/1267 735/1270/1268 369/1271/1269
f 369/1271/1269 735/1270/1268 736/1272/1270
f 369/1271/1269 736/1272/1270 370/1273/1271
f 370/1273/1271 736/1272/1270 737/1274/1272
f 370/1273/1271 737/1274/1272 371/1275/1273
f 371/1275/1273 737/1274/1272 738/1276/1274
f 371/1275/1273 738/1276/1274 372/1277/1275
f 372/1277/1275 738/1276/1274 739/1278/1276
f 372/1277/1275 739/1278/1276 373/1279/1277
f 373/1279/1277 739/1278/1276 740/1280/1278
f 373/1279/1277 740/1280/1278 374/1281/1279
f 374/1281/1279 740/1280/1278 741/1282/1280
f 374/1281/1279 741/1282/1280 375/1283/1281
f 375/1283/1281 741/1282/1280 742/1284/1282
f 375/1283/1281 742/1284/1282 376/1285/1283
f 376/1285/1283 742/1284/1282 743/1286/1284
f 376/1285/1283 743/1286/1284 377/1287/1285
f 377/1287/1285 743/1286/1284 744/1288/1286
f 377/1287/1285 744/1288/1286 378/1289/1287
f 378/1289/1287 744/1288/1286 745/1290/1288
f 378/1289/1287 745/1290/1288 379/1291/1289
f 379/1291/1289 745/1290/1288 746/1292/1290
f 379/1291/1289 746/1292/1290 380/1293/1291
f 380/1293/1291 746/1292/1290 747/1294/1292
f 380/1293/1291 747/1294/1292 381/1295/1293
f 381/1295/1293 747/1294/1292 748/1296/1294
f 381/1295/1293 748/1296/1294 382/1297/1295
f 382/1297/1295 748/1296/1294 749/1298/1296
f 382/1297/1295 749/1298/1296 383/1299/1297
f 383/1299/1297 749/1298/1296 750/1300/1298
f 383/1299/1297 750/1300/1298 384/1301/1299
f 384/1301/1299 750/1300/1298 751/1302/1300
f 384/1301/1299 751/1302/1300 385/1303/1301
f 385/1303/1301 751/1302/1300 752/1304/1302
f 385/1303/1301 752/1304/1302 386/1305/1303
f 386/1305/1303 752/1304/1302 717/1306/1304
f 386/1305/1303 717/1306/1304 387/1307/1305
f 387/1307/1305 717/1306/1304 718/1308/1306
f 387/1307/1305 718/1308/1306 388/1309/1307
f 388/1309/1307 718/1308/1306 719/1310/1308
f 388/1309/1307 719/1310/1308 389/1311/1309
f 389/1311/1309 719/1310/1308 720/1312/1310
f 389/1311/1309 720/1312/1310 390/1313/1311
f 390/1313/1311 720/1312/1310 721/1314/1312
f 390/1313/1311 721/1314/1312 391/1315/1313
f 391/1315/1313 721/1314/1312 722/1316/1314
f 391/1315/1313 722/1316/1314 392/1317/1315
f 392/1317/1315 722/1316/1314 723/1318/1316
f 392/1317/1315 723/1318/1316 393/1319/1317
f 393/1319/1317 723/1318/1316 724/1320/1318
f 393/1319/1317 724/1320/1318 394/1321/1319
f 394/1321/1319 724/1320/1318 725/1322/1320
f 394/1321/1319 725/1322/1320 395/1323/1321
f 395/1323/1321 725/1322/1320 726/1324/1322
f 395/1323/1321 726/1324/1322 396/1325/1323
f 396/1325/1323 726/1324/1322 727/1326/1324
f 396/1325/1323 727/1326/1324 397/1327/1325
f 397/1327/1325 727/1326/1324 728/1328/1326
f 397/1327/1325 728/1328/1326 398/1329/1327
f 398/1329/1327 728/1328/1326 729/1330/1328
f 398/1329/1327 729/1330/1328 399/1331/1329
f 399/1331/1329 729/1330/1328 730/1332/1330
f 399/1331/1329 730/1332/1330 400/1333/1331
f 400/1333/1331 730/1332/1330 731/1334/1332
f 400/1333/1331 731/1334/1332 401/1335/1333
f 401/1335/1333 731/1334/1332 732/1336/1334
f 401/1335/1333 732/1336/1334 402/1337/1335
f 402/1337/1335 732/1336/1334 733/1338/1336
f 402/1337/1335 733/1338/1336 403/1265/1265
f 403/1265/1265 733/1338/1336 734/1266/1266
f 754/1339/1337 800/1340/1338 753/1341/1339
f 753/1341/1339 800/1340/1338 777/1342/1340
f 753/1343/1339 777/1344/1340 776/1345/1341
f 776/1345/1341 777/1344/1340 778/1346/1342
f 776/1345/1341 778/1346/1342 775/1347/1343
f 775/1347/1343 778/1346/1342 779/1348/1344
f 775/1347/1343 779/1348/1344 774/1349/1345
f 774/1349/1345 779/1348/1344 780/1350/1346
f 774/1349/1345 780/1350/1346 773/1351/1347
f 773/1351/1347 780/1350/1346 781/1352/1348
f 773/1351/1347 781/1352/1348 772/1353/1349
f 772/1353/1349 781/1352/1348 782/1354/1350
f 772/1353/1349 782/1354/1350 771/1355/1351
f 771/1355/1351 782/1354/1350 783/1356/1352
f 771/1355/1351 783/1356/1352 770/1357/1353
f 770/1357/1353 783/1356/1352 784/1358/1354
f 770/1357/1353 784/1358/1354 769/1359/1355
f 769/1359/1355 784/1358/1354 785/1360/1356
f 769/1359/1355 785/1360/1356 768/1361/1357
f 768/1361/1357 785/1360/1356 786/1362/1358
f 768/1361/1357 786/1362/1358 767/1363/1359
f 767/1363/1359 786/1362/1358 787/1364/1360
f 767/1363/1359 787/1364/1360 766/1365/1361
f 766/1365/1361 787/1364/1360 788/1366/1362
f 766/1365/1361 788/1366/1362 765/1367/1363
f 765/1367/1363 788/1366/1362 789/1368/1364
f 765/1367/1363 789/1368/1364 764/1369/1365
f 764/1369/1365 789/1368/1364 790/1370/1366
f 764/1369/1365 790/1370/1366 763/1371/1367
f 763/1371/1367 790/1370/1366 791/1372/1368
f 763/1371/1367 791/1372/1368 762/1373/1369
f 762/1373/1369 791/1372/1368 792/1374/1370
f 762/1373/1369 792/1374/1370 761/1375/1371
f 761/1375/1371 792/1374/1370 793/1376/1372
f 761/1375/1371 793/1376/1372 760/1377/1373
f 760/1377/1373 793/1376/1372 794/1378/1374
f 760/1377/1373 794/1378/1374 759/1379/1375
f 759/1379/1375 794/1378/1374 795/1380/1376
f 759/1379/1375 795/1380/1376 758/1381/1377
f 758/1381/1377 795/1380/1376 796/1382/1378
f 758/1381/1377 796/1382/1378 757/1383/1379
f 757/1383/1379 796/1382/1378 797/1384/1380
f 757/1383/1379 797/1384/1380 756/1385/1381
f 756/1385/1381 797/1384/1380 798/1386/1382
f 756/1385/1381 798/1386/1382 755/1387/1383
f 755/1387/1383 798/1386/1382 799/1388/1384
f 755/1387/1383 799/1388/1384 754/1339/1337
f 754/1339/1337 799/1388/1384 800/1340/1338
f 802/1389/1385 848/1390/1386 801/1391/1387
f 801/1391/1387 848/1390/1386 825/1392/1388
f 801/1393/1387 825/1394/1388 824/1395/1389
f 824/1395/1389 825/1394/1388 826/1396/1390
f 824/1395/1389 826/1396/1390 823/1397/1391
f 823/1397/1391 826/1396/1390 827/1398/1392
f 823/1397/1391 827/1398/1392 822/1399/1393
f 822/1399/1393 827/1398/1392 828/1400/1394
f 822/1399/1393 828/1400/1394 821/1401/1395
f 821/1401/1395 828/1400/1394 829/1402/1396
f 821/1401/1395 829/1402/1396 820/1403/1397
f 820/1403/1397 829/1402/1396 830/1404/1398
f 820/1403/1397 830/1404/1398 819/1405/1399
f 819/1405/1399 830/1404/1398 831/1406/1400
f 819/1405/1399 831/1406/1400 818/1407/1401
f 818/1407/1401 831/1406/1400 832/1408/1402
f 818/1407/1401 832/1408/1402 817/1409/1403
f 817/1409/1403 832/1408/1402 833/1410/1404
f 817/1409/1403 833/1410/1404 816/1411/1405
f 816/1411/1405 833/1410/1404 834/1412/1406
f 816/1411/1405 834/1412/1406 815/1413/1407
f 815/1413/1407 834/1412/1406 835/1414/1408
f 815/1413/1407 835/1414/1408 814/1415/1409
f 814/1415/1409 835/1414/1408 836/1416/1410
f 814/1415/1409 836/1416/1410 813/1417/1411
f 813/1417/1411 836/1416/1410 837/1418/1412
f 813/1417/1411 837/1418/1412 812/1419/1413
f 812/1419/1413 837/1418/1412 838/1420/1414
f 812/1419/1413 838/1420/1414 811/1421/1415
f 811/1421/1415 838/1420/1414 839/1422/1416
f 811/1421/1415 839/1422/1416 810/1423/1417
f 810/1423/1417 839/1422/1416 840/1424/1418
f 810/1423/1417 840/1424/1418 809/1425/1419
f 809/1425/1419 840/1424/1418 841/1426/1420
f 809/1425/1419 841/1426/1420 808/1427/1421
f 808/1427/1421 841/1426/1420 842/1428/1422
f 808/1427/1421 842/1428/1422 807/1429/1423
f 807/1429/1423 842/1428/1422 843/1430/1424
f 807/1429/1423 843/1430/1424 806/1431/1425
f 806/1431/1425 843/1430/1424 844/1432/1426
f 806/1431/1425 844/1432/1426 805/1433/1427
f 805/1433/1427 844/1432/1426 845/1434/1428
f 805/1433/1427 845/1434/1428 804/1435/1429
f 804/1435/1429 845/1434/1428 846/1436/1430
f 804/1435/1429 846/1436/1430 803/1437/1431
f 803/1437/1431 846/1436/1430 847/1438/1432
f 803/1437/1431 847/1438/1432 802/1389/1385
f 802/1389/1385 847/1438/1432 848/1390/1386
f 850/1439/1433 914/1440/1434 849/1441/1435
f 849/1441/1435 914/1440/1434 882/1442/1436
f 849/1443/1435 882/1444/1436 881/1445/1437
f 881/1445/1437 882/1444/1436 883/1446/1438
f 881/1445/1437 883/1446/1438 880/1447/1439
f 880/1447/1439 883/1446/1438 884/1448/1440
f 880/1447/1439 884/1448/1440 879/1449/1441
f 879/1449/1441 884/1448/1440 885/1450/1442
f 879/1449/1441 885/1450/1442 878/1451/1443
f 878/1451/1443 885/1450/1442 886/1452/1444
f 878/1451/1443 886/1452/1444 877/1453/1445
f 877/1453/1445 886/1452/1444 887/1454/1446
f 877/1453/1445 887/1454/1446 876/1455/1447
f 876/1455/1447 887/1454/1446 888/1456/1448
f 876/1455/1447 888/1456/1448 875/1457/1449
f 875/1457/1449 888/1456/1448 889/1458/1450
f 875/1457/1449 889/1458/1450 874/1459/1451
f 874/1459/1451 889/1458/1450 890/1460/1452
f 874/1459/1451 890/1460/1452 873/1461/1453
f 873/1461/1453 890/1460/1452 891/1462/1454
f 873/1461/1453 891/1462/1454 872/1463/1455
f 872/1463/1455 891/1462/1454 892/1464/1456
f 872/1463/1455 892/1464/1456 871/1465/1457
f 871/1465/1457 892/1464/1456 893/1466/1458
f 871/1465/1457 893/1466/1458 870/1467/1459
f 870/1467/1459 893/1466/1458 894/1468/1460
f 870/1467/1459 894/1468/1460 869/1469/1461
f 869/1469/1461 894/1468/1460 895/1470/1462
f 869/1469/1461 895/1470/1462 868/1471/1463
f 868/1471/1463 895/1470/1462 896/1472/1464
f 868/1471/1463 896/1472/1464 867/1473/1465
f 867/1473/1465 896/1472/1464 897/1474/1466
f 867/1473/1465 897/1474/1466 866/1475/1467
f 866/1475/1467 897/1474/1466 898/1476/1468
f 866/1475/1467 898/1476/1468 865/1477/1469
f 865/1477/1469 898/1476/1468 899/1478/1470
f 865/1477/1469 899/1478/1470 864/1479/1471
f 864/1479/1471 899/1478/1470 900/1480/1472
f 864/1479/1471 900/1480/1472 863/1481/1473
f 863/1481/1473 900/1480/1472 901/1482/1474
f 863/1481/1473 901/1482/1474 862/1483/1475
f 862/1483/1475 901/1482/1474 902/1484/1476
f 862/1483/1475 902/1484/1476 861/1485/1477
f 861/1485/1477 902/1484/1476 903/1486/1478
f 861/1485/1477 903/1486/1478 860/1487/1479
f 860/1487/1479 903/1486/1478 904/1488/1480
f 860/1487/1479 904/1488/1480 859/1489/1481
f 859/1489/1481 904/1488/1480 905/1490/1482
f 859/1489/1481 905/1490/1482 858/1491/1483
f 858/1491/1483 905/1490/1482 906/1492/1484
f 858/1491/1483 906/1492/1484 857/1493/1485
f 857/1493/1485 906/1492/1484 907/1494/1486
f 857/1493/1485 907/1494/1486 856/1495/1487
f 856/1495/1487 907/1494/1486 908/1496/1488
f 856/1495/1487 908/1496/1488 855/1497/1489
f 855/1497/1489 908/1496/1488 909/1498/1490
f 855/1497/1489 909/1498/1490 854/1499/1491
f 854/1499/1491 909/1498/1490 910/1500/1492
f 854/1499/1491 910/1500/1492 853/1501/1493
f 853/1501/1493 910/1500/1492 911/1502/1494
f 853/1501/1493 911/1502/1494 852/1503/1495
f 852/1503/1495 911/1502/1494 912/1504/1496
f 852/1503/1495 912/1504/1496 851/1505/1497
f 851/1505/1497 912/1504/1496 913/1506/1498
f 851/1505/1497 913/1506/1498 850/1439/1433
f 850/1439/1433 913/1506/1498 914/1440/1434
f 916/1507/1499 962/1508/1500 915/1509/1501
f 915/1509/1501 962/1508/1500 939/1510/1502
f 915/1511/1501 939/1512/1502 938/1513/1503
f 938/1513/1503 939/1512/1502 940/1514/1504
f 938/1513/1503 940/1514/1504 937/1515/1505
f 937/1515/1505 940/1514/1504 941/1516/1506
f 937/1515/1505 941/1516/1506 936/1517/1507
f 936/1517/1507 941/1516/1506 942/1518/1508
f 936/1517/1507 942/1518/1508 935/1519/1509
f 935/1519/1509 942/1518/1508 943/1520/1510
f 935/1519/1509 943/1520/1510 934/1521/1511
f 934/1521/1511 943/1520/1510 944/1522/1512
f 934/1521/1511 944/1522/1512 933/1523/1513
f 933/1523/1513 944/1522/1512 945/1524/1514
f 933/1523/1513 945/1524/1514 932/1525/1515
f 932/1525/1515 945/1524/1514 946/1526/1516
f 932/1525/1515 946/1526/1516 931/1527/1517
f 931/1527/1517 946/1526/1516 947/1528/1518
f 931/1527/1517 947/1528/1518 930/1529/1519
f 930/1529/1519 947/1528/1518 948/1530/1520
f 930/1529/1519 948/1530/1520 929/1531/1521
f 929/1531/1521 948/1530/1520 949/1532/1522
f 929/1531/1521 949/1532/1522 928/1533/1523
f 928/1533/1523 949/1532/1522 950/1534/1524
f 928/1533/1523 950/1534/1524 927/1535/1525
f 927/1535/1525 950/1534/1524 951/1536/1526
f 927/1535/1525 951/1536/1526 926/1537/1527
f 926/1537/1527 951/1536/1526 952/1538/1528
f 926/1537/1527 952/1538/1528 925/1539/1529
f 925/1539/1529 952/1538/1528 953/1540/1530
f 925/1539/1529 953/1540/1530 924/1541/1531
f 924/1541/1531 953/1540/1530 954/1542/1532
f 924/1541/1531 954/1542/1532 923/1543/1533
f 923/1543/1533 954/1542/1532 955/1544/1534
f 923/1543/1533 955/1544/1534 922/1545/1535
f 922/1545/1535 955/1544/1534 956/1546/1536
f 922/1545/1535 956/1546/1536 921/1547/1537
f 921/1547/1537 956/1546/1536 957/1548/1538
f 921/1547/1537 957/1548/1538 920/1549/1539
f 920/1549/1539 957/1548/1538 958/1550/1540
f 920/1549/1539 958/1550/1540 919/1551/1541
f 919/1551/1541 958/1550/1540 959/1552/1542
f 919/1551/1541 959/1552/1542 918/1553/1543
f 918/1553/1543 959/1552/1542 960/1554/1544
f 918/1553/1543 960/1554/1544 917/1555/1545
f 917/1555/1545 960/1554/1544 961/1556/1546
f 917/1555/1545 961/1556/1546 916/1507/1499
f 916/1507/1499 961/1556/1546 962/1508/1500
f 964/1557/1547 1010/1558/1548 963/1559/1549
f 963/1559/1549 1010/1558/1548 987/1560/1550
f 963/1561/1549 987/1562/1550 986/1563/1551
f 986/1563/1551 987/1562/1550 988/1564/1552
f 986/1563/1551 988/1564/1552 985/1565/1553
f 985/1565/1553 988/1564/1552 989/1566/1554
f 985/1565/1553 989/1566/1554 984/1567/1555
f 984/1567/1555 989/1566/1554 990/1568/1556
f 984/1567/1555 990/1568/1556 983/1569/1557
f 983/1569/1557 990/1568/1556 991/1570/1558
f 983/1569/1557 991/1570/1558 982/1571/1559
f 982/1571/1559 991/1570/1558 992/1572/1560
f 982/1571/1559 992/1572/1560 981/1573/1561
f 981/1573/1561 992/1572/1560 993/1574/1562
f 981/1573/1561 993/1574/1562 980/1575/1563
f 980/1575/1563 993/1574/1562 994/1576/1564
f 980/1575/1563 994/1576/1564 979/1577/1565
f 979/1577/1565 994/1576/1564 995/1578/1566
f 979/1577/1565 995/1578/1566 978/1579/1567
f 978/1579/1567 995/1578/1566 996/1580/1568
f 978/1579/1567 996/1580/1568 977/1581/1569
f 977/1581/1569 996/1580/1568 997/1582/1570
f 977/1581/1569 997/1582/1570 976/1583/1571
f 976/1583/1571 997/1582/1570 998/1584/1572
f 976/1583/1571 998/1584/1572 975/1585/1573
f 975/1585/1573 998/1584/1572 999/1586/1574
f 975/1585/1573 999/1586/1574 974/1587/1575
f 974/1587/1575 999/1586/1574 1000/1588/1576
f 974/1587/1575 1000/1588/1576 973/1589/1577
f 973/1589/1577 1000/1588/1576 1001/1590/1578
f 973/1589/1577 1001/1590/1578 972/1591/1579
f 972/1591/1579 1001/1590/1578 1002/1592/1580
f 972/1591/1579 1002/1592/1580 971/1593/1581
f 971/1593/1581 1002/1592/1580 1003/1594/1582
f 971/1593/1581 1003/1594/1582 970/1595/1583
f 970/1595/1583 1003/1594/1582 1004/1596/1584
f 970/1595/1583 1004/1596/1584 969/1597/1585
f 969/1597/1585 1004/1596/1584 1005/1598/1586
f 969/1597/1585 1005/1598/1586 968/1599/1587
f 968/1599/1587 1005/1598/1586 1006/1600/1588
f 968/1599/1587 1006/1600/1588 967/1601/1589
f 967/1601/1589 1006/1600/1588 1007/1602/1590
f 967/1601/1589 1007/1602/1590 966/1603/1591
f 966/1603/1591 1007/1602/1590 1008/1604/1592
f 966/1603/1591 1008/1604/1592 965/1605/1593
f 965/1605/1593 1008/1604/1592 1009/1606/1594
f 965/1605/1593 1009/1606/1594 964/1557/1547
f 964/1557/1547 1009/1606/1594 1010/1558/1548
f 964/1607/1595 963/1608/1596 745/1609/1597
f 745/1609/1597 963/1608/1596 986/1610/1598
f 745/1609/1597 986/1610/1598 856/1611/1599
f 856/1611/1599 986/1610/1598 857/1612/1600
f 857/1612/1600 986/1610/1598 985/1613/1601
f 857/1612/1600 985/1613/1601 984/1614/1602
f 984/1614/1602 983/1615/1603 857/1612/1600
f 857/1612/1600 983/1615/1603 982/1616/1604
f 857/1612/1600 982/1616/1604 981/1617/1605
f 981/1617/1605 980/1618/1606 857/1612/1600
f 857/1612/1600 980/1618/1606 858/1619/1607
f 858/1619/1607 980/1618/1606 979/1620/1608
f 858/1619/1607 979/1620/1608 978/1621/1609
f 978/1621/1609 977/1622/1610 858/1619/1607
f 858/1619/1607 977/1622/1610 976/1623/1611
f 858/1619/1607 976/1623/1611 975/1624/1612
f 858/1619/1607 975/1624/1612 743/1625/1613
f 743/1625/1613 975/1624/1612 974/1626/1614
f 743/1625/1613 974/1626/1614 973/1627/1615
f 973/1627/1615 972/1628/1616 743/1625/1613
f 743/1625/1613 972/1628/1616 744/1629/1617
f 744/1629/1617 972/1628/1616 971/1630/1618
f 744/1629/1617 971/1630/1618 970/1631/1619
f 970/1631/1619 969/1632/1620 744/1629/1617
f 744/1629/1617 969/1632/1620 968/1633/1621
f 744/1629/1617 968/1633/1621 967/1634/1622
f 967/1634/1622 966/1635/1623 744/1629/1617
f 744/1629/1617 966/1635/1623 745/1609/1597
f 745/1609/1597 966/1635/1623 965/1636/1624
f 745/1609/1597 965/1636/1624 964/1607/1595
f 916/1637/1625 915/1638/1626 717/1639/1627
f 717/1639/1627 915/1638/1626 938/1640/1628
f 717/1639/1627 938/1640/1628 937/1641/1629
f 937/1641/1629 936/1642/1630 717/1639/1627
f 717/1639/1627 936/1642/1630 718/1643/1631
f 718/1643/1631 936/1642/1630 935/1644/1632
f 718/1643/1631 935/1644/1632 934/1645/1633
f 934/1645/1633 933/1646/1634 718/1643/1631
f 718/1643/1631 933/1646/1634 881/1647/1635
f 718/1643/1631 881/1647/1635 719/1648/1636
f 719/1648/1636 881/1647/1635 880/1649/1637
f 719/1648/1636 880/1649/1637 720/1650/1638
f 720/1650/1638 880/1649/1637 879/1651/1639
f 720/1650/1638 879/1651/1639 721/1652/1640
f 721/1652/1640 879/1651/1639 878/1653/1641
f 721/1652/1640 878/1653/1641 722/1654/1642
f 722/1654/1642 878/1653/1641 877/1655/1643
f 722/1654/1642 877/1655/1643 723/1656/1644
f 723/1656/1644 877/1655/1643 876/1657/1645
f 723/1656/1644 876/1657/1645 724/1658/1646
f 724/1658/1646 876/1657/1645 875/1659/1647
f 724/1658/1646 875/1659/1647 725/1660/1648
f 725/1660/1648 875/1659/1647 754/1661/1649
f 725/1660/1648 754/1661/1649 753/1662/1650
f 933/1646/1634 932/1663/1651 881/1647/1635
f 881/1647/1635 932/1663/1651 931/1664/1652
f 881/1647/1635 931/1664/1652 930/1665/1653
f 881/1647/1635 930/1665/1653 849/1666/1654
f 849/1666/1654 930/1665/1653 929/1667/1655
f 849/1666/1654 929/1667/1655 928/1668/1656
f 928/1668/1656 927/1669/1657 849/1666/1654
f 849/1666/1654 927/1669/1657 926/1670/1658
f 849/1666/1654 926/1670/1658 925/1671/1659
f 925/1671/1659 924/1672/1660 849/1666/1654
f 849/1666/1654 924/1672/1660 850/1673/1661
f 850/1673/1661 924/1672/1660 923/1674/1662
f 850/1673/1661 923/1674/1662 922/1675/1663
f 922/1675/1663 921/1676/1664 850/1673/1661
f 850/1673/1661 921/1676/1664 752/1677/1665
f 850/1673/1661 752/1677/1665 751/1678/1666
f 921/1676/1664 920/1679/1667 752/1677/1665
f 752/1677/1665 920/1679/1667 919/1680/1668
f 752/1677/1665 919/1680/1668 918/1681/1669
f 752/1677/1665 918/1681/1669 717/1639/1627
f 717/1639/1627 918/1681/1669 917/1682/1670
f 717/1639/1627 917/1682/1670 916/1637/1625
f 875/1659/1647 874/1683/1671 754/1661/1649
f 754/1661/1649 874/1683/1671 755/1684/1672
f 755/1684/1672 874/1683/1671 756/1685/1673
f 756/1685/1673 874/1683/1671 757/1686/1674
f 757/1686/1674 874/1683/1671 758/1687/1675
f 758/1687/1675 874/1683/1671 759/1688/1676
f 759/1688/1676 874/1683/1671 760/1689/1677
f 760/1689/1677 874/1683/1671 873/1690/1678
f 760/1689/1677 873/1690/1678 761/1691/1679
f 761/1691/1679 873/1690/1678 762/1692/1680
f 762/1692/1680 873/1690/1678 763/1693/1681
f 763/1693/1681 873/1690/1678 764/1694/1682
f 764/1694/1682 873/1690/1678 765/1695/1683
f 765/1695/1683 873/1690/1678 727/1696/1684
f 765/1695/1683 727/1696/1684 766/1697/1685
f 766/1697/1685 727/1696/1684 767/1698/1686
f 767/1698/1686 727/1696/1684 768/1699/1687
f 768/1699/1687 727/1696/1684 726/1700/1688
f 768/1699/1687 726/1700/1688 769/1701/1689
f 769/1701/1689 726/1700/1688 770/1702/1690
f 770/1702/1690 726/1700/1688 771/1703/1691
f 771/1703/1691 726/1700/1688 772/1704/1692
f 772/1704/1692 726/1700/1688 773/1705/1693
f 773/1705/1693 726/1700/1688 774/1706/1694
f 774/1706/1694 726/1700/1688 725/1660/1648
f 774/1706/1694 725/1660/1648 775/1707/1695
f 775/1707/1695 725/1660/1648 776/1708/1696
f 776/1708/1696 725/1660/1648 753/1662/1650
f 873/1690/1678 872/1709/1697 727/1696/1684
f 727/1696/1684 872/1709/1697 728/1710/1698
f 728/1710/1698 872/1709/1697 871/1711/1699
f 728/1710/1698 871/1711/1699 729/1712/1700
f 729/1712/1700 871/1711/1699 730/1713/1701
f 730/1713/1701 871/1711/1699 870/1714/1702
f 730/1713/1701 870/1714/1702 731/1715/1703
f 731/1715/1703 870/1714/1702 869/1716/1704
f 731/1715/1703 869/1716/1704 732/1717/1705
f 732/1717/1705 869/1716/1704 868/1718/1706
f 732/1717/1705 868/1718/1706 733/1719/1707
f 733/1719/1707 868/1718/1706 867/1720/1708
f 733/1719/1707 867/1720/1708 734/1721/1709
f 734/1721/1709 867/1720/1708 866/1722/1710
f 734/1721/1709 866/1722/1710 819/1723/1711
f 819/1723/1711 866/1722/1710 820/1724/1712
f 820/1724/1712 866/1722/1710 821/1725/1713
f 821/1725/1713 866/1722/1710 822/1726/1714
f 822/1726/1714 866/1722/1710 823/1727/1715
f 823/1727/1715 866/1722/1710 824/1728/1716
f 824/1728/1716 866/1722/1710 801/1729/1717
f 801/1729/1717 866/1722/1710 865/1730/1718
f 801/1729/1717 865/1730/1718 802/1731/1719
f 802/1731/1719 865/1730/1718 803/1732/1720
f 803/1732/1720 865/1730/1718 804/1733/1721
f 804/1733/1721 865/1730/1718 805/1734/1722
f 805/1734/1722 865/1730/1718 806/1735/1723
f 806/1735/1723 865/1730/1718 807/1736/1724
f 807/1736/1724 865/1730/1718 736/1737/1725
f 807/1736/1724 736/1737/1725 808/1738/1726
f 808/1738/1726 736/1737/1725 809/1739/1727
f 809/1739/1727 736/1737/1725 810/1740/1728
f 810/1740/1728 736/1737/1725 735/1741/1729
f 810/1740/1728 735/1741/1729 811/1742/1730
f 811/1742/1730 735/1741/1729 812/1743/1731
f 812/1743/1731 735/1741/1729 813/1744/1732
f 813/1744/1732 735/1741/1729 814/1745/1733
f 814/1745/1733 735/1741/1729 815/1746/1734
f 815/1746/1734 735/1741/1729 816/1747/1735
f 816/1747/1735 735/1741/1729 734/1721/1709
f 816/1747/1735 734/1721/1709 817/1748/1736
f 817/1748/1736 734/1721/1709 818/1749/1737
f 818/1749/1737 734/1721/1709 819/1723/1711
f 865/1730/1718 864/1750/1738 736/1737/1725
f 736/1737/1725 864/1750/1738 737/1751/1739
f 737/1751/1739 864/1750/1738 863/1752/1740
f 737/1751/1739 863/1752/1740 738/1753/1741
f 738/1753/1741 863/1752/1740 862/1754/1742
f 738/1753/1741 862/1754/1742 739/1755/1743
f 739/1755/1743 862/1754/1742 861/1756/1744
f 739/1755/1743 861/1756/1744 740/1757/1745
f 740/1757/1745 861/1756/1744 860/1758/1746
f 740/1757/1745 860/1758/1746 741/1759/1747
f 741/1759/1747 860/1758/1746 742/1760/1748
f 742/1760/1748 860/1758/1746 859/1761/1749
f 742/1760/1748 859/1761/1749 743/1625/1613
f 743/1625/1613 859/1761/1749 858/1619/1607
f 745/1609/1597 856/1611/1599 746/1762/1750
f 746/1762/1750 856/1611/1599 855/1763/1751
f 746/1762/1750 855/1763/1751 747/1764/1752
f 747/1764/1752 855/1763/1751 854/1765/1753
f 747/1764/1752 854/1765/1753 748/1766/1754
f 748/1766/1754 854/1765/1753 853/1767/1755
f 748/1766/1754 853/1767/1755 749/1768/1756
f 749/1768/1756 853/1767/1755 852/1769/1757
f 749/1768/1756 852/1769/1757 750/1770/1758
f 750/1770/1758 852/1769/1757 851/1771/1759
f 750/1770/1758 851/1771/1759 751/1678/1666
f 751/1678/1666 851/1771/1759 850/1673/1661
f 988/1772/1760 987/1773/1761 1021/1774/1762
f 1021/1774/1762 987/1773/1761 1010/1775/1763
f 1021/1774/1762 1010/1775/1763 1009/1776/1764
f 1009/1776/1764 1008/1777/1765 1021/1774/1762
f 1021/1774/1762 1008/1777/1765 1020/1778/1766
f 1020/1778/1766 1008/1777/1765 1007/1779/1767
f 1020/1778/1766 1007/1779/1767 1006/1780/1768
f 1006/1780/1768 1005/1781/1769 1020/1778/1766
f 1020/1778/1766 1005/1781/1769 1004/1782/1770
f 1020/1778/1766 1004/1782/1770 1003/1783/1771
f 1003/1783/1771 1002/1784/1772 1020/1778/1766
f 1020/1778/1766 1002/1784/1772 1019/1785/1773
f 1019/1785/1773 1002/1784/1772 1001/1786/1774
f 1019/1785/1773 1001/1786/1774 1000/1787/1775
f 1000/1787/1775 999/1788/1776 1019/1785/1773
f 1019/1785/1773 999/1788/1776 906/1789/1777
f 1019/1785/1773 906/1789/1777 905/1790/1778
f 999/1788/1776 998/1791/1779 906/1789/1777
f 906/1789/1777 998/1791/1779 997/1792/1780
f 906/1789/1777 997/1792/1780 996/1793/1781
f 996/1793/1781 995/1794/1782 906/1789/1777
f 906/1789/1777 995/1794/1782 994/1795/1783
f 906/1789/1777 994/1795/1783 907/1796/1784
f 907/1796/1784 994/1795/1783 993/1797/1785
f 907/1796/1784 993/1797/1785 992/1798/1786
f 992/1798/1786 991/1799/1787 907/1796/1784
f 907/1796/1784 991/1799/1787 990/1800/1788
f 907/1796/1784 990/1800/1788 989/1801/1789
f 989/1801/1789 988/1772/1760 907/1796/1784
f 907/1796/1784 988/1772/1760 908/1802/1790
f 908/1802/1790 988/1772/1760 1021/1774/1762
f 908/1802/1790 1021/1774/1762 1022/1803/1791
f 940/1804/1792 939/1805/1793 1029/1806/1794
f 1029/1806/1794 939/1805/1793 962/1807/1795
f 1029/1806/1794 962/1807/1795 961/1808/1796
f 961/1808/1796 960/1809/1797 1029/1806/1794
f 1029/1806/1794 960/1809/1797 1028/1810/1798
f 1028/1810/1798 960/1809/1797 959/1811/1799
f 1028/1810/1798 959/1811/1799 958/1812/1800
f 958/1812/1800 957/1813/1801 1028/1810/1798
f 1028/1810/1798 957/1813/1801 914/1814/1802
f 1028/1810/1798 914/1814/1802 1027/1815/1803
f 1027/1815/1803 914/1814/1802 913/1816/1804
f 1027/1815/1803 913/1816/1804 1026/1817/1805
f 1026/1817/1805 913/1816/1804 912/1818/1806
f 1026/1817/1805 912/1818/1806 1025/1819/1807
f 1025/1819/1807 912/1818/1806 911/1820/1808
f 1025/1819/1807 911/1820/1808 1024/1821/1809
f 1024/1821/1809 911/1820/1808 910/1822/1810
f 1024/1821/1809 910/1822/1810 1023/1823/1811
f 1023/1823/1811 910/1822/1810 909/1824/1812
f 1023/1823/1811 909/1824/1812 1022/1803/1791
f 1022/1803/1791 909/1824/1812 908/1802/1790
f 957/1813/1801 956/1825/1813 914/1814/1802
f 914/1814/1802 956/1825/1813 955/1826/1814
f 914/1814/1802 955/1826/1814 954/1827/1815
f 914/1814/1802 954/1827/1815 882/1828/1816
f 882/1828/1816 954/1827/1815 953/1829/1817
f 882/1828/1816 953/1829/1817 952/1830/1818
f 952/1830/1818 951/1831/1819 882/1828/1816
f 882/1828/1816 951/1831/1819 950/1832/1820
f 882/1828/1816 950/1832/1820 949/1833/1821
f 949/1833/1821 948/1834/1822 882/1828/1816
f 882/1828/1816 948/1834/1822 883/1835/1823
f 883/1835/1823 948/1834/1822 947/1836/1824
f 883/1835/1823 947/1836/1824 946/1837/1825
f 946/1837/1825 945/1838/1826 883/1835/1823
f 883/1835/1823 945/1838/1826 1030/1839/1827
f 883/1835/1823 1030/1839/1827 1031/1840/1828
f 945/1838/1826 944/1841/1829 1030/1839/1827
f 1030/1839/1827 944/1841/1829 943/1842/1830
f 1030/1839/1827 943/1842/1830 942/1843/1831
f 1030/1839/1827 942/1843/1831 1029/1806/1794
f 1029/1806/1794 942/1843/1831 941/1844/1832
f 1029/1806/1794 941/1844/1832 940/1804/1792
f 1019/1785/1773 905/1790/1778 1018/1845/1833
f 1018/1845/1833 905/1790/1778 904/1846/1834
f 1018/1845/1833 904/1846/1834 1017/1847/1835
f 1017/1847/1835 904/1846/1834 1016/1848/1836
f 1016/1848/1836 904/1846/1834 903/1849/1837
f 1016/1848/1836 903/1849/1837 1015/1850/1838
f 1015/1850/1838 903/1849/1837 902/1851/1839
f 1015/1850/1838 902/1851/1839 1014/1852/1840
f 1014/1852/1840 902/1851/1839 901/1853/1841
f 1014/1852/1840 901/1853/1841 1013/1854/1842
f 1013/1854/1842 901/1853/1841 900/1855/1843
f 1013/1854/1842 900/1855/1843 1012/1856/1844
f 1012/1856/1844 900/1855/1843 899/1857/1845
f 1012/1856/1844 899/1857/1845 843/1858/1846
f 843/1858/1846 899/1857/1845 844/1859/1847
f 844/1859/1847 899/1857/1845 845/1860/1848
f 845/1860/1848 899/1857/1845 846/1861/1849
f 846/1861/1849 899/1857/1845 847/1862/1850
f 847/1862/1850 899/1857/1845 848/1863/1851
f 848/1863/1851 899/1857/1845 825/1864/1852
f 825/1864/1852 899/1857/1845 898/1865/1853
f 825/1864/1852 898/1865/1853 826/1866/1854
f 826/1866/1854 898/1865/1853 827/1867/1855
f 827/1867/1855 898/1865/1853 828/1868/1856
f 828/1868/1856 898/1865/1853 829/1869/1857
f 829/1869/1857 898/1865/1853 830/1870/1858
f 830/1870/1858 898/1865/1853 831/1871/1859
f 831/1871/1859 898/1865/1853 1046/1872/1860
f 831/1871/1859 1046/1872/1860 832/1873/1861
f 832/1873/1861 1046/1872/1860 833/1874/1862
f 833/1874/1862 1046/1872/1860 834/1875/1863
f 834/1875/1863 1046/1872/1860 1011/1876/1864
f 834/1875/1863 1011/1876/1864 835/1877/1865
f 835/1877/1865 1011/1876/1864 836/1878/1866
f 836/1878/1866 1011/1876/1864 837/1879/1867
f 837/1879/1867 1011/1876/1864 838/1880/1868
f 838/1880/1868 1011/1876/1864 839/1881/1869
f 839/1881/1869 1011/1876/1864 840/1882/1870
f 840/1882/1870 1011/1876/1864 1012/1856/1844
f 840/1882/1870 1012/1856/1844 841/1883/1871
f 841/1883/1871 1012/1856/1844 842/1884/1872
f 842/1884/1872 1012/1856/1844 843/1858/1846
f 898/1865/1853 897/1885/1873 1046/1872/1860
f 1046/1872/1860 897/1885/1873 1045/1886/1874
f 1045/1886/1874 897/1885/1873 896/1887/1875
f 1045/1886/1874 896/1887/1875 1044/1888/1876
f 1044/1888/1876 896/1887/1875 895/1889/1877
f 1044/1888/1876 895/1889/1877 1043/1890/1878
f 1043/1890/1878 895/1889/1877 894/1891/1879
f 1043/1890/1878 894/1891/1879 1042/1892/1880
f 1042/1892/1880 894/1891/1879 893/1893/1881
f 1042/1892/1880 893/1893/1881 1041/1894/1882
f 1041/1894/1882 893/1893/1881 1040/1895/1883
f 1040/1895/1883 893/1893/1881 892/1896/1884
f 1040/1895/1883 892/1896/1884 1039/1897/1885
f 1039/1897/1885 892/1896/1884 891/1898/1886
f 1039/1897/1885 891/1898/1886 789/1899/1887
f 789/1899/1887 891/1898/1886 790/1900/1888
f 790/1900/1888 891/1898/1886 791/1901/1889
f 791/1901/1889 891/1898/1886 792/1902/1890
f 792/1902/1890 891/1898/1886 793/1903/1891
f 793/1903/1891 891/1898/1886 794/1904/1892
f 794/1904/1892 891/1898/1886 890/1905/1893
f 794/1904/1892 890/1905/1893 795/1906/1894
f 795/1906/1894 890/1905/1893 796/1907/1895
f 796/1907/1895 890/1905/1893 797/1908/1896
f 797/1908/1896 890/1905/1893 798/1909/1897
f 798/1909/1897 890/1905/1893 799/1910/1898
f 799/1910/1898 890/1905/1893 800/1911/1899
f 800/1911/1899 890/1905/1893 889/1912/1900
f 800/1911/1899 889/1912/1900 1037/1913/1901
f 1037/1913/1901 889/1912/1900 1036/1914/1902
f 1036/1914/1902 889/1912/1900 888/1915/1903
f 1036/1914/1902 888/1915/1903 1035/1916/1904
f 1035/1916/1904 888/1915/1903 887/1917/1905
f 1035/1916/1904 887/1917/1905 1034/1918/1906
f 1034/1918/1906 887/1917/1905 886/1919/1907
f 1034/1918/1906 886/1919/1907 1033/1920/1908
f 1033/1920/1908 886/1919/1907 885/1921/1909
f 1033/1920/1908 885/1921/1909 1032/1922/1910
f 1032/1922/1910 885/1921/1909 884/1923/1911
f 1032/1922/1910 884/1923/1911 1031/1840/1828
f 1031/1840/1828 884/1923/1911 883/1835/1823
f 778/1924/1912 777/1925/1913 1037/1913/1901
f 1037/1913/1901 777/1925/1913 800/1911/1899
f 789/1899/1887 788/1926/1914 1039/1897/1885
f 1039/1897/1885 788/1926/1914 787/1927/1915
f 1039/1897/1885 787/1927/1915 786/1928/1916
f 1039/1897/1885 786/1928/1916 1038/1929/1917
f 1038/1929/1917 786/1928/1916 785/1930/1918
f 1038/1929/1917 785/1930/1918 784/1931/1919
f 784/1931/1919 783/1932/1920 1038/1929/1917
f 1038/1929/1917 783/1932/1920 782/1933/1921
f 1038/1929/1917 782/1933/1921 781/1934/1922
f 781/1934/1922 780/1935/1923 1038/1929/1917
f 1038/1929/1917 780/1935/1923 1037/1913/1901
f 1037/1913/1901 780/1935/1923 779/1936/1924
f 1037/1913/1901 779/1936/1924 778/1924/1912
f 1046/1937/1925 1064/1938/1926 1011/1939/1927
f 1011/1939/1927 1064/1938/1926 1065/1940/1928
f 1011/1941/1927 1065/1942/1928 1012/1943/1929
f 1012/1943/1929 1065/1942/1928 1066/1944/1930
f 1012/1943/1929 1066/1944/1930 1013/1945/1931
f 1013/1945/1931 1066/1944/1930 1067/1946/1932
f 1013/1945/1931 1067/1946/1932 1014/1947/1933
f 1014/1947/1933 1067/1946/1932 1068/1948/1934
f 1014/1947/1933 1068/1948/1934 1015/1949/1935
f 1015/1949/1935 1068/1948/1934 1069/1950/1936
f 1015/1949/1935 1069/1950/1936 1016/1951/1937
f 1016/1951/1937 1069/1950/1936 1070/1952/1938
f 1016/1951/1937 1070/1952/1938 1017/1953/1939
f 1017/1953/1939 1070/1952/1938 1071/1954/1940
f 1017/1953/1939 1071/1954/1940 1018/1955/1941
f 1018/1955/1941 1071/1954/1940 1072/1956/1942
f 1018/1955/1941 1072/1956/1942 1019/1957/1943
f 1019/1957/1943 1072/1956/1942 1073/1958/1944
f 1019/1957/1943 1073/1958/1944 1020/1959/1945
f 1020/1959/1945 1073/1958/1944 1074/1960/1946
f 1020/1959/1945 1074/1960/1946 1021/1961/1947
f 1021/1961/1947 1074/1960/1946 1075/1962/1948
f 1021/1961/1947 1075/1962/1948 1022/1963/1949
f 1022/1963/1949 1075/1962/1948 1076/1964/1950
f 1022/1963/1949 1076/1964/1950 1023/1965/1951
f 1023/1965/1951 1076/1964/1950 1077/1966/1952
f 1023/1965/1951 1077/1966/1952 1024/1967/1953
f 1024/1967/1953 1077/1966/1952 1078/1968/1954
f 1024/1967/1953 1078/1968/1954 1025/1969/1955
f 1025/1969/1955 1078/1968/1954 1079/1970/1956
f 1025/1969/1955 1079/1970/1956 1026/1971/1957
f 1026/1971/1957 1079/1970/1956 1080/1972/1958
f 1026/1971/1957 1080/1972/1958 1027/1973/1959
f 1027/1973/1959 1080/1972/1958 1081/1974/1960
f 1027/1973/1959 1081/1974/1960 1028/1975/1961
f 1028/1975/1961 1081/1974/1960 1082/1976/1962
f 1028/1975/1961 1082/1976/1962 1029/1977/1963
f 1029/1977/1963 1082/1976/1962 1047/1978/1964
f 1029/1977/1963 1047/1978/1964 1030/1979/1965
f 1030/1979/1965 1047/1978/1964 1048/1980/1966
f 1030/1979/1965 1048/1980/1966 1031/1981/1967
f 1031/1981/1967 1048/1980/1966 1049/1982/1968
f 1031/1981/1967 1049/1982/1968 1032/1983/1969
f 1032/1983/1969 1049/1982/1968 1050/1984/1970
f 1032/1983/1969 1050/1984/1970 1033/1985/1971
f 1033/1985/1971 1050/1984/1970 1051/1986/1972
f 1033/1985/1971 1051/1986/1972 1034/1987/1973
f 1034/1987/1973 1051/1986/1972 1052/1988/1974
f 1034/1987/1973 1052/1988/1974 1035/1989/1975
f 1035/1989/1975 1052/1988/1974 1053/1990/1976
f 1035/1989/1975 1053/1990/1976 1036/1991/1977
f 1036/1991/1977 1053/1990/1976 1054/1992/1978
f 1036/1991/1977 1054/1992/1978 1037/1993/1979
f 1037/1993/1979 1054/1992/1978 1055/1994/1980
f 1037/1993/1979 1055/1994/1980 1038/1995/1981
f 1038/1995/1981 1055/1994/1980 1056/1996/1982
f 1038/1995/1981 1056/1996/1982 1039/1997/1983
f 1039/1997/1983 1056/1996/1982 1057/1998/1984
f 1039/1997/1983 1057/1998/1984 1040/1999/1985
f 1040/1999/1985 1057/1998/1984 1058/2000/1986
f 1040/1999/1985 1058/2000/1986 1041/2001/1987
f 1041/2001/1987 1058/2000/1986 1059/2002/1988
f 1041/2001/1987 1059/2002/1988 1042/2003/1989
f 1042/2003/1989 1059/2002/1988 1060/2004/1990
f 1042/2003/1989 1060/2004/1990 1043/2005/1991
f 1043/2005/1991 1060/2004/1990 1061/2006/1992
f 1043/2005/1991 1061/2006/1992 1044/2007/1993
f 1044/2007/1993 1061/2006/1992 1062/2008/1994
f 1044/2007/1993 1062/2008/1994 1045/2009/1995
f 1045/2009/1995 1062/2008/1994 1063/2010/1996
f 1045/2009/1995 1063/2010/1996 1046/1937/1925
f 1046/1937/1925 1063/2010/1996 1064/1938/1926
f 1084/2011/1997 1148/2012/1998 1083/2013/1999
f 1083/2013/1999 1148/2012/1998 1116/2014/2000
f 1083/2015/1999 1116/2016/2000 1115/2017/2001
f 1115/2017/2001 1116/2016/2000 1117/2018/2002
f 1115/2017/2001 1117/2018/2002 1114/2019/2003
f 1114/2019/2003 1117/2018/2002 1118/2020/2004
f 1114/2019/2003 1118/2020/2004 1113/2021/2005
f 1113/2021/2005 1118/2020/2004 1119/2022/2006
f 1113/2021/2005 1119/2022/2006 1112/2023/2007
f 1112/2023/2007 1119/2022/2006 1120/2024/2008
f 1112/2023/2007 1120/2024/2008 1111/2025/2009
f 1111/2025/2009 1120/2024/2008 1121/2026/2010
f 1111/2025/2009 1121/2026/2010 1110/2027/2011
f 1110/2027/2011 1121/2026/2010 1122/2028/2012
f 1110/2027/2011 1122/2028/2012 1109/2029/2013
f 1109/2029/2013 1122/2028/2012 1123/2030/2014
f 1109/2029/2013 1123/2030/2014 1108/2031/2015
f 1108/2031/2015 1123/2030/2014 1124/2032/2016
f 1108/2031/2015 1124/2032/2016 1107/2033/2017
f 1107/2033/2017 1124/2032/2016 1125/2034/2018
f 1107/2033/2017 1125/2034/2018 1106/2035/2019
f 1106/2035/2019 1125/2034/2018 1126/2036/2020
f 1106/2035/2019 1126/2036/2020 1105/2037/2021
f 1105/2037/2021 1126/2036/2020 1127/2038/2022
f 1105/2037/2021 1127/2038/2022 1104/2039/2023
f 1104/2039/2023 1127/2038/2022 1128/2040/2024
f 1104/2039/2023 1128/2040/2024 1103/2041/2025
f 1103/2041/2025 1128/2040/2024 1129/2042/2026
f 1103/2041/2025 1129/2042/2026 1102/2043/2027
f 1102/2043/2027 1129/2042/2026 1130/2044/2028
f 1102/2043/2027 1130/2044/2028 1101/2045/2029
f 1101/2045/2029 1130/2044/2028 1131/2046/2030
f 1101/2045/2029 1131/2046/2030 1100/2047/2031
f 1100/2047/2031 1131/2046/2030 1132/2048/2032
f 1100/2047/2031 1132/2048/2032 1099/2049/2033
f 1099/2049/2033 1132/2048/2032 1133/2050/2034
f 1099/2049/2033 1133/2050/2034 1098/2051/2035
f 1098/2051/2035 1133/2050/2034 1134/2052/2036
f 1098/2051/2035 1134/2052/2036 1097/2053/2037
f 1097/2053/2037 1134/2052/2036 1135/2054/2038
f 1097/2053/2037 1135/2054/2038 1096/2055/2039
f 1096/2055/2039 1135/2054/2038 1136/2056/2040
f 1096/2055/2039 1136/2056/2040 1095/2057/2041
f 1095/2057/2041 1136/2056/2040 1137/2058/2042
f 1095/2057/2041 1137/2058/2042 1094/2059/2043
f 1094/2059/2043 1137/2058/2042 1138/2060/2044
f 1094/2059/2043 1138/2060/2044 1093/2061/2045
f 1093/2061/2045 1138/2060/2044 1139/2062/2046
f 1093/2061/2045 1139/2062/2046 1092/2063/2047
f 1092/2063/2047 1139/2062/2046 1140/2064/2048
f 1092/2063/2047 1140/2064/2048 1091/2065/2049
f 1091/2065/2049 1140/2064/2048 1141/2066/2050
f 1091/2065/2049 1141/2066/2050 1090/2067/2051
f 1090/2067/2051 1141/2066/2050 1142/2068/2052
f 1090/2067/2051 1142/2068/2052 1089/2069/2053
f 1089/2069/2053 1142/2068/2052 1143/2070/2054
f 1089/2069/2053 1143/2070/2054 1088/2071/2055
f 1088/2071/2055 1143/2070/2054 1144/2072/2056
f 1088/2071/2055 1144/2072/2056 1087/2073/2057
f 1087/2073/2057 1144/2072/2056 1145/2074/2058
f 1087/2073/2057 1145/2074/2058 1086/2075/2059
f 1086/2075/2059 1145/2074/2058 1146/2076/2060
f 1086/2075/2059 1146/2076/2060 1085/2077/2061
f 1085/2077/2061 1146/2076/2060 1147/2078/2062
f 1085/2077/2061 1147/2078/2062 1084/2011/1997
f 1084/2011/1997 1147/2078/2062 1148/2012/1998
f 1150/2079/2063 1196/2080/2064 1149/2081/2065
f 1149/2081/2065 1196/2080/2064 1173/2082/2066
f 1149/2083/2065 1173/2084/2066 1172/2085/2067
f 1172/2085/2067 1173/2084/2066 1174/2086/2068
f 1172/2085/2067 1174/2086/2068 1171/2087/2069
f 1171/2087/2069 1174/2086/2068 1175/2088/2070
f 1171/2087/2069 1175/2088/2070 1170/2089/2071
f 1170/2089/2071 1175/2088/2070 1176/2090/2072
f 1170/2089/2071 1176/2090/2072 1169/2091/2073
f 1169/2091/2073 1176/2090/2072 1177/2092/2074
f 1169/2091/2073 1177/2092/2074 1168/2093/2075
f 1168/2093/2075 1177/2092/2074 1178/2094/2076
f 1168/2093/2075 1178/2094/2076 1167/2095/2077
f 1167/2095/2077 1178/2094/2076 1179/2096/2078
f 1167/2095/2077 1179/2096/2078 1166/2097/2079
f 1166/2097/2079 1179/2096/2078 1180/2098/2080
f 1166/2097/2079 1180/2098/2080 1165/2099/2081
f 1165/2099/2081 1180/2098/2080 1181/2100/2082
f 1165/2099/2081 1181/2100/2082 1164/2101/2083
f 1164/2101/2083 1181/2100/2082 1182/2102/2084
f 1164/2101/2083 1182/2102/2084 1163/2103/2085
f 1163/2103/2085 1182/2102/2084 1183/2104/2086
f 1163/2103/2085 1183/2104/2086 1162/2105/2087
f 1162/2105/2087 1183/2104/2086 1184/2106/2088
f 1162/2105/2087 1184/2106/2088 1161/2107/2089
f 1161/2107/2089 1184/2106/2088 1185/2108/2090
f 1161/2107/2089 1185/2108/2090 1160/2109/2091
f 1160/2109/2091 1185/2108/2090 1186/2110/2092
f 1160/2109/2091 1186/2110/2092 1159/2111/2093
f 1159/2111/2093 1186/2110/2092 1187/2112/2094
f 1159/2111/2093 1187/2112/2094 1158/2113/2095
f 1158/2113/2095 1187/2112/2094 1188/2114/2096
f 1158/2113/2095 1188/2114/2096 1157/2115/2097
f 1157/2115/2097 1188/2114/2096 1189/2116/2098
f 1157/2115/2097 1189/2116/2098 1156/2117/2099
f 1156/2117/2099 1189/2116/2098 1190/2118/2100
f 1156/2117/2099 1190/2118/2100 1155/2119/2101
f 1155/2119/2101 1190/2118/2100 1191/2120/2102
f 1155/2119/2101 1191/2120/2102 1154/2121/2103
f 1154/2121/2103 1191/2120/2102 1192/2122/2104
f 1154/2121/2103 1192/2122/2104 1153/2123/2105
f 1153/2123/2105 1192/2122/2104 1193/2124/2106
f 1153/2123/2105 1193/2124/2106 1152/2125/2107
f 1152/2125/2107 1193/2124/2106 1194/2126/2108
f 1152/2125/2107 1194/2126/2108 1151/2127/2109
f 1151/2127/2109 1194/2126/2108 1195/2128/2110
f 1151/2127/2109 1195/2128/2110 1150/2079/2063
f 1150/2079/2063 1195/2128/2110 1196/2080/2064
f 1198/2129/2111 1244/2130/2112 1197/2131/2113
f 1197/2131/2113 1244/2130/2112 1221/2132/2114
f 1197/2133/2113 1221/2134/2114 1220/2135/2115
f 1220/2135/2115 1221/2134/2114 1222/2136/2116
f 1220/2135/2115 1222/2136/2116 1219/2137/2117
f 1219/2137/2117 1222/2136/2116 1223/2138/2118
f 1219/2137/2117 1223/2138/2118 1218/2139/2119
f 1218/2139/2119 1223/2138/2118 1224/2140/2120
f 1218/2139/2119 1224/2140/2120 1217/2141/2121
f 1217/2141/2121 1224/2140/2120 1225/2142/2122
f 1217/2141/2121 1225/2142/2122 1216/2143/2123
f 1216/2143/2123 1225/2142/2122 1226/2144/2124
f 1216/2143/2123 1226/2144/2124 1215/2145/2125
f 1215/2145/2125 1226/2144/2124 1227/2146/2126
f 1215/2145/2125 1227/2146/2126 1214/2147/2127
f 1214/2147/2127 1227/2146/2126 1228/2148/2128
f 1214/2147/2127 1228/2148/2128 1213/2149/2129
f 1213/2149/2129 1228/2148/2128 1229/2150/2130
f 1213/2149/2129 1229/2150/2130 1212/2151/2131
f 1212/2151/2131 1229/2150/2130 1230/2152/2132
f 1212/2151/2131 1230/2152/2132 1211/2153/2133
f 1211/2153/2133 1230/2152/2132 1231/2154/2134
f 1211/2153/2133 1231/2154/2134 1210/2155/2135
f 1210/2155/2135 1231/2154/2134 1232/2156/2136
f 1210/2155/2135 1232/2156/2136 1209/2157/2137
f 1209/2157/2137 1232/2156/2136 1233/2158/2138
f 1209/2157/2137 1233/2158/2138 1208/2159/2139
f 1208/2159/2139 1233/2158/2138 1234/2160/2140
f 1208/2159/2139 1234/2160/2140 1207/2161/2141
f 1207/2161/2141 1234/2160/2140 1235/2162/2142
f 1207/2161/2141 1235/2162/2142 1206/2163/2143
f 1206/2163/2143 1235/2162/2142 1236/2164/2144
f 1206/2163/2143 1236/2164/2144 1205/2165/2145
f 1205/2165/2145 1236/2164/2144 1237/2166/2146
f 1205/2165/2145 1237/2166/2146 1204/2167/2147
f 1204/2167/2147 1237/2166/2146 1238/2168/2148
f 1204/2167/2147 1238/2168/2148 1203/2169/2149
f 1203/2169/2149 1238/2168/2148 1239/2170/2150
f 1203/2169/2149 1239/2170/2150 1202/2171/2151
f 1202/2171/2151 1239/2170/2150 1240/2172/2152
f 1202/2171/2151 1240/2172/2152 1201/2173/2153
f 1201/2173/2153 1240/2172/2152 1241/2174/2154
f 1201/2173/2153 1241/2174/2154 1200/2175/2155
f 1200/2175/2155 1241/2174/2154 1242/2176/2156
f 1200/2175/2155 1242/2176/2156 1199/2177/2157
f 1199/2177/2157 1242/2176/2156 1243/2178/2158
f 1199/2177/2157 1243/2178/2158 1198/2129/2111
f 1198/2129/2111 1243/2178/2158 1244/2130/2112
f 1246/2179/2159 1292/2180/2160 1245/2181/2161
f 1245/2181/2161 1292/2180/2160 1269/2182/2162
f 1245/2183/2161 1269/2184/2162 1268/2185/2163
f 1268/2185/2163 1269/2184/2162 1270/2186/2164
f 1268/2185/2163 1270/2186/2164 1267/2187/2165
f 1267/2187/2165 1270/2186/2164 1271/2188/2166
f 1267/2187/2165 1271/2188/2166 1266/2189/2167
f 1266/2189/2167 1271/2188/2166 1272/2190/2168
f 1266/2189/2167 1272/2190/2168 1265/2191/2169
f 1265/2191/2169 1272/2190/2168 1273/2192/2170
f 1265/2191/2169 1273/2192/2170 1264/2193/2171
f 1264/2193/2171 1273/2192/2170 1274/2194/2172
f 1264/2193/2171 1274/2194/2172 1263/2195/2173
f 1263/2195/2173 1274/2194/2172 1275/2196/2174
f 1263/2195/2173 1275/2196/2174 1262/2197/2175
f 1262/2197/2175 1275/2196/2174 1276/2198/2176
f 1262/2197/2175 1276/2198/2176 1261/2199/2177
f 1261/2199/2177 1276/2198/2176 1277/2200/2178
f 1261/2199/2177 1277/2200/2178 1260/2201/2179
f 1260/2201/2179 1277/2200/2178 1278/2202/2180
f 1260/2201/2179 1278/2202/2180 1259/2203/2181
f 1259/2203/2181 1278/2202/2180 1279/2204/2182
f 1259/2203/2181 1279/2204/2182 1258/2205/2183
f 1258/2205/2183 1279/2204/2182 1280/2206/2184
f 1258/2205/2183 1280/2206/2184 1257/2207/2185
f 1257/2207/2185 1280/2206/2184 1281/2208/2186
f 1257/2207/2185 1281/2208/2186 1256/2209/2187
f 1256/2209/2187 1281/2208/2186 1282/2210/2188
f 1256/2209/2187 1282/2210/2188 1255/2211/2189
f 1255/2211/2189 1282/2210/2188 1283/2212/2190
f 1255/2211/2189 1283/2212/2190 1254/2213/2191
f 1254/2213/2191 1283/2212/2190 1284/2214/2192
f 1254/2213/2191 1284/2214/2192 1253/2215/2193
f 1253/2215/2193 1284/2214/2192 1285/2216/2194
f 1253/2215/2193 1285/2216/2194 1252/2217/2195
f 1252/2217/2195 1285/2216/2194 1286/2218/2196
f 1252/2217/2195 1286/2218/2196 1251/2219/2197
f 1251/2219/2197 1286/2218/2196 1287/2220/2198
f 1251/2219/2197 1287/2220/2198 1250/2221/2199
f 1250/2221/2199 1287/2220/2198 1288/2222/2200
f 1250/2221/2199 1288/2222/2200 1249/2223/2201
f 1249/2223/2201 1288/2222/2200 1289/2224/2202
f 1249/2223/2201 1289/2224/2202 1248/2225/2203
f 1248/2225/2203 1289/2224/2202 1290/2226/2204
f 1248/2225/2203 1290/2226/2204 1247/2227/2205
f 1247/2227/2205 1290/2226/2204 1291/2228/2206
f 1247/2227/2205 1291/2228/2206 1246/2179/2159
f 1246/2179/2159 1291/2228/2206 1292/2180/2160
f 1294/2229/2207 1340/2230/2208 1293/2231/2209
f 1293/2231/2209 1340/2230/2208 1317/2232/2210
f 1293/2233/2209 1317/2234/2210 1316/2235/2211
f 1316/2235/2211 1317/2234/2210 1318/2236/2212
f 1316/2235/2211 1318/2236/2212 1315/2237/2213
f 1315/2237/2213 1318/2236/2212 1319/2238/2214
f 1315/2237/2213 1319/2238/2214 1314/2239/2215
f 1314/2239/2215 1319/2238/2214 1320/2240/2216
f 1314/2239/2215 1320/2240/2216 1313/2241/2217
f 1313/2241/2217 1320/2240/2216 1321/2242/2218
f 1313/2241/2217 1321/2242/2218 1312/2243/2219
f 1312/2243/2219 1321/2242/2218 1322/2244/2220
f 1312/2243/2219 1322/2244/2220 1311/2245/2221
f 1311/2245/2221 1322/2244/2220 1323/2246/2222
f 1311/2245/2221 1323/2246/2222 1310/2247/2223
f 1310/2247/2223 1323/2246/2222 1324/2248/2224
f 1310/2247/2223 1324/2248/2224 1309/2249/2225
f 1309/2249/2225 1324/2248/2224 1325/2250/2226
f 1309/2249/2225 1325/2250/2226 1308/2251/2227
f 1308/2251/2227 1325/2250/2226 1326/2252/2228
f 1308/2251/2227 1326/2252/2228 1307/2253/2229
f 1307/2253/2229 1326/2252/2228 1327/2254/2230
f 1307/2253/2229 1327/2254/2230 1306/2255/2231
f 1306/2255/2231 1327/2254/2230 1328/2256/2232
f 1306/2255/2231 1328/2256/2232 1305/2257/2233
f 1305/2257/2233 1328/2256/2232 1329/2258/2234
f 1305/2257/2233 1329/2258/2234 1304/2259/2235
f 1304/2259/2235 1329/2258/2234 1330/2260/2236
f 1304/2259/2235 1330/2260/2236 1303/2261/2237
f 1303/2261/2237 1330/2260/2236 1331/2262/2238
f 1303/2261/2237 1331/2262/2238 1302/2263/2239
f 1302/2263/2239 1331/2262/2238 1332/2264/2240
f 1302/2263/2239 1332/2264/2240 1301/2265/2241
f 1301/2265/2241 1332/2264/2240 1333/2266/2242
f 1301/2265/2241 1333/2266/2242 1300/2267/2243
f 1300/2267/2243 1333/2266/2242 1334/2268/2244
f 1300/2267/2243 1334/2268/2244 1299/2269/2245
f 1299/2269/2245 1334/2268/2244 1335/2270/2246
f 1299/2269/2245 1335/2270/2246 1298/2271/2247
f 1298/2271/2247 1335/2270/2246 1336/2272/2248
f 1298/2271/2247 1336/2272/2248 1297/2273/2249
f 1297/2273/2249 1336/2272/2248 1337/2274/2250
f 1297/2273/2249 1337/2274/2250 1296/2275/2251
f 1296/2275/2251 1337/2274/2250 1338/2276/2252
f 1296/2275/2251 1338/2276/2252 1295/2277/2253
f 1295/2277/2253 1338/2276/2252 1339/2278/2254
f 1295/2277/2253 1339/2278/2254 1294/2229/2207
f 1294/2229/2207 1339/2278/2254 1340/2230/2208
f 1294/2279/2255 1293/2280/2256 1055/2281/2257
f 1055/2281/2257 1293/2280/2256 1316/2282/2258
f 1055/2281/2257 1316/2282/2258 1315/2283/2259
f 1315/2283/2259 1314/2284/2260 1055/2281/2257
f 1055/2281/2257 1314/2284/2260 1056/2285/2261
f 1056/2285/2261 1314/2284/2260 1313/2286/2262
f 1056/2285/2261 1313/2286/2262 1312/2287/2263
f 1312/2287/2263 1311/2288/2264 1056/2285/2261
f 1056/2285/2261 1311/2288/2264 1310/2289/2265
f 1056/2285/2261 1310/2289/2265 1309/2290/2266
f 1309/2290/2266 1308/2291/2267 1056/2285/2261
f 1056/2285/2261 1308/2291/2267 1057/2292/2268
f 1057/2292/2268 1308/2291/2267 1307/2293/2269
f 1057/2292/2268 1307/2293/2269 1306/2294/2270
f 1306/2294/2270 1305/2295/2271 1057/2292/2268
f 1057/2292/2268 1305/2295/2271 1107/2296/2272
f 1057/2292/2268 1107/2296/2272 1106/2297/2273
f 1305/2295/2271 1304/2298/2274 1107/2296/2272
f 1107/2296/2272 1304/2298/2274 1303/2299/2275
f 1107/2296/2272 1303/2299/2275 1302/2300/2276
f 1302/2300/2276 1301/2301/2277 1107/2296/2272
f 1107/2296/2272 1301/2301/2277 1300/2302/2278
f 1107/2296/2272 1300/2302/2278 1108/2303/2279
f 1108/2303/2279 1300/2302/2278 1299/2304/2280
f 1108/2303/2279 1299/2304/2280 1298/2305/2281
f 1298/2305/2281 1297/2306/2282 1108/2303/2279
f 1108/2303/2279 1297/2306/2282 1296/2307/2283
f 1108/2303/2279 1296/2307/2283 1295/2308/2284
f 1295/2308/2284 1294/2279/2255 1108/2303/2279
f 1108/2303/2279 1294/2279/2255 1109/2309/2285
f 1109/2309/2285 1294/2279/2255 1055/2281/2257
f 1109/2309/2285 1055/2281/2257 1054/2310/2286
f 1268/2311/2287 1100/2312/2288 1245/2313/2289
f 1245/2313/2289 1100/2312/2288 1099/2314/2290
f 1245/2313/2289 1099/2314/2290 1246/2315/2291
f 1246/2315/2291 1099/2314/2290 1247/2316/2292
f 1247/2316/2292 1099/2314/2290 1248/2317/2293
f 1248/2317/2293 1099/2314/2290 1249/2318/2294
f 1249/2318/2294 1099/2314/2290 1250/2319/2295
f 1250/2319/2295 1099/2314/2290 1251/2320/2296
f 1251/2320/2296 1099/2314/2290 1066/2321/2297
f 1251/2320/2296 1066/2321/2297 1252/2322/2298
f 1252/2322/2298 1066/2321/2297 1253/2323/2299
f 1253/2323/2299 1066/2321/2297 1254/2324/2300
f 1254/2324/2300 1066/2321/2297 1065/2325/2301
f 1254/2324/2300 1065/2325/2301 1255/2326/2302
f 1255/2326/2302 1065/2325/2301 1256/2327/2303
f 1256/2327/2303 1065/2325/2301 1257/2328/2304
f 1257/2328/2304 1065/2325/2301 1258/2329/2305
f 1258/2329/2305 1065/2325/2301 1259/2330/2306
f 1259/2330/2306 1065/2325/2301 1260/2331/2307
f 1260/2331/2307 1065/2325/2301 1064/2332/2308
f 1260/2331/2307 1064/2332/2308 1261/2333/2309
f 1261/2333/2309 1064/2332/2308 1262/2334/2310
f 1262/2334/2310 1064/2332/2308 1263/2335/2311
f 1263/2335/2311 1064/2332/2308 1100/2312/2288
f 1263/2335/2311 1100/2312/2288 1264/2336/2312
f 1264/2336/2312 1100/2312/2288 1265/2337/2313
f 1265/2337/2313 1100/2312/2288 1266/2338/2314
f 1266/2338/2314 1100/2312/2288 1267/2339/2315
f 1267/2339/2315 1100/2312/2288 1268/2311/2287
f 1198/2340/2316 1197/2341/2317 1075/2342/2318
f 1075/2342/2318 1197/2341/2317 1220/2343/2319
f 1075/2342/2318 1220/2343/2319 1090/2344/2320
f 1090/2344/2320 1220/2343/2319 1091/2345/2321
f 1091/2345/2321 1220/2343/2319 1219/2346/2322
f 1091/2345/2321 1219/2346/2322 1218/2347/2323
f 1218/2347/2323 1217/2348/2324 1091/2345/2321
f 1091/2345/2321 1217/2348/2324 1216/2349/2325
f 1091/2345/2321 1216/2349/2325 1215/2350/2326
f 1215/2350/2326 1214/2351/2327 1091/2345/2321
f 1091/2345/2321 1214/2351/2327 1092/2352/2328
f 1092/2352/2328 1214/2351/2327 1213/2353/2329
f 1092/2352/2328 1213/2353/2329 1212/2354/2330
f 1212/2354/2330 1211/2355/2331 1092/2352/2328
f 1092/2352/2328 1211/2355/2331 1210/2356/2332
f 1092/2352/2328 1210/2356/2332 1209/2357/2333
f 1092/2352/2328 1209/2357/2333 1073/2358/2334
f 1073/2358/2334 1209/2357/2333 1208/2359/2335
f 1073/2358/2334 1208/2359/2335 1207/2360/2336
f 1207/2360/2336 1206/2361/2337 1073/2358/2334
f 1073/2358/2334 1206/2361/2337 1074/2362/2338
f 1074/2362/2338 1206/2361/2337 1205/2363/2339
f 1074/2362/2338 1205/2363/2339 1204/2364/2340
f 1204/2364/2340 1203/2365/2341 1074/2362/2338
f 1074/2362/2338 1203/2365/2341 1202/2366/2342
f 1074/2362/2338 1202/2366/2342 1201/2367/2343
f 1201/2367/2343 1200/2368/2344 1074/2362/2338
f 1074/2362/2338 1200/2368/2344 1075/2342/2318
f 1075/2342/2318 1200/2368/2344 1199/2369/2345
f 1075/2342/2318 1199/2369/2345 1198/2340/2316
f 1150/2370/2346 1149/2371/2347 1047/2372/2348
f 1047/2372/2348 1149/2371/2347 1172/2373/2349
f 1047/2372/2348 1172/2373/2349 1171/2374/2350
f 1171/2374/2350 1170/2375/2351 1047/2372/2348
f 1047/2372/2348 1170/2375/2351 1048/2376/2352
f 1048/2376/2352 1170/2375/2351 1169/2377/2353
f 1048/2376/2352 1169/2377/2353 1168/2378/2354
f 1168/2378/2354 1167/2379/2355 1048/2376/2352
f 1048/2376/2352 1167/2379/2355 1115/2380/2356
f 1048/2376/2352 1115/2380/2356 1049/2381/2357
f 1049/2381/2357 1115/2380/2356 1114/2382/2358
f 1049/2381/2357 1114/2382/2358 1050/2383/2359
f 1050/2383/2359 1114/2382/2358 1113/2384/2360
f 1050/2383/2359 1113/2384/2360 1051/2385/2361
f 1051/2385/2361 1113/2384/2360 1112/2386/2362
f 1051/2385/2361 1112/2386/2362 1052/2387/2363
f 1052/2387/2363 1112/2386/2362 1111/2388/2364
f 1052/2387/2363 1111/2388/2364 1053/2389/2365
f 1053/2389/2365 1111/2388/2364 1110/2390/2366
f 1053/2389/2365 1110/2390/2366 1054/2310/2286
f 1054/2310/2286 1110/2390/2366 1109/2309/2285
f 1167/2379/2355 1166/2391/2367 1115/2380/2356
f 1115/2380/2356 1166/2391/2367 1165/2392/2368
f 1115/2380/2356 1165/2392/2368 1164/2393/2369
f 1115/2380/2356 1164/2393/2369 1083/2394/2370
f 1083/2394/2370 1164/2393/2369 1163/2395/2371
f 1083/2394/2370 1163/2395/2371 1162/2396/2372
f 1162/2396/2372 1161/2397/2373 1083/2394/2370
f 1083/2394/2370 1161/2397/2373 1160/2398/2374
f 1083/2394/2370 1160/2398/2374 1159/2399/2375
f 1159/2399/2375 1158/2400/2376 1083/2394/2370
f 1083/2394/2370 1158/2400/2376 1084/2401/2377
f 1084/2401/2377 1158/2400/2376 1157/2402/2378
f 1084/2401/2377 1157/2402/2378 1156/2403/2379
f 1156/2403/2379 1155/2404/2380 1084/2401/2377
f 1084/2401/2377 1155/2404/2380 1082/2405/2381
f 1084/2401/2377 1082/2405/2381 1081/2406/2382
f 1155/2404/2380 1154/2407/2383 1082/2405/2381
f 1082/2405/2381 1154/2407/2383 1153/2408/2384
f 1082/2405/2381 1153/2408/2384 1152/2409/2385
f 1082/2405/2381 1152/2409/2385 1047/2372/2348
f 1047/2372/2348 1152/2409/2385 1151/2410/2386
f 1047/2372/2348 1151/2410/2386 1150/2370/2346
f 1057/2292/2268 1106/2297/2273 1058/2411/2387
f 1058/2411/2387 1106/2297/2273 1105/2412/2388
f 1058/2411/2387 1105/2412/2388 1059/2413/2389
f 1059/2413/2389 1105/2412/2388 1060/2414/2390
f 1060/2414/2390 1105/2412/2388 1104/2415/2391
f 1060/2414/2390 1104/2415/2391 1061/2416/2392
f 1061/2416/2392 1104/2415/2391 1103/2417/2393
f 1061/2416/2392 1103/2417/2393 1062/2418/2394
f 1062/2418/2394 1103/2417/2393 1102/2419/2395
f 1062/2418/2394 1102/2419/2395 1063/2420/2396
f 1063/2420/2396 1102/2419/2395 1101/2421/2397
f 1063/2420/2396 1101/2421/2397 1064/2332/2308
f 1064/2332/2308 1101/2421/2397 1100/2312/2288
f 1099/2314/2290 1098/2422/2398 1066/2321/2297
f 1066/2321/2297 1098/2422/2398 1067/2423/2399
f 1067/2423/2399 1098/2422/2398 1097/2424/2400
f 1067/2423/2399 1097/2424/2400 1068/2425/2401
f 1068/2425/2401 1097/2424/2400 1096/2426/2402
f 1068/2425/2401 1096/2426/2402 1069/2427/2403
f 1069/2427/2403 1096/2426/2402 1095/2428/2404
f 1069/2427/2403 1095/2428/2404 1070/2429/2405
f 1070/2429/2405 1095/2428/2404 1094/2430/2406
f 1070/2429/2405 1094/2430/2406 1071/2431/2407
f 1071/2431/2407 1094/2430/2406 1072/2432/2408
f 1072/2432/2408 1094/2430/2406 1093/2433/2409
f 1072/2432/2408 1093/2433/2409 1073/2358/2334
f 1073/2358/2334 1093/2433/2409 1092/2352/2328
f 1075/2342/2318 1090/2344/2320 1076/2434/2410
f 1076/2434/2410 1090/2344/2320 1089/2435/2411
f 1076/2434/2410 1089/2435/2411 1077/2436/2412
f 1077/2436/2412 1089/2435/2411 1088/2437/2413
f 1077/2436/2412 1088/2437/2413 1078/2438/2414
f 1078/2438/2414 1088/2437/2413 1087/2439/2415
f 1078/2438/2414 1087/2439/2415 1079/2440/2416
f 1079/2440/2416 1087/2439/2415 1086/2441/2417
f 1079/2440/2416 1086/2441/2417 1080/2442/2418
f 1080/2442/2418 1086/2441/2417 1085/2443/2419
f 1080/2442/2418 1085/2443/2419 1081/2406/2382
f 1081/2406/2382 1085/2443/2419 1084/2401/2377
f 1318/2444/2420 1317/2445/2421 1367/2446/2422
f 1367/2446/2422 1317/2445/2421 1340/2447/2423
f 1367/2446/2422 1340/2447/2423 1123/2448/2424
f 1123/2448/2424 1340/2447/2423 1124/2449/2425
f 1124/2449/2425 1340/2447/2423 1339/2450/2426
f 1124/2449/2425 1339/2450/2426 1338/2451/2427
f 1338/2451/2427 1337/2452/2428 1124/2449/2425
f 1124/2449/2425 1337/2452/2428 1336/2453/2429
f 1124/2449/2425 1336/2453/2429 1335/2454/2430
f 1335/2454/2430 1334/2455/2431 1124/2449/2425
f 1124/2449/2425 1334/2455/2431 1125/2456/2432
f 1125/2456/2432 1334/2455/2431 1333/2457/2433
f 1125/2456/2432 1333/2457/2433 1332/2458/2434
f 1332/2458/2434 1331/2459/2435 1125/2456/2432
f 1125/2456/2432 1331/2459/2435 1330/2460/2436
f 1125/2456/2432 1330/2460/2436 1329/2461/2437
f 1125/2456/2432 1329/2461/2437 1369/2462/2438
f 1369/2462/2438 1329/2461/2437 1328/2463/2439
f 1369/2462/2438 1328/2463/2439 1327/2464/2440
f 1327/2464/2440 1326/2465/2441 1369/2462/2438
f 1369/2462/2438 1326/2465/2441 1368/2466/2442
f 1368/2466/2442 1326/2465/2441 1325/2467/2443
f 1368/2466/2442 1325/2467/2443 1324/2468/2444
f 1324/2468/2444 1323/2469/2445 1368/2466/2442
f 1368/2466/2442 1323/2469/2445 1322/2470/2446
f 1368/2466/2442 1322/2470/2446 1321/2471/2447
f 1321/2471/2447 1320/2472/2448 1368/2466/2442
f 1368/2466/2442 1320/2472/2448 1367/2446/2422
f 1367/2446/2422 1320/2472/2448 1319/2473/2449
f 1367/2446/2422 1319/2473/2449 1318/2444/2420
f 1292/2474/2450 1133/2475/2451 1269/2476/2452
f 1269/2476/2452 1133/2475/2451 1132/2477/2453
f 1269/2476/2452 1132/2477/2453 1270/2478/2454
f 1270/2478/2454 1132/2477/2453 1271/2479/2455
f 1271/2479/2455 1132/2477/2453 1272/2480/2456
f 1272/2480/2456 1132/2477/2453 1273/2481/2457
f 1273/2481/2457 1132/2477/2453 1274/2482/2458
f 1274/2482/2458 1132/2477/2453 1275/2483/2459
f 1275/2483/2459 1132/2477/2453 1376/2484/2460
f 1275/2483/2459 1376/2484/2460 1276/2485/2461
f 1276/2485/2461 1376/2484/2460 1277/2486/2462
f 1277/2486/2462 1376/2484/2460 1278/2487/2463
f 1278/2487/2463 1376/2484/2460 1341/2488/2464
f 1278/2487/2463 1341/2488/2464 1279/2489/2465
f 1279/2489/2465 1341/2488/2464 1280/2490/2466
f 1280/2490/2466 1341/2488/2464 1281/2491/2467
f 1281/2491/2467 1341/2488/2464 1282/2492/2468
f 1282/2492/2468 1341/2488/2464 1283/2493/2469
f 1283/2493/2469 1341/2488/2464 1284/2494/2470
f 1284/2494/2470 1341/2488/2464 1342/2495/2471
f 1284/2494/2470 1342/2495/2471 1285/2496/2472
f 1285/2496/2472 1342/2495/2471 1286/2497/2473
f 1286/2497/2473 1342/2495/2471 1287/2498/2474
f 1287/2498/2474 1342/2495/2471 1133/2475/2451
f 1287/2498/2474 1133/2475/2451 1288/2499/2475
f 1288/2499/2475 1133/2475/2451 1289/2500/2476
f 1289/2500/2476 1133/2475/2451 1290/2501/2477
f 1290/2501/2477 1133/2475/2451 1291/2502/2478
f 1291/2502/2478 1133/2475/2451 1292/2474/2450
f 1222/2503/2479 1221/2504/2480 1351/2505/2481
f 1351/2505/2481 1221/2504/2480 1244/2506/2482
f 1351/2505/2481 1244/2506/2482 1243/2507/2483
f 1243/2507/2483 1242/2508/2484 1351/2505/2481
f 1351/2505/2481 1242/2508/2484 1350/2509/2485
f 1350/2509/2485 1242/2508/2484 1241/2510/2486
f 1350/2509/2485 1241/2510/2486 1240/2511/2487
f 1240/2511/2487 1239/2512/2488 1350/2509/2485
f 1350/2509/2485 1239/2512/2488 1238/2513/2489
f 1350/2509/2485 1238/2513/2489 1237/2514/2490
f 1237/2514/2490 1236/2515/2491 1350/2509/2485
f 1350/2509/2485 1236/2515/2491 1349/2516/2492
f 1349/2516/2492 1236/2515/2491 1235/2517/2493
f 1349/2516/2492 1235/2517/2493 1234/2518/2494
f 1234/2518/2494 1233/2519/2495 1349/2516/2492
f 1349/2516/2492 1233/2519/2495 1140/2520/2496
f 1349/2516/2492 1140/2520/2496 1139/2521/2497
f 1233/2519/2495 1232/2522/2498 1140/2520/2496
f 1140/2520/2496 1232/2522/2498 1231/2523/2499
f 1140/2520/2496 1231/2523/2499 1230/2524/2500
f 1230/2524/2500 1229/2525/2501 1140/2520/2496
f 1140/2520/2496 1229/2525/2501 1228/2526/2502
f 1140/2520/2496 1228/2526/2502 1141/2527/2503
f 1141/2527/2503 1228/2526/2502 1227/2528/2504
f 1141/2527/2503 1227/2528/2504 1226/2529/2505
f 1226/2529/2505 1225/2530/2506 1141/2527/2503
f 1141/2527/2503 1225/2530/2506 1224/2531/2507
f 1141/2527/2503 1224/2531/2507 1223/2532/2508
f 1223/2532/2508 1222/2503/2479 1141/2527/2503
f 1141/2527/2503 1222/2503/2479 1142/2533/2509
f 1142/2533/2509 1222/2503/2479 1351/2505/2481
f 1142/2533/2509 1351/2505/2481 1352/2534/2510
f 1174/2535/2511 1173/2536/2512 1359/2537/2513
f 1359/2537/2513 1173/2536/2512 1196/2538/2514
f 1359/2537/2513 1196/2538/2514 1195/2539/2515
f 1195/2539/2515 1194/2540/2516 1359/2537/2513
f 1359/2537/2513 1194/2540/2516 1358/2541/2517
f 1358/2541/2517 1194/2540/2516 1193/2542/2518
f 1358/2541/2517 1193/2542/2518 1192/2543/2519
f 1192/2543/2519 1191/2544/2520 1358/2541/2517
f 1358/2541/2517 1191/2544/2520 1148/2545/2521
f 1358/2541/2517 1148/2545/2521 1357/2546/2522
f 1357/2546/2522 1148/2545/2521 1147/2547/2523
f 1357/2546/2522 1147/2547/2523 1356/2548/2524
f 1356/2548/2524 1147/2547/2523 1146/2549/2525
f 1356/2548/2524 1146/2549/2525 1355/2550/2526
f 1355/2550/2526 1146/2549/2525 1145/2551/2527
f 1355/2550/2526 1145/2551/2527 1354/2552/2528
f 1354/2552/2528 1145/2551/2527 1144/2553/2529
f 1354/2552/2528 1144/2553/2529 1353/2554/2530
f 1353/2554/2530 1144/2553/2529 1143/2555/2531
f 1353/2554/2530 1143/2555/2531 1352/2534/2510
f 1352/2534/2510 1143/2555/2531 1142/2533/2509
f 1191/2544/2520 1190/2556/2532 1148/2545/2521
f 1148/2545/2521 1190/2556/2532 1189/2557/2533
f 1148/2545/2521 1189/2557/2533 1188/2558/2534
f 1148/2545/2521 1188/2558/2534 1116/2559/2535
f 1116/2559/2535 1188/2558/2534 1187/2560/2536
f 1116/2559/2535 1187/2560/2536 1186/2561/2537
f 1186/2561/2537 1185/2562/2538 1116/2559/2535
f 1116/2559/2535 1185/2562/2538 1184/2563/2539
f 1116/2559/2535 1184/2563/2539 1183/2564/2540
f 1183/2564/2540 1182/2565/2541 1116/2559/2535
f 1116/2559/2535 1182/2565/2541 1117/2566/2542
f 1117/2566/2542 1182/2565/2541 1181/2567/2543
f 1117/2566/2542 1181/2567/2543 1180/2568/2544
f 1180/2568/2544 1179/2569/2545 1117/2566/2542
f 1117/2566/2542 1179/2569/2545 1360/2570/2546
f 1117/2566/2542 1360/2570/2546 1361/2571/2547
f 1179/2569/2545 1178/2572/2548 1360/2570/2546
f 1360/2570/2546 1178/2572/2548 1177/2573/2549
f 1360/2570/2546 1177/2573/2549 1176/2574/2550
f 1360/2570/2546 1176/2574/2550 1359/2537/2513
f 1359/2537/2513 1176/2574/2550 1175/2575/2551
f 1359/2537/2513 1175/2575/2551 1174/2535/2511
f 1349/2516/2492 1139/2521/2497 1348/2576/2552
f 1348/2576/2552 1139/2521/2497 1138/2577/2553
f 1348/2576/2552 1138/2577/2553 1347/2578/2554
f 1347/2578/2554 1138/2577/2553 1346/2579/2555
f 1346/2579/2555 1138/2577/2553 1137/2580/2556
f 1346/2579/2555 1137/2580/2556 1345/2581/2557
f 1345/2581/2557 1137/2580/2556 1136/2582/2558
f 1345/2581/2557 1136/2582/2558 1344/2583/2559
f 1344/2583/2559 1136/2582/2558 1135/2584/2560
f 1344/2583/2559 1135/2584/2560 1343/2585/2561
f 1343/2585/2561 1135/2584/2560 1134/2586/2562
f 1343/2585/2561 1134/2586/2562 1342/2495/2471
f 1342/2495/2471 1134/2586/2562 1133/2475/2451
f 1132/2477/2453 1131/2587/2563 1376/2484/2460
f 1376/2484/2460 1131/2587/2563 1375/2588/2564
f 1375/2588/2564 1131/2587/2563 1130/2589/2565
f 1375/2588/2564 1130/2589/2565 1374/2590/2566
f 1374/2590/2566 1130/2589/2565 1129/2591/2567
f 1374/2590/2566 1129/2591/2567 1373/2592/2568
f 1373/2592/2568 1129/2591/2567 1128/2593/2569
f 1373/2592/2568 1128/2593/2569 1372/2594/2570
f 1372/2594/2570 1128/2593/2569 1127/2595/2571
f 1372/2594/2570 1127/2595/2571 1371/2596/2572
f 1371/2596/2572 1127/2595/2571 1370/2597/2573
f 1370/2597/2573 1127/2595/2571 1126/2598/2574
f 1370/2597/2573 1126/2598/2574 1369/2462/2438
f 1369/2462/2438 1126/2598/2574 1125/2456/2432
f 1367/2446/2422 1123/2448/2424 1366/2599/2575
f 1366/2599/2575 1123/2448/2424 1122/2600/2576
f 1366/2599/2575 1122/2600/2576 1365/2601/2577
f 1365/2601/2577 1122/2600/2576 1121/2602/2578
f 1365/2601/2577 1121/2602/2578 1364/2603/2579
f 1364/2603/2579 1121/2602/2578 1120/2604/2580
f 1364/2603/2579 1120/2604/2580 1363/2605/2581
f 1363/2605/2581 1120/2604/2580 1119/2606/2582
f 1363/2605/2581 1119/2606/2582 1362/2607/2583
f 1362/2607/2583 1119/2606/2582 1118/2608/2584
f 1362/2607/2583 1118/2608/2584 1361/2571/2547
f 1361/2571/2547 1118/2608/2584 1117/2566/2542
f 465/2609/2585 709/2610/2586 466/2611/2587
f 466/2611/2587 709/2610/2586 708/2612/2588
f 466/2611/2587 708/2612/2588 707/2613/2589
f 706/2614/2590 460/2615/2591 707/2613/2589
f 707/2613/2589 460/2615/2591 467/2616/2592
f 707/2613/2589 467/2616/2592 466/2611/2587
f 710/2617/2593 709/2618/2594 464/2619/2595
f 464/2619/2595 709/2618/2594 465/2620/2596
f 461/2621/2597 705/2622/2598 462/2623/2599
f 462/2623/2599 705/2622/2598 712/2624/2600
f 462/2623/2599 712/2624/2600 463/2625/2601
f 463/2625/2601 712/2624/2600 711/2626/2602
f 463/2625/2601 711/2626/2602 464/2627/2603
f 464/2627/2603 711/2626/2602 710/2628/2604
f 706/2629/2605 705/2630/2606 460/2631/2607
f 460/2631/2607 705/2630/2606 461/2632/2608
f 701/2633/2609 700/2634/2610 459/2635/2611
f 459/2635/2611 700/2634/2610 452/2636/2612
f 456/2637/2613 704/2638/2614 457/2639/2615
f 457/2639/2615 704/2638/2614 703/2640/2616
f 457/2639/2615 703/2640/2616 458/2641/2617
f 458/2641/2617 703/2640/2616 702/2642/2618
f 458/2641/2617 702/2642/2618 459/2643/2619
f 459/2643/2619 702/2642/2618 701/2644/2620
f 697/2645/2621 704/2646/2622 455/2647/2623
f 455/2647/2623 704/2646/2622 456/2648/2624
f 452/2649/2625 700/2650/2626 453/2651/2627
f 453/2651/2627 700/2650/2626 699/2652/2628
f 453/2651/2627 699/2652/2628 698/2653/2629
f 697/2654/2630 455/2655/2631 698/2653/2629
f 698/2653/2629 455/2655/2631 454/2656/2632
f 698/2653/2629 454/2656/2632 453/2651/2627
f 449/2657/2633 693/2658/2634 450/2659/2635
f 450/2659/2635 693/2658/2634 692/2660/2636
f 450/2659/2635 692/2660/2636 691/2661/2637
f 690/2662/2638 444/2663/2639 691/2661/2637
f 691/2661/2637 444/2663/2639 451/2664/2640
f 691/2661/2637 451/2664/2640 450/2659/2635
f 694/2665/2641 693/2666/2642 448/2667/2643
f 448/2667/2643 693/2666/2642 449/2668/2644
f 445/2669/2645 689/2670/2646 446/2671/2647
f 446/2671/2647 689/2670/2646 696/2672/2648
f 446/2671/2647 696/2672/2648 447/2673/2649
f 447/2673/2649 696/2672/2648 695/2674/2650
f 447/2673/2649 695/2674/2650 448/2675/2651
f 448/2675/2651 695/2674/2650 694/2676/2652
f 690/2677/2653 689/2678/2654 444/2679/2655
f 444/2679/2655 689/2678/2654 445/2680/2656
f 685/2681/2657 684/2682/2658 443/2683/2659
f 443/2683/2659 684/2682/2658 436/2684/2660
f 440/2685/2661 688/2686/2662 441/2687/2663
f 441/2687/2663 688/2686/2662 687/2688/2664
f 441/2687/2663 687/2688/2664 686/2689/2665
f 685/2690/2666 443/2691/2667 686/2689/2665
f 686/2689/2665 443/2691/2667 442/2692/2668
f 686/2689/2665 442/2692/2668 441/2687/2663
f 681/2693/2669 688/2694/2670 439/2695/2671
f 439/2695/2671 688/2694/2670 440/2696/2672
f 436/2697/2673 684/2698/2674 437/2699/2675
f 437/2699/2675 684/2698/2674 683/2700/2676
f 437/2699/2675 683/2700/2676 438/2701/2677
f 438/2701/2677 683/2700/2676 682/2702/2678
f 438/2701/2677 682/2702/2678 439/2703/2679
f 439/2703/2679 682/2702/2678 681/2704/2680
f 677/2705/2681 676/2706/2682 435/2707/2683
f 435/2707/2683 676/2706/2682 428/2708/2684
f 432/2709/2685 680/2710/2686 433/2711/2687
f 433/2711/2687 680/2710/2686 679/2712/2688
f 433/2711/2687 679/2712/2688 434/2713/2689
f 434/2713/2689 679/2712/2688 678/2714/2690
f 434/2713/2689 678/2714/2690 435/2715/2691
f 435/2715/2691 678/2714/2690 677/2716/2692
f 673/2717/2693 680/2718/2694 431/2719/2695
f 431/2719/2695 680/2718/2694 432/2720/2696
f 428/2721/2697 676/2722/2698 429/2723/2699
f 429/2723/2699 676/2722/2698 675/2724/2700
f 429/2723/2699 675/2724/2700 674/2725/2701
f 673/2726/2702 431/2727/2703 674/2725/2701
f 674/2725/2701 431/2727/2703 430/2728/2704
f 674/2725/2701 430/2728/2704 429/2723/2699
f 425/2729/2705 669/2730/2706 426/2731/2707
f 426/2731/2707 669/2730/2706 668/2732/2708
f 426/2731/2707 668/2732/2708 667/2733/2709
f 666/2734/2710 420/2735/2711 667/2733/2709
f 667/2733/2709 420/2735/2711 427/2736/2712
f 667/2733/2709 427/2736/2712 426/2731/2707
f 670/2737/2713 669/2738/2714 424/2739/2715
f 424/2739/2715 669/2738/2714 425/2740/2716
f 421/2741/2717 665/2742/2718 422/2743/2719
f 422/2743/2719 665/2742/2718 672/2744/2720
f 422/2743/2719 672/2744/2720 423/2745/2721
f 423/2745/2721 672/2744/2720 671/2746/2722
f 423/2745/2721 671/2746/2722 424/2747/2723
f 424/2747/2723 671/2746/2722 670/2748/2724
f 666/2749/2725 665/2750/2726 420/2751/2727
f 420/2751/2727 665/2750/2726 421/2752/2728
f 417/2753/2729 661/2754/2730 418/2755/2731
f 418/2755/2731 661/2754/2730 660/2756/2732
f 418/2755/2731 660/2756/2732 659/2757/2733
f 658/2758/2734 412/2759/2735 659/2757/2733
f 659/2757/2733 412/2759/2735 419/2760/2736
f 659/2757/2733 419/2760/2736 418/2755/2731
f 662/2761/2737 661/2762/2738 416/2763/2739
f 416/2763/2739 661/2762/2738 417/2764/2740
f 413/2765/2741 657/2766/2742 414/2767/2743
f 414/2767/2743 657/2766/2742 664/2768/2744
f 414/2767/2743 664/2768/2744 415/2769/2745
f 415/2769/2745 664/2768/2744 663/2770/2746
f 415/2769/2745 663/2770/2746 416/2771/2747
f 416/2771/2747 663/2770/2746 662/2772/2748
f 658/2773/2749 657/2774/2750 412/2775/2751
f 412/2775/2751 657/2774/2750 413/2776/2752
f 409/2777/2753 653/2778/2754 410/2779/2755
f 410/2779/2755 653/2778/2754 652/2780/2756
f 410/2779/2755 652/2780/2756 651/2781/2757
f 650/2782/2758 404/2783/2759 651/2781/2757
f 651/2781/2757 404/2783/2759 411/2784/2760
f 651/2781/2757 411/2784/2760 410/2779/2755
f 654/2785/2761 653/2786/2762 408/2787/2763
f 408/2787/2763 653/2786/2762 409/2788/2764
f 405/2789/2765 649/2790/2766 406/2791/2767
f 406/2791/2767 649/2790/2766 656/2792/2768
f 406/2791/2767 656/2792/2768 407/2793/2769
f 407/2793/2769 656/2792/2768 655/2794/2770
f 407/2793/2769 655/2794/2770 408/2795/2771
f 408/2795/2771 655/2794/2770 654/2796/2772
f 650/2797/2773 649/2798/2774 404/2799/2775
f 404/2799/2775 649/2798/2774 405/2800/2776
f 1376/2801/2777 614/2802/2778 1341/2803/2779
f 1341/2803/2779 614/2802/2778 613/2804/2780
f 1341/2805/2779 613/2806/2780 1342/2807/2781
f 1342/2807/2781 613/2806/2780 648/2808/2782
f 1342/2807/2781 648/2808/2782 1343/2809/2783
f 1343/2809/2783 648/2808/2782 647/2810/2784
f 1343/2809/2783 647/2810/2784 1344/2811/2785
f 1344/2811/2785 647/2810/2784 646/2812/2786
f 1344/2811/2785 646/2812/2786 1345/2813/2787
f 1345/2813/2787 646/2812/2786 645/2814/2788
f 1345/2813/2787 645/2814/2788 1346/2815/2789
f 1346/2815/2789 645/2814/2788 644/2816/2790
f 1346/2815/2789 644/2816/2790 1347/2817/2791
f 1347/2817/2791 644/2816/2790 643/2818/2792
f 1347/2817/2791 643/2818/2792 1348/2819/2793
f 1348/2819/2793 643/2818/2792 642/2820/2794
f 1348/2819/2793 642/2820/2794 1349/2821/2795
f 1349/2821/2795 642/2820/2794 641/2822/2796
f 1349/2821/2795 641/2822/2796 1350/2823/2797
f 1350/2823/2797 641/2822/2796 640/2824/2798
f 1350/2823/2797 640/2824/2798 1351/2825/2799
f 1351/2825/2799 640/2824/2798 639/2826/2800
f 1351/2825/2799 639/2826/2800 1352/2827/2801
f 1352/2827/2801 639/2826/2800 638/2828/2802
f 1352/2827/2801 638/2828/2802 1353/2829/2803
f 1353/2829/2803 638/2828/2802 637/2830/2804
f 1353/2829/2803 637/2830/2804 1354/2831/2805
f 1354/2831/2805 637/2830/2804 636/2832/2806
f 1354/2831/2805 636/2832/2806 1355/2833/2807
f 1355/2833/2807 636/2832/2806 635/2834/2808
f 1355/2833/2807 635/2834/2808 1356/2835/2809
f 1356/2835/2809 635/2834/2808 634/2836/2810
f 1356/2835/2809 634/2836/2810 1357/2837/2811
f 1357/2837/2811 634/2836/2810 633/2838/2812
f 1357/2837/2811 633/2838/2812 1358/2839/2813
f 1358/2839/2813 633/2838/2812 632/2840/2814
f 1358/2839/2813 632/2840/2814 1359/2841/2815
f 1359/2841/2815 632/2840/2814 631/2842/2816
f 1359/2841/2815 631/2842/2816 1360/2843/2817
f 1360/2843/2817 631/2842/2816 630/2844/2818
f 1360/2843/2817 630/2844/2818 1361/2845/2819
f 1361/2845/2819 630/2844/2818 629/2846/2820
f 1361/2845/2819 629/2846/2820 1362/2847/2821
f 1362/2847/2821 629/2846/2820 628/2848/2822
f 1362/2847/2821 628/2848/2822 1363/2849/2823
f 1363/2849/2823 628/2848/2822 627/2850/2824
f 1363/2849/2823 627/2850/2824 1364/2851/2825
f 1364/2851/2825 627/2850/2824 626/2852/2826
f 1364/2851/2825 626/2852/2826 1365/2853/2827
f 1365/2853/2827 626/2852/2826 625/2854/2828
f 1365/2853/2827 625/2854/2828 1366/2855/2829
f 1366/2855/2829 625/2854/2828 624/2856/2830
f 1366/2855/2829 624/2856/2830 1367/2857/2831
f 1367/2857/2831 624/2856/2830 623/2858/2832
f 1367/2857/2831 623/2858/2832 1368/2859/2833
f 1368/2859/2833 623/2858/2832 622/2860/2834
f 1368/2859/2833 622/2860/2834 1369/2861/2835
f 1369/2861/2835 622/2860/2834 621/2862/2836
f 1369/2861/2835 621/2862/2836 1370/2863/2837
f 1370/2863/2837 621/2862/2836 620/2864/2838
f 1370/2863/2837 620/2864/2838 1371/2865/2839
f 1371/2865/2839 620/2864/2838 619/2866/2840
f 1371/2865/2839 619/2866/2840 1372/2867/2841
f 1372/2867/2841 619/2866/2840 618/2868/2842
f 1372/2867/2841 618/2868/2842 1373/2869/2843
f 1373/2869/2843 618/2868/2842 617/2870/2844
f 1373/2869/2843 617/2870/2844 1374/2871/2845
f 1374/2871/2845 617/2870/2844 616/2872/2846
f 1374/2871/2845 616/2872/2846 1375/2873/2847
f 1375/2873/2847 616/2872/2846 615/2874/2848
f 1375/2873/2847 615/2874/2848 1376/2801/2777
f 1376/2801/2777 615/2874/2848 614/2802/2778
f 609/2875/2849 608/2876/2850 367/2877/2851
f 367/2877/2851 608/2876/2850 360/2878/2852
f 364/2879/2853 612/2880/2854 365/2881/2855
f 365/2881/2855 612/2880/2854 611/2882/2856
f 365/2881/2855 611/2882/2856 366/2883/2857
f 366/2883/2857 611/2882/2856 610/2884/2858
f 366/2883/2857 610/2884/2858 367/2885/2859
f 367/2885/2859 610/2884/2858 609/2886/2860
f 605/2887/2861 612/2888/2862 363/2889/2863
f 363/2889/2863 612/2888/2862 364/2890/2864
f 360/2891/2865 608/2892/2866 361/2893/2867
f 361/2893/2867 608/2892/2866 607/2894/2868
f 361/2893/2867 607/2894/2868 606/2895/2869
f 605/2896/2870 363/2897/2871 606/2895/2869
f 606/2895/2869 363/2897/2871 362/2898/2872
f 606/2895/2869 362/2898/2872 361/2893/2867
f 357/2899/2873 601/2900/2874 358/2901/2875
f 358/2901/2875 601/2900/2874 600/2902/2876
f 358/2901/2875 600/2902/2876 599/2903/2877
f 598/2904/2878 352/2905/2879 599/2903/2877
f 599/2903/2877 352/2905/2879 359/2906/2880
f 599/2903/2877 359/2906/2880 358/2901/2875
f 602/2907/2881 601/2908/2882 356/2909/2883
f 356/2909/2883 601/2908/2882 357/2910/2884
f 353/2911/2885 597/2912/2886 354/2913/2887
f 354/2913/2887 597/2912/2886 604/2914/2888
f 354/2913/2887 604/2914/2888 355/2915/2889
f 355/2915/2889 604/2914/2888 603/2916/2890
f 355/2915/2889 603/2916/2890 356/2917/2891
f 356/2917/2891 603/2916/2890 602/2918/2892
f 598/2919/2893 597/2920/2894 352/2921/2895
f 352/2921/2895 597/2920/2894 353/2922/2896
f 593/2923/2897 592/2924/2898 351/2925/2899
f 351/2925/2899 592/2924/2898 344/2926/2900
f 348/2927/2901 596/2928/2902 349/2929/2903
f 349/2929/2903 596/2928/2902 595/2930/2904
f 349/2929/2903 595/2930/2904 350/2931/2905
f 350/2931/2905 595/2930/2904 594/2932/2906
f 350/2931/2905 594/2932/2906 351/2933/2907
f 351/2933/2907 594/2932/2906 593/2934/2908
f 589/2935/2909 596/2936/2910 347/2937/2911
f 347/2937/2911 596/2936/2910 348/2938/2912
f 344/2939/2913 592/2940/2914 345/2941/2915
f 345/2941/2915 592/2940/2914 591/2942/2916
f 345/2941/2915 591/2942/2916 590/2943/2917
f 589/2944/2918 347/2945/2919 590/2943/2917
f 590/2943/2917 347/2945/2919 346/2946/2920
f 590/2943/2917 346/2946/2920 345/2941/2915
f 585/2947/2921 584/2948/2922 343/2949/2923
f 343/2949/2923 584/2948/2922 336/2950/2924
f 340/2951/2925 588/2952/2926 341/2953/2927
f 341/2953/2927 588/2952/2926 587/2954/2928
f 341/2953/2927 587/2954/2928 342/2955/2929
f 342/2955/2929 587/2954/2928 586/2956/2930
f 342/2955/2929 586/2956/2930 343/2957/2931
f 343/2957/2931 586/2956/2930 585/2958/2932
f 581/2959/2933 588/2960/2934 339/2961/2935
f 339/2961/2935 588/2960/2934 340/2962/2936
f 336/2963/2937 584/2964/2938 337/2965/2939
f 337/2965/2939 584/2964/2938 583/2966/2940
f 337/2965/2939 583/2966/2940 582/2967/2941
f 581/2968/2942 339/2969/2943 582/2967/2941
f 582/2967/2941 339/2969/2943 338/2970/2944
f 582/2967/2941 338/2970/2944 337/2965/2939
f 333/2971/2945 577/2972/2946 334/2973/2947
f 334/2973/2947 577/2972/2946 576/2974/2948
f 334/2973/2947 576/2974/2948 575/2975/2949
f 574/2976/2950 328/2977/2951 575/2975/2949
f 575/2975/2949 328/2977/2951 335/2978/2952
f 575/2975/2949 335/2978/2952 334/2973/2947
f 578/2979/2953 577/2980/2954 332/2981/2955
f 332/2981/2955 577/2980/2954 333/2982/2956
f 329/2983/2957 573/2984/2958 330/2985/2959
f 330/2985/2959 573/2984/2958 580/2986/2960
f 330/2985/2959 580/2986/2960 331/2987/2961
f 331/2987/2961 580/2986/2960 579/2988/2962
f 331/2987/2961 579/2988/2962 332/2989/2963
f 332/2989/2963 579/2988/2962 578/2990/2964
f 574/2991/2965 573/2992/2966 328/2993/2967
f 328/2993/2967 573/2992/2966 329/2994/2968
f 569/2995/2969 568/2996/2970 327/2997/2971
f 327/2997/2971 568/2996/2970 320/2998/2972
f 324/2999/2973 572/3000/2974 325/3001/2975
f 325/3001/2975 572/3000/2974 571/3002/2976
f 325/3001/2975 571/3002/2976 326/3003/2977
f 326/3003/2977 571/3002/2976 570/3004/2978
f 326/3003/2977 570/3004/2978 327/3005/2979
f 327/3005/2979 570/3004/2978 569/3006/2980
f 565/3007/2981 572/3008/2982 323/3009/2983
f 323/3009/2983 572/3008/2982 324/3010/2984
f 320/3011/2985 568/3012/2986 321/3013/2987
f 321/3013/2987 568/3012/2986 567/3014/2988
f 321/3013/2987 567/3014/2988 566/3015/2989
f 565/3016/2990 323/3017/2991 566/3015/2989
f 566/3015/2989 323/3017/2991 322/3018/2992
f 566/3015/2989 322/3018/2992 321/3013/2987
f 561/3019/2993 560/3020/2994 319/3021/2995
f 319/3021/2995 560/3020/2994 312/3022/2996
f 316/3023/2997 564/3024/2998 317/3025/2999
f 317/3025/2999 564/3024/2998 563/3026/3000
f 317/3025/2999 563/3026/3000 318/3027/3001
f 318/3027/3001 563/3026/3000 562/3028/3002
f 318/3027/3001 562/3028/3002 319/3029/3003
f 319/3029/3003 562/3028/3002 561/3030/3004
f 557/3031/3005 564/3032/3006 315/3033/3007
f 315/3033/3007 564/3032/3006 316/3034/3008
f 312/3035/3009 560/3036/3010 313/3037/3011
f 313/3037/3011 560/3036/3010 559/3038/3012
f 313/3037/3011 559/3038/3012 558/3039/3013
f 557/3040/3014 315/3041/3015 558/3039/3013
f 558/3039/3013 315/3041/3015 314/3042/3016
f 558/3039/3013 314/3042/3016 313/3037/3011
f 309/3043/3017 553/3044/3018 310/3045/3019
f 310/3045/3019 553/3044/3018 552/3046/3020
f 310/3045/3019 552/3046/3020 551/3047/3021
f 550/3048/3022 304/3049/3023 551/3047/3021
f 551/3047/3021 304/3049/3023 311/3050/3024
f 551/3047/3021 311/3050/3024 310/3045/3019
f 554/3051/3025 553/3052/3026 308/3053/3027
f 308/3053/3027 553/3052/3026 309/3054/3028
f 305/3055/3029 549/3056/3030 306/3057/3031
f 306/3057/3031 549/3056/3030 556/3058/3032
f 306/3057/3031 556/3058/3032 307/3059/3033
f 307/3059/3033 556/3058/3032 555/3060/3034
f 307/3059/3033 555/3060/3034 308/3061/3035
f 308/3061/3035 555/3060/3034 554/3062/3036
f 550/3063/3037 549/3064/3038 304/3065/3039
f 304/3065/3039 549/3064/3038 305/3066/3040
f 545/3067/3041 544/3068/3042 303/3069/3043
f 303/3069/3043 544/3068/3042 296/3070/3044
f 300/3071/3045 548/3072/3046 301/3073/3047
f 301/3073/3047 548/3072/3046 547/3074/3048
f 301/3073/3047 547/3074/3048 302/3075/3049
f 302/3075/3049 547/3074/3048 546/3076/3050
f 302/3075/3049 546/3076/3050 303/3077/3051
f 303/3077/3051 546/3076/3050 545/3078/3052
f 541/3079/3053 548/3080/3054 299/3081/3055
f 299/3081/3055 548/3080/3054 300/3082/3056
f 296/3083/3057 544/3084/3058 297/3085/3059
f 297/3085/3059 544/3084/3058 543/3086/3060
f 297/3085/3059 543/3086/3060 542/3087/3061
f 541/3088/3062 299/3089/3063 542/3087/3061
f 542/3087/3061 299/3089/3063 298/3090/3064
f 542/3087/3061 298/3090/3064 297/3085/3059
f 293/3091/3065 537/3092/3066 294/3093/3067
f 294/3093/3067 537/3092/3066 536/3094/3068
f 294/3093/3067 536/3094/3068 535/3095/3069
f 534/3096/3070 288/3097/3071 535/3095/3069
f 535/3095/3069 288/3097/3071 295/3098/3072
f 535/3095/3069 295/3098/3072 294/3093/3067
f 538/3099/3073 537/3100/3074 292/3101/3075
f 292/3101/3075 537/3100/3074 293/3102/3076
f 289/3103/3077 533/3104/3078 290/3105/3079
f 290/3105/3079 533/3104/3078 540/3106/3080
f 290/3105/3079 540/3106/3080 291/3107/3081
f 291/3107/3081 540/3106/3080 539/3108/3082
f 291/3107/3081 539/3108/3082 292/3109/3083
f 292/3109/3083 539/3108/3082 538/3110/3084
f 534/3111/3085 533/3112/3086 288/3113/3087
f 288/3113/3087 533/3112/3086 289/3114/3088
f 529/3115/3089 528/3116/3090 287/3117/3091
f 287/3117/3091 528/3116/3090 280/3118/3092
f 284/3119/3093 532/3120/3094 285/3121/3095
f 285/3121/3095 532/3120/3094 531/3122/3096
f 285/3121/3095 531/3122/3096 286/3123/3097
f 286/3123/3097 531/3122/3096 530/3124/3098
f 286/3123/3097 530/3124/3098 287/3125/3099
f 287/3125/3099 530/3124/3098 529/3126/3100
f 525/3127/3101 532/3128/3102 283/3129/3103
f 283/3129/3103 532/3128/3102 284/3130/3104
f 280/3131/3105 528/3132/3106 281/3133/3107
f 281/3133/3107 528/3132/3106 527/3134/3108
f 281/3133/3107 527/3134/3108 526/3135/3109
f 525/3136/3110 283/3137/3111 526/3135/3109
f 526/3135/3109 283/3137/3111 282/3138/3112
f 526/3135/3109 282/3138/3112 281/3133/3107
f 521/3139/3113 520/3140/3114 279/3141/3115
f 279/3141/3115 520/3140/3114 272/3142/3116
f 276/3143/3117 524/3144/3118 277/3145/3119
f 277/3145/3119 524/3144/3118 523/3146/3120
f 277/3145/3119 523/3146/3120 278/3147/3121
f 278/3147/3121 523/3146/3120 522/3148/3122
f 278/3147/3121 522/3148/3122 279/3149/3123
f 279/3149/3123 522/3148/3122 521/3150/3124
f 517/3151/3125 524/3152/3126 275/3153/3127
f 275/3153/3127 524/3152/3126 276/3154/3128
f 272/3155/3129 520/3156/3130 273/3157/3131
f 273/3157/3131 520/3156/3130 519/3158/3132
f 273/3157/3131 519/3158/3132 518/3159/3133
f 517/3160/3134 275/3161/3135 518/3159/3133
f 518/3159/3133 275/3161/3135 274/3162/3136
f 518/3159/3133 274/3162/3136 273/3157/3131
f 11/3163/3137 271/3164/3138 7/3165/3139
f 7/3165/3139 271/3164/3138 514/3166/3140
f 7/3165/3139 514/3166/3140 10/3167/3141
f 10/3167/3141 514/3166/3140 12/3168/3142
f 514/3166/3140 271/3164/3138 13/3169/3143
f 13/3169/3143 271/3164/3138 270/3170/3144
f 13/3169/3143 270/3170/3144 14/3171/3145
f 17/3172/3146 515/3173/3147 13/3169/3143
f 13/3169/3143 515/3173/3147 514/3166/3140
f 10/3167/3141 8/3174/3148 7/3165/3139
# 1376 vertices
# 3174 texture params
# 3148 normals
# 2864 facets

# 1 groups
